Lesson,Section,Number,Kana,Kanji,Chinese,Type,Category,VerbGroup,動詞基本体_kana,動詞基本体_kanji,辭書形_kana,辭書形_kanji,ます形_kana,ます形_kanji,敬体_kana,敬体_kanji,ました形_kana,ました形_kanji,ません形_kana,ません形_kanji,て形_kana,て形_kanji,た形_kana,た形_kanji,否定形_kana,否定形_kanji,なかった形_kana,なかった形_kanji,ない形stem_kana,ない形stem_kanji,仮定形_kana,仮定形_kanji,可能形_kana,可能形_kanji,受身形_kana,受身形_kanji,使役形_kana,使役形_kanji,使役受身形_kana,使役受身形_kanji,命令形_kana,命令形_kanji,意向形_kana,意向形_kanji,ReviewFlag
1,単語,1,わたし,,我,Noun,people,,,,,,,,,,,,,,,,,,,,,,,,,,,,,,,,,,,,,,
1,単語,2,あなた,,你、您,Noun,people,,,,,,,,,,,,,,,,,,,,,,,,,,,,,,,,,,,,,,
1,単語,3,あの ひと (あの かた),あの 人 (あの 方),他、她、那個人，「あの かた」是「あの ひと」的禮貌說法,Phrase,expression,,,,,,,,,,,,,,,,,,,,,,,,,,,,,,,,,,,,,,
1,単語,4,〜さん,,〜先生、〜小姐、〜女士（稱呼人時，加在表示禮貌接在名字後面的接尾詞）,Phrase,expression,,,,,,,,,,,,,,,,,,,,,,,,,,,,,,,,,,,,,,
1,単語,5,〜ちゃん,,（代替「〜さん」接在小孩子名字後面的接尾詞）,Noun,position,,,,,,,,,,,,,,,,,,,,,,,,,,,,,,,,,,,,,,
1,単語,6,〜じん,〜人,〜人（表示國籍的接尾詞。例如：アメリカじん「美國人」）,Suffix,function,,,,,,,,,,,,,,,,,,,,,,,,,,,,,,,,,,,,,,
1,単語,7,せんせい,先生,老師（在指自己的職業時不使用）,Noun,occupation,,,,,,,,,,,,,,,,,,,,,,,,,,,,,,,,,,,,,,
1,単語,8,きょうし,教師,教師,Noun,occupation,,,,,,,,,,,,,,,,,,,,,,,,,,,,,,,,,,,,,,
1,単語,9,がくせい,学生,學生,Noun,occupation,,,,,,,,,,,,,,,,,,,,,,,,,,,,,,,,,,,,,,
1,単語,10,かいしゃいん,会社員,公司職員,Noun,occupation,,,,,,,,,,,,,,,,,,,,,,,,,,,,,,,,,,,,,,
1,単語,11,しゃいん,社員,公司職員（和公司名一起使用，例如：IMC の しゃいん）,Noun,occupation,,,,,,,,,,,,,,,,,,,,,,,,,,,,,,,,,,,,,,
1,単語,12,ぎんこういん,銀行員,銀行行員,Noun,occupation,,,,,,,,,,,,,,,,,,,,,,,,,,,,,,,,,,,,,,
1,単語,13,いしゃ,医者,醫生,Noun,occupation,,,,,,,,,,,,,,,,,,,,,,,,,,,,,,,,,,,,,,
1,単語,14,けんきゅうしゃ,研究者,研究人員,Noun,occupation,,,,,,,,,,,,,,,,,,,,,,,,,,,,,,,,,,,,,,
1,単語,15,だいがく,大学,大學,Noun,place,,,,,,,,,,,,,,,,,,,,,,,,,,,,,,,,,,,,,,
1,単語,16,びょういん,病院,醫院,Noun,place,,,,,,,,,,,,,,,,,,,,,,,,,,,,,,,,,,,,,,
1,単語,17,だれ (どなた),誰,誰（哪位）「どなた」是「だれ」的禮貌說法,Noun,people,,,,,,,,,,,,,,,,,,,,,,,,,,,,,,,,,,,,,,
1,単語,18,〜さい,〜歳,〜歲,Phrase,expression,,,,,,,,,,,,,,,,,,,,,,,,,,,,,,,,,,,,,,
1,単語,19,なんさい (おいくつ),何歳,幾歲，「おいくつ」是「なんさい」的禮貌說法,Phrase,expression,,,,,,,,,,,,,,,,,,,,,,,,,,,,,,,,,,,,,,
1,単語,20,はい,,是、對,Phrase,expression,,,,,,,,,,,,,,,,,,,,,,,,,,,,,,,,,,,,,,
1,単語,21,いいえ,,不、不是,Phrase,expression,,,,,,,,,,,,,,,,,,,,,,,,,,,,,,,,,,,,,,
1,練習C,1,はじめまして。,初めまして。,初次見面。（自我介紹時，最先講的話）,Phrase,greeting,,,,,,,,,,,,,,,,,,,,,,,,,,,,,,,,,,,,,,
1,練習C,2,〜から きました。,〜から 来ました。,是從〜來的。,Phrase,expression,,,,,,,,,,,,,,,,,,,,,,,,,,,,,,,,,,,,,,
1,練習C,3,「どうぞ」よろしく「おねがいします」。,「どうぞ」よろしく「お願いします」。,請多關照。／請多指教。（自我介紹時，最後講的話）,Phrase,greeting,,,,,,,,,,,,,,,,,,,,,,,,,,,,,,,,,,,,,,
1,練習C,4,しつれいですが,失礼ですが,抱歉，請問……,Phrase,greeting,,,,,,,,,,,,,,,,,,,,,,,,,,,,,,,,,,,,,,
1,練習C,5,おなまえは？,お名前は？,您貴姓？您叫什麼名字？,Phrase,expression,,,,,,,,,,,,,,,,,,,,,,,,,,,,,,,,,,,,,,
1,練習C,6,こちらは 〜さんです。,,這位是～。,Phrase,expression,,,,,,,,,,,,,,,,,,,,,,,,,,,,,,,,,,,,,,
1,関連単語,1,アメリカ,,美國,Noun,country,,,,,,,,,,,,,,,,,,,,,,,,,,,,,,,,,,,,,,
1,関連単語,2,イギリス,,英國,Noun,country,,,,,,,,,,,,,,,,,,,,,,,,,,,,,,,,,,,,,,
1,関連単語,3,インド,,印度,Noun,country,,,,,,,,,,,,,,,,,,,,,,,,,,,,,,,,,,,,,,
1,関連単語,4,インドネシア,,印度尼西亞、印尼,Noun,country,,,,,,,,,,,,,,,,,,,,,,,,,,,,,,,,,,,,,,
1,関連単語,5,かんこく,韓国,韓國,Noun,country,,,,,,,,,,,,,,,,,,,,,,,,,,,,,,,,,,,,,,
1,関連単語,6,タイ,,泰國,Noun,country,,,,,,,,,,,,,,,,,,,,,,,,,,,,,,,,,,,,,,
1,関連単語,7,ちゅうごく,中国,中國,Noun,country,,,,,,,,,,,,,,,,,,,,,,,,,,,,,,,,,,,,,,
1,関連単語,8,ドイツ,,德國,Noun,country,,,,,,,,,,,,,,,,,,,,,,,,,,,,,,,,,,,,,,
1,関連単語,9,にほん,日本,日本,Noun,object,,,,,,,,,,,,,,,,,,,,,,,,,,,,,,,,,,,,,,
1,関連単語,10,ブラジル,,巴西,Noun,country,,,,,,,,,,,,,,,,,,,,,,,,,,,,,,,,,,,,,,
1,関連単語,11,アイエムシー,IMC,IMC（虛構的公司名）,Noun,proper-noun,,,,,,,,,,,,,,,,,,,,,,,,,,,,,,,,,,,,,,
1,関連単語,12,パワーでんき,パワー電気,動力電器（虛構的公司名）,Noun,proper-noun,,,,,,,,,,,,,,,,,,,,,,,,,,,,,,,,,,,,,,
1,関連単語,13,ブラジルエアー,,巴西航空公司（虛構的公司名）,Noun,proper-noun,,,,,,,,,,,,,,,,,,,,,,,,,,,,,,,,,,,,,,
1,関連単語,14,エーケーシー,AKC,AKC 研究所中心（虛構的機構名）,Phrase,proper-noun,,,,,,,,,,,,,,,,,,,,,,,,,,,,,,,,,,,,,,
1,関連単語,15,こうべびょういん,神戸病院,神戶醫院（虛構的醫院名）,Noun,proper-noun,,,,,,,,,,,,,,,,,,,,,,,,,,,,,,,,,,,,,,
1,関連単語,16,さくらだいがく,さくら大学,櫻花大學（虛構的大學名）,Noun,proper-noun,,,,,,,,,,,,,,,,,,,,,,,,,,,,,,,,,,,,,,
1,関連単語,17,ふじだいがく,富士大学,富士大學（虛構的大學名）,Noun,proper-noun,,,,,,,,,,,,,,,,,,,,,,,,,,,,,,,,,,,,,,
2,単語,1,これ,,這（離說話者近的東西）,Noun,position,,,,,,,,,,,,,,,,,,,,,,,,,,,,,,,,,,,,,,
2,単語,2,それ,,那（離聽者近的東西）,Pronoun,function,,,,,,,,,,,,,,,,,,,,,,,,,,,,,,,,,,,,,,
2,単語,3,あれ,,那（離說話者、聽者都遠的東西）,Noun,position,,,,,,,,,,,,,,,,,,,,,,,,,,,,,,,,,,,,,,
2,単語,4,この〜*,,這個〜,Phrase,expression,,,,,,,,,,,,,,,,,,,,,,,,,,,,,,,,,,,,,,
2,単語,5,その〜*,,那個〜,Phrase,expression,,,,,,,,,,,,,,,,,,,,,,,,,,,,,,,,,,,,,,
2,単語,6,あの〜*,,那個〜,Phrase,expression,,,,,,,,,,,,,,,,,,,,,,,,,,,,,,,,,,,,,,
2,単語,7,ほん,本,書,Noun,language-study,,,,,,,,,,,,,,,,,,,,,,,,,,,,,,,,,,,,,,
2,単語,8,じしょ,辞書,字典,Noun,stationery,,,,,,,,,,,,,,,,,,,,,,,,,,,,,,,,,,,,,,
2,単語,9,ざっし,雑誌,雜誌,Noun,stationery,,,,,,,,,,,,,,,,,,,,,,,,,,,,,,,,,,,,,,
2,単語,10,しんぶん,新聞,報紙,Noun,stationery,,,,,,,,,,,,,,,,,,,,,,,,,,,,,,,,,,,,,,
2,単語,11,ノート,,筆記本,Noun,stationery,,,,,,,,,,,,,,,,,,,,,,,,,,,,,,,,,,,,,,
2,単語,12,てちょう,手帳,記事本,Noun,stationery,,,,,,,,,,,,,,,,,,,,,,,,,,,,,,,,,,,,,,
2,単語,13,めいし,名刺,名片,Noun,stationery,,,,,,,,,,,,,,,,,,,,,,,,,,,,,,,,,,,,,,
2,単語,14,カード,,卡片,Noun,stationery,,,,,,,,,,,,,,,,,,,,,,,,,,,,,,,,,,,,,,
2,単語,15,えんぴつ,鉛筆,鉛筆,Noun,stationery,,,,,,,,,,,,,,,,,,,,,,,,,,,,,,,,,,,,,,
2,単語,16,ボールペン,,原子筆,Noun,stationery,,,,,,,,,,,,,,,,,,,,,,,,,,,,,,,,,,,,,,
2,単語,17,シャープペンシル,,自動鉛筆,Noun,stationery,,,,,,,,,,,,,,,,,,,,,,,,,,,,,,,,,,,,,,
2,単語,18,かぎ,,鑰匙,Noun,object,,,,,,,,,,,,,,,,,,,,,,,,,,,,,,,,,,,,,,
2,単語,19,とけい,時計,鐘錶,Noun,object,,,,,,,,,,,,,,,,,,,,,,,,,,,,,,,,,,,,,,
2,単語,20,かさ,傘,傘,Noun,object,,,,,,,,,,,,,,,,,,,,,,,,,,,,,,,,,,,,,,
2,単語,21,かばん,,皮包、提包,Noun,object,,,,,,,,,,,,,,,,,,,,,,,,,,,,,,,,,,,,,,
2,単語,22,シーディー,CD,CD、光碟,Noun,electronics,,,,,,,,,,,,,,,,,,,,,,,,,,,,,,,,,,,,,,
2,単語,23,テレビ,,電視,Noun,electronics,,,,,,,,,,,,,,,,,,,,,,,,,,,,,,,,,,,,,,
2,単語,24,ラジオ,,收音機,Noun,electronics,,,,,,,,,,,,,,,,,,,,,,,,,,,,,,,,,,,,,,
2,単語,25,カメラ,,照相機,Noun,electronics,,,,,,,,,,,,,,,,,,,,,,,,,,,,,,,,,,,,,,
2,単語,26,コンピューター,,電腦,Noun,electronics,,,,,,,,,,,,,,,,,,,,,,,,,,,,,,,,,,,,,,
2,単語,27,くるま,車,汽車,Noun,transport,,,,,,,,,,,,,,,,,,,,,,,,,,,,,,,,,,,,,,
2,単語,28,つくえ,机,桌子,Noun,furniture,,,,,,,,,,,,,,,,,,,,,,,,,,,,,,,,,,,,,,
2,単語,29,いす,,椅子,Noun,furniture,,,,,,,,,,,,,,,,,,,,,,,,,,,,,,,,,,,,,,
2,単語,30,チョコレート,,巧克力,Noun,food-drink,,,,,,,,,,,,,,,,,,,,,,,,,,,,,,,,,,,,,,
2,単語,31,コーヒー,,咖啡,Noun,food-drink,,,,,,,,,,,,,,,,,,,,,,,,,,,,,,,,,,,,,,
2,単語,32,「お」みやげ,「お」土産,伴手禮、土產,Noun,object,,,,,,,,,,,,,,,,,,,,,,,,,,,,,,,,,,,,,,
2,単語,33,えいご,英語,英語,Noun,language-study,,,,,,,,,,,,,,,,,,,,,,,,,,,,,,,,,,,,,,
2,単語,34,にほんご,日本語,日語,Noun,language-study,,,,,,,,,,,,,,,,,,,,,,,,,,,,,,,,,,,,,,
2,単語,35,〜ご,〜語,〜語,Phrase,expression,,,,,,,,,,,,,,,,,,,,,,,,,,,,,,,,,,,,,,
2,単語,36,なん,何,什麼,Noun,object,,,,,,,,,,,,,,,,,,,,,,,,,,,,,,,,,,,,,,
2,単語,37,そう,,是的,Phrase,expression,,,,,,,,,,,,,,,,,,,,,,,,,,,,,,,,,,,,,,
2,会話,1,これから おせわに なります。,これから お世話に なります。,今後將承蒙您的照顧。,Phrase,expression,,,,,,,,,,,,,,,,,,,,,,,,,,,,,,,,,,,,,,
2,会話,2,こちらこそ「どうぞ」よろしく「おねがいします」。,こちらこそ「どうぞ」よろしく「お願いします」。,哪裡哪裡，也請您多多指教。（用於回應「どうぞよろしく」）,Phrase,expression,,,,,,,,,,,,,,,,,,,,,,,,,,,,,,,,,,,,,,
2,練習C,1,あのう,,那個……（用於以客氣、躊躇的心理對對方打招呼時）,Phrase,expression,,,,,,,,,,,,,,,,,,,,,,,,,,,,,,,,,,,,,,
2,練習C,2,えっ,,咦……（聽到意外的消息時發出的驚歎）,Phrase,expression,,,,,,,,,,,,,,,,,,,,,,,,,,,,,,,,,,,,,,
2,練習C,3,どうぞ。,,請。（用於勸別人做某事時）,Phrase,expression,,,,,,,,,,,,,,,,,,,,,,,,,,,,,,,,,,,,,,
2,練習C,4,「どうも」ありがとうございます。,,謝謝。,Phrase,greeting,,,,,,,,,,,,,,,,,,,,,,,,,,,,,,,,,,,,,,
2,練習C,5,そうですか。,,這樣啊。,Phrase,expression,,,,,,,,,,,,,,,,,,,,,,,,,,,,,,,,,,,,,,
2,練習C,6,ちがいます。,違います。,不是。,Verb,v-other,I,ちがう,違う,ちがう,違う,ちがいます,違います,ちがいます,違います,ちがいました,違いました,ちがいません,違いません,ちがって,違って,ちがった,違った,ちがわない,違わない,ちがわなかった,違わなかった,ちがわ,違わ,ちがえば,違えば,ちがえる,違える,ちがわれる,違われる,ちがわせる,違わせる,ちがわせられる,違わせられる,ちがえ,違え,ちがおう,違おう,inferred-group
2,練習C,7,あ,,啊（用於意識到什麼時）,Noun,object,,,,,,,,,,,,,,,,,,,,,,,,,,,,,,,,,,,,,,
3,単語,1,ここ,,這裡（離說話人近的場所）,Noun,place,,,,,,,,,,,,,,,,,,,,,,,,,,,,,,,,,,,,,,
3,単語,2,そこ,,那裡（離聽話人近的場所）,Noun,place,,,,,,,,,,,,,,,,,,,,,,,,,,,,,,,,,,,,,,
3,単語,3,あそこ,,那裡（離說話人、聽話人都遠的場所）,Noun,place,,,,,,,,,,,,,,,,,,,,,,,,,,,,,,,,,,,,,,
3,単語,4,どこ,,哪裡,Noun,position,,,,,,,,,,,,,,,,,,,,,,,,,,,,,,,,,,,,,,
3,単語,5,こちら,,這邊（「ここ」的禮貌用語）,Noun,position,,,,,,,,,,,,,,,,,,,,,,,,,,,,,,,,,,,,,,
3,単語,6,そちら,,那邊（「そこ」的禮貌用語）,Pronoun,function,,,,,,,,,,,,,,,,,,,,,,,,,,,,,,,,,,,,,,
3,単語,7,あちら,,那邊（「あそこ」的禮貌用語）,Noun,position,,,,,,,,,,,,,,,,,,,,,,,,,,,,,,,,,,,,,,
3,単語,8,どちら,,哪邊（「どこ」的禮貌用語）,Noun,position,,,,,,,,,,,,,,,,,,,,,,,,,,,,,,,,,,,,,,
3,単語,9,きょうしつ,教室,教室,Noun,place,,,,,,,,,,,,,,,,,,,,,,,,,,,,,,,,,,,,,,
3,単語,10,しょくどう,食堂,食堂、餐廳,Noun,place,,,,,,,,,,,,,,,,,,,,,,,,,,,,,,,,,,,,,,
3,単語,11,じむしょ,事務所,辦事處、事務所,Noun,place,,,,,,,,,,,,,,,,,,,,,,,,,,,,,,,,,,,,,,
3,単語,12,かいぎしつ,会議室,會議室,Noun,place,,,,,,,,,,,,,,,,,,,,,,,,,,,,,,,,,,,,,,
3,単語,13,うけつけ,受付,接待處、服務台,Noun,place,,,,,,,,,,,,,,,,,,,,,,,,,,,,,,,,,,,,,,
3,単語,14,ロビー,,大廳、休息室,Noun,place,,,,,,,,,,,,,,,,,,,,,,,,,,,,,,,,,,,,,,
3,単語,15,へや,部屋,房間,Noun,place,,,,,,,,,,,,,,,,,,,,,,,,,,,,,,,,,,,,,,
3,単語,16,トイレ (おてあらい),(お手洗い),廁所（洗手間）,Noun,place,,,,,,,,,,,,,,,,,,,,,,,,,,,,,,,,,,,,,,
3,単語,17,かいだん,階段,樓梯,Noun,place,,,,,,,,,,,,,,,,,,,,,,,,,,,,,,,,,,,,,,
3,単語,18,エレベーター,,電梯,Noun,place,,,,,,,,,,,,,,,,,,,,,,,,,,,,,,,,,,,,,,
3,単語,19,エスカレーター,,電扶梯,Noun,place,,,,,,,,,,,,,,,,,,,,,,,,,,,,,,,,,,,,,,
3,単語,20,じどうはんばいき,自動販売機,自動販賣機,Noun,electronics,,,,,,,,,,,,,,,,,,,,,,,,,,,,,,,,,,,,,,
3,単語,21,でんわ,電話,電話,Noun,communication,,,,,,,,,,,,,,,,,,,,,,,,,,,,,,,,,,,,,,
3,単語,22,「お」くに,「お」国,國家、故鄉,Noun,place,,,,,,,,,,,,,,,,,,,,,,,,,,,,,,,,,,,,,,
3,単語,23,かいしゃ,会社,公司,Noun,place,,,,,,,,,,,,,,,,,,,,,,,,,,,,,,,,,,,,,,
3,単語,24,うち,,家,Noun,object,,,,,,,,,,,,,,,,,,,,,,,,,,,,,,,,,,,,,,
3,単語,25,くつ,靴,鞋子,Noun,clothing,,,,,,,,,,,,,,,,,,,,,,,,,,,,,,,,,,,,,,
3,単語,26,ネクタイ,,領帶,Noun,clothing,,,,,,,,,,,,,,,,,,,,,,,,,,,,,,,,,,,,,,
3,単語,27,ワイン,,葡萄酒,Noun,food-drink,,,,,,,,,,,,,,,,,,,,,,,,,,,,,,,,,,,,,,
3,単語,28,うりば,売り場,賣場、專櫃,Noun,place,,,,,,,,,,,,,,,,,,,,,,,,,,,,,,,,,,,,,,
3,単語,29,ちか,地下,地下,Noun,position,,,,,,,,,,,,,,,,,,,,,,,,,,,,,,,,,,,,,,
3,単語,30,〜かい (〜がい),〜階,…樓,Phrase,expression,,,,,,,,,,,,,,,,,,,,,,,,,,,,,,,,,,,,,,
3,単語,31,なんがい,何階,幾樓,Noun,number-quantity,,,,,,,,,,,,,,,,,,,,,,,,,,,,,,,,,,,,,,
3,単語,32,〜えん,〜円,…日圓,Phrase,expression,,,,,,,,,,,,,,,,,,,,,,,,,,,,,,,,,,,,,,
3,単語,33,いくら,,多少錢,Noun,money-shopping,,,,,,,,,,,,,,,,,,,,,,,,,,,,,,,,,,,,,,
3,単語,34,ひゃく,百,百,Noun,number-quantity,,,,,,,,,,,,,,,,,,,,,,,,,,,,,,,,,,,,,,
3,単語,35,せん,千,千,Noun,number-quantity,,,,,,,,,,,,,,,,,,,,,,,,,,,,,,,,,,,,,,
3,単語,36,まん,万,萬,Noun,number-quantity,,,,,,,,,,,,,,,,,,,,,,,,,,,,,,,,,,,,,,
3,会話,1,いらっしゃいませ。,,歡迎光臨。（用於招呼來店的客人）,Phrase,greeting,,,,,,,,,,,,,,,,,,,,,,,,,,,,,,,,,,,,,,
3,会話,2,「〜を」みせて ください。,「〜を」見せて ください。,請讓我看一看〔～〕。,Phrase,expression,,,,,,,,,,,,,,,,,,,,,,,,,,,,,,,,,,,,,,
3,会話,3,じゃ,,那麼,Phrase,expression,,,,,,,,,,,,,,,,,,,,,,,,,,,,,,,,,,,,,,
3,会話,4,「〜を」ください。,,請給我〔～〕。,Phrase,expression,,,,,,,,,,,,,,,,,,,,,,,,,,,,,,,,,,,,,,
3,練習C,1,すみません。,,對不起。／抱歉。,Phrase,greeting,,,,,,,,,,,,,,,,,,,,,,,,,,,,,,,,,,,,,,
3,練習C,2,どうも。,,謝謝。,Phrase,greeting,,,,,,,,,,,,,,,,,,,,,,,,,,,,,,,,,,,,,,
3,関連単語,1,イタリア,,義大利,Noun,country,,,,,,,,,,,,,,,,,,,,,,,,,,,,,,,,,,,,,,
3,関連単語,2,スイス,,瑞士,Noun,country,,,,,,,,,,,,,,,,,,,,,,,,,,,,,,,,,,,,,,
3,関連単語,3,フランス,,法國,Noun,country,,,,,,,,,,,,,,,,,,,,,,,,,,,,,,,,,,,,,,
3,関連単語,4,ジャカルタ,,雅加達,Noun,proper-noun,,,,,,,,,,,,,,,,,,,,,,,,,,,,,,,,,,,,,,
3,関連単語,5,バンコク,,曼谷,Noun,proper-noun,,,,,,,,,,,,,,,,,,,,,,,,,,,,,,,,,,,,,,
3,関連単語,6,ベルリン,,柏林,Noun,proper-noun,,,,,,,,,,,,,,,,,,,,,,,,,,,,,,,,,,,,,,
3,関連単語,7,しんおおさか,新大阪,新大阪（大阪的車站名）,Noun,proper-noun,,,,,,,,,,,,,,,,,,,,,,,,,,,,,,,,,,,,,,
4,単語,1,おきます,起きます,起床,Verb,v-daily,II,おきる,起きる,おきる,起きる,おきます,起きます,おきます,起きます,おきました,起きました,おきません,起きません,おきて,起きて,おきた,起きた,おきない,起きない,おきなかった,起きなかった,おき,起き,おきれば,起きれば,おきられる,起きられる,おきられる,起きられる,おきさせる,起きさせる,おきさせられる,起きさせられる,おきろ,起きろ,おきよう,起きよう,inferred-group
4,単語,2,ねます,寝ます,睡覺,Verb,v-daily,II,ねる,寝る,ねる,寝る,ねます,寝ます,ねます,寝ます,ねました,寝ました,ねません,寝ません,ねて,寝て,ねた,寝た,ねない,寝ない,ねなかった,寝なかった,ね,寝,ねれば,寝れば,ねられる,寝られる,ねられる,寝られる,ねさせる,寝させる,ねさせられる,寝させられる,ねろ,寝ろ,ねよう,寝よう,inferred-group
4,単語,3,はたらきます,働きます,工作,Verb,v-workstudy,I,はたらく,働く,はたらく,働く,はたらきます,働きます,はたらきます,働きます,はたらきました,働きました,はたらきません,働きません,はたらいて,働いて,はたらいた,働いた,はたらかない,働かない,はたらかなかった,働かなかった,はたらか,働か,はたらけば,働けば,はたらける,働ける,はたらかれる,働かれる,はたらかせる,働かせる,はたらかせられる,働かせられる,はたらけ,働け,はたらこう,働こう,inferred-group
4,単語,4,やすみます,休みます,休息,Verb,v-daily,I,やすむ,休む,やすむ,休む,やすみます,休みます,やすみます,休みます,やすみました,休みました,やすみません,休みません,やすんで,休んで,やすんだ,休んだ,やすまない,休まない,やすまなかった,休まなかった,やすま,休ま,やすめば,休めば,やすめる,休める,やすまれる,休まれる,やすませる,休ませる,やすませられる,休ませられる,やすめ,休め,やすもう,休もう,inferred-group
4,単語,5,べんきょうします,勉強します,念書,Verb,v-workstudy,III,べんきょうする,勉強する,べんきょうする,勉強する,べんきょうします,勉強します,べんきょうします,勉強します,べんきょうしました,勉強しました,べんきょうしません,勉強しません,べんきょうして,勉強して,べんきょうした,勉強した,べんきょうしない,勉強しない,べんきょうしなかった,勉強しなかった,べんきょうし,勉強し,べんきょうすれば,勉強すれば,べんきょうできる,勉強できる,べんきょうされる,勉強される,べんきょうさせる,勉強させる,べんきょうさせられる,勉強させられる,べんきょうしろ,勉強しろ,べんきょうしよう,勉強しよう,inferred-group; irregular-override
4,単語,6,おわります,終わります,結束,Verb,v-change,I,おわる,終わる,おわる,終わる,おわります,終わります,おわります,終わります,おわりました,終わりました,おわりません,終わりません,おわって,終わって,おわった,終わった,おわらない,終わらない,おわらなかった,終わらなかった,おわら,終わら,おわれば,終われば,おわれる,終われる,おわられる,終わられる,おわらせる,終わらせる,おわらせられる,終わらせられる,おわれ,終われ,おわろう,終わろう,inferred-group
4,単語,7,デパート,,百貨公司,Noun,place,,,,,,,,,,,,,,,,,,,,,,,,,,,,,,,,,,,,,,
4,単語,8,ぎんこう,銀行,銀行,Noun,place,,,,,,,,,,,,,,,,,,,,,,,,,,,,,,,,,,,,,,
4,単語,9,ゆうびんきょく,郵便局,郵局,Noun,place,,,,,,,,,,,,,,,,,,,,,,,,,,,,,,,,,,,,,,
4,単語,10,としょかん,図書館,圖書館,Noun,place,,,,,,,,,,,,,,,,,,,,,,,,,,,,,,,,,,,,,,
4,単語,11,びじゅつかん,美術館,美術館,Noun,language-study,,,,,,,,,,,,,,,,,,,,,,,,,,,,,,,,,,,,,,
4,単語,12,いま,今,現在,Noun,time,,,,,,,,,,,,,,,,,,,,,,,,,,,,,,,,,,,,,,
4,単語,13,〜じ,〜時,…點,Phrase,expression,,,,,,,,,,,,,,,,,,,,,,,,,,,,,,,,,,,,,,
4,単語,14,〜ふん (〜ぷん),〜分,…分,Phrase,expression,,,,,,,,,,,,,,,,,,,,,,,,,,,,,,,,,,,,,,
4,単語,15,はん,半,半,Noun,object,,,,,,,,,,,,,,,,,,,,,,,,,,,,,,,,,,,,,,
4,単語,16,なんじ,何時,幾點,Phrase,expression,,,,,,,,,,,,,,,,,,,,,,,,,,,,,,,,,,,,,,
4,単語,17,なんぷん*,何分,幾分,Phrase,expression,,,,,,,,,,,,,,,,,,,,,,,,,,,,,,,,,,,,,,
4,単語,18,ごぜん,午前,上午,Noun,position,,,,,,,,,,,,,,,,,,,,,,,,,,,,,,,,,,,,,,
4,単語,19,ごご,午後,下午,Noun,position,,,,,,,,,,,,,,,,,,,,,,,,,,,,,,,,,,,,,,
4,単語,20,あさ,朝,早上,Noun,position,,,,,,,,,,,,,,,,,,,,,,,,,,,,,,,,,,,,,,
4,単語,21,ひる,昼,白天,Noun,time,,,,,,,,,,,,,,,,,,,,,,,,,,,,,,,,,,,,,,
4,単語,22,ばん (よる),晩 (夜),晚上,Noun,position,,,,,,,,,,,,,,,,,,,,,,,,,,,,,,,,,,,,,,
4,単語,23,おととい,,前天,Noun,time,,,,,,,,,,,,,,,,,,,,,,,,,,,,,,,,,,,,,,
4,単語,24,きのう,昨日,昨天,Noun,time,,,,,,,,,,,,,,,,,,,,,,,,,,,,,,,,,,,,,,
4,単語,25,きょう,今日,今天,Noun,time,,,,,,,,,,,,,,,,,,,,,,,,,,,,,,,,,,,,,,
4,単語,26,あした,明日,明天,Noun,time,,,,,,,,,,,,,,,,,,,,,,,,,,,,,,,,,,,,,,
4,単語,27,あさって,,後天,Noun,time,,,,,,,,,,,,,,,,,,,,,,,,,,,,,,,,,,,,,,
4,単語,28,けさ,今朝,今天早上,Noun,time,,,,,,,,,,,,,,,,,,,,,,,,,,,,,,,,,,,,,,
4,単語,29,こんばん,今晩,今天晚上,Noun,time,,,,,,,,,,,,,,,,,,,,,,,,,,,,,,,,,,,,,,
4,単語,30,やすみ,休み,休息、休假,Noun,time,,,,,,,,,,,,,,,,,,,,,,,,,,,,,,,,,,,,,,
4,単語,31,ひるやすみ,昼休み,午休,Noun,time,,,,,,,,,,,,,,,,,,,,,,,,,,,,,,,,,,,,,,
4,単語,32,しけん,試験,考試,Noun,language-study,,,,,,,,,,,,,,,,,,,,,,,,,,,,,,,,,,,,,,
4,単語,33,かいぎ,会議,會議（〜を します：開會）,Noun,object,,,,,,,,,,,,,,,,,,,,,,,,,,,,,,,,,,,,,,
4,単語,34,えいが,映画,電影,Noun,arts-media,,,,,,,,,,,,,,,,,,,,,,,,,,,,,,,,,,,,,,
4,単語,35,まいあさ,毎朝,每天早上,Noun,time,,,,,,,,,,,,,,,,,,,,,,,,,,,,,,,,,,,,,,
4,単語,36,まいばん,毎晩,每天晚上,Noun,time,,,,,,,,,,,,,,,,,,,,,,,,,,,,,,,,,,,,,,
4,単語,37,まいにち,毎日,每天,Noun,time,,,,,,,,,,,,,,,,,,,,,,,,,,,,,,,,,,,,,,
4,単語,38,げつようび,月曜日,星期一,Noun,time,,,,,,,,,,,,,,,,,,,,,,,,,,,,,,,,,,,,,,
4,単語,39,かようび,火曜日,星期二,Noun,time,,,,,,,,,,,,,,,,,,,,,,,,,,,,,,,,,,,,,,
4,単語,40,すいようび,水曜日,星期三,Noun,time,,,,,,,,,,,,,,,,,,,,,,,,,,,,,,,,,,,,,,
4,単語,41,もくようび,木曜日,星期四,Noun,time,,,,,,,,,,,,,,,,,,,,,,,,,,,,,,,,,,,,,,
4,単語,42,きんようび,金曜日,星期五,Noun,time,,,,,,,,,,,,,,,,,,,,,,,,,,,,,,,,,,,,,,
4,単語,43,どようび,土曜日,星期六,Noun,time,,,,,,,,,,,,,,,,,,,,,,,,,,,,,,,,,,,,,,
4,単語,44,にちようび,日曜日,星期日,Noun,time,,,,,,,,,,,,,,,,,,,,,,,,,,,,,,,,,,,,,,
4,単語,45,なんようび,何曜日,星期幾,Phrase,expression,,,,,,,,,,,,,,,,,,,,,,,,,,,,,,,,,,,,,,
4,単語,46,〜から,,從～,Phrase,expression,,,,,,,,,,,,,,,,,,,,,,,,,,,,,,,,,,,,,,
4,単語,47,〜まで,,到～,Phrase,expression,,,,,,,,,,,,,,,,,,,,,,,,,,,,,,,,,,,,,,
4,単語,48,〜と〜,,～和～,Phrase,expression,,,,,,,,,,,,,,,,,,,,,,,,,,,,,,,,,,,,,,
4,会話,1,ばんごう,番号,號碼,Noun,object,,,,,,,,,,,,,,,,,,,,,,,,,,,,,,,,,,,,,,
4,会話,2,なんばん,何番,幾號,Noun,object,,,,,,,,,,,,,,,,,,,,,,,,,,,,,,,,,,,,,,
4,会話,3,そちら,,那邊、您那邊,Phrase,expression,,,,,,,,,,,,,,,,,,,,,,,,,,,,,,,,,,,,,,
4,練習C,1,たいへんですね。,大変ですね。,真是辛苦啊。,Phrase,greeting,,,,,,,,,,,,,,,,,,,,,,,,,,,,,,,,,,,,,,
4,関連単語,1,ニューヨーク,,紐約,Noun,proper-noun,,,,,,,,,,,,,,,,,,,,,,,,,,,,,,,,,,,,,,
4,関連単語,2,ペキン,,北京,Noun,proper-noun,,,,,,,,,,,,,,,,,,,,,,,,,,,,,,,,,,,,,,
4,関連単語,3,ロサンゼルス,,洛杉磯,Noun,proper-noun,,,,,,,,,,,,,,,,,,,,,,,,,,,,,,,,,,,,,,
4,関連単語,4,ロンドン,,倫敦,Noun,proper-noun,,,,,,,,,,,,,,,,,,,,,,,,,,,,,,,,,,,,,,
4,関連単語,5,あすか,,明香（虛構的餐廳名）,Noun,proper-noun,,,,,,,,,,,,,,,,,,,,,,,,,,,,,,,,,,,,,,
4,関連単語,6,アップルぎんこう,アップル銀行,蘋果銀行（虛構的銀行名）,Noun,proper-noun,,,,,,,,,,,,,,,,,,,,,,,,,,,,,,,,,,,,,,
4,関連単語,7,みどりとしょかん,みどり図書館,綠圖書館（虛構的圖書館名）,Phrase,proper-noun,,,,,,,,,,,,,,,,,,,,,,,,,,,,,,,,,,,,,,
4,関連単語,8,やまとびじゅつかん,やまと美術館,大和美術館（虛構的美術館名）,Noun,proper-noun,,,,,,,,,,,,,,,,,,,,,,,,,,,,,,,,,,,,,,
5,単語,1,いきます,行きます,去,Verb,v-motion,I,いく,行く,いく,行く,いきます,行きます,いきます,行きます,いきました,行きました,いきません,行きません,いって,行って,いった,行った,いかない,行かない,いかなかった,行かなかった,いか,行か,いけば,行けば,いける,行ける,いかれる,行かれる,いかせる,行かせる,いかせられる,行かせられる,いけ,行け,いこう,行こう,inferred-group; irregular-override
5,単語,2,きます,来ます,來,Verb,v-motion,III,くる,来る,くる,来る,きます,来ます,きます,来ます,きました,来ました,きません,来ません,きて,来て,きた,来た,こない,来ない,こなかった,来なかった,こ,来,くれば,来れば,こられる,来られる,こられる,来られる,こさせる,来させる,こさせられる,来させられる,こい,来い,こよう,来よう,inferred-group; irregular-override
5,単語,3,かえります,帰ります,回,Verb,v-motion,I,かえる,帰る,かえる,帰る,かえります,帰ります,かえります,帰ります,かえりました,帰りました,かえりません,帰りません,かえって,帰って,かえった,帰った,かえらない,帰らない,かえらなかった,帰らなかった,かえら,帰ら,かえれば,帰れば,かえれる,帰れる,かえられる,帰られる,かえらせる,帰らせる,かえらせられる,帰らせられる,かえれ,帰れ,かえろう,帰ろう,inferred-group
5,単語,4,がっこう,学校,學校,Noun,place,,,,,,,,,,,,,,,,,,,,,,,,,,,,,,,,,,,,,,
5,単語,5,スーパー,,超市,Noun,place,,,,,,,,,,,,,,,,,,,,,,,,,,,,,,,,,,,,,,
5,単語,6,えき,駅,車站,Noun,place,,,,,,,,,,,,,,,,,,,,,,,,,,,,,,,,,,,,,,
5,単語,7,ひこうき,飛行機,飛機,Noun,transport,,,,,,,,,,,,,,,,,,,,,,,,,,,,,,,,,,,,,,
5,単語,8,ふね,船,船,Noun,transport,,,,,,,,,,,,,,,,,,,,,,,,,,,,,,,,,,,,,,
5,単語,9,でんしゃ,電車,電車,Noun,transport,,,,,,,,,,,,,,,,,,,,,,,,,,,,,,,,,,,,,,
5,単語,10,ちかてつ,地下鉄,地下鐵,Noun,transport,,,,,,,,,,,,,,,,,,,,,,,,,,,,,,,,,,,,,,
5,単語,11,しんかんせん,新幹線,新幹線,Noun,transport,,,,,,,,,,,,,,,,,,,,,,,,,,,,,,,,,,,,,,
5,単語,12,バス,,公車、巴士,Noun,transport,,,,,,,,,,,,,,,,,,,,,,,,,,,,,,,,,,,,,,
5,単語,13,タクシー,,計程車,Noun,transport,,,,,,,,,,,,,,,,,,,,,,,,,,,,,,,,,,,,,,
5,単語,14,じてんしゃ,自転車,自行車、腳踏車,Noun,transport,,,,,,,,,,,,,,,,,,,,,,,,,,,,,,,,,,,,,,
5,単語,15,あるいて,歩いて,步行,Verb,v-motion,I,,,,,,,,,,,,,,,,,,,,,,,,,,,,,,,,,,,,,failed: not in ます-form
5,単語,16,ひと,人,人,Noun,people,,,,,,,,,,,,,,,,,,,,,,,,,,,,,,,,,,,,,,
5,単語,17,ともだち,友達,朋友,Noun,people,,,,,,,,,,,,,,,,,,,,,,,,,,,,,,,,,,,,,,
5,単語,18,かれ,彼,他、男朋友,Noun,people,,,,,,,,,,,,,,,,,,,,,,,,,,,,,,,,,,,,,,
5,単語,19,かのじょ,彼女,她、女朋友,Noun,people,,,,,,,,,,,,,,,,,,,,,,,,,,,,,,,,,,,,,,
5,単語,20,かぞく,家族,家人、家屬,Noun,family,,,,,,,,,,,,,,,,,,,,,,,,,,,,,,,,,,,,,,
5,単語,21,ひとりで,一人で,一個人、自己,Phrase,expression,,,,,,,,,,,,,,,,,,,,,,,,,,,,,,,,,,,,,,
5,単語,22,せんしゅう,先週,上週、上星期,Noun,time,,,,,,,,,,,,,,,,,,,,,,,,,,,,,,,,,,,,,,
5,単語,23,こんしゅう,今週,本週、這星期,Noun,time,,,,,,,,,,,,,,,,,,,,,,,,,,,,,,,,,,,,,,
5,単語,24,らいしゅう,来週,下週、下星期,Noun,time,,,,,,,,,,,,,,,,,,,,,,,,,,,,,,,,,,,,,,
5,単語,25,せんげつ,先月,上個月,Noun,time,,,,,,,,,,,,,,,,,,,,,,,,,,,,,,,,,,,,,,
5,単語,26,こんげつ*,今月,這個月,Noun,time,,,,,,,,,,,,,,,,,,,,,,,,,,,,,,,,,,,,,,
5,単語,27,らいげつ,来月,下個月,Noun,time,,,,,,,,,,,,,,,,,,,,,,,,,,,,,,,,,,,,,,
5,単語,28,きょねん,去年,去年,Noun,time,,,,,,,,,,,,,,,,,,,,,,,,,,,,,,,,,,,,,,
5,単語,29,ことし*,今年,今年,Noun,time,,,,,,,,,,,,,,,,,,,,,,,,,,,,,,,,,,,,,,
5,単語,30,らいねん,来年,明年,Noun,time,,,,,,,,,,,,,,,,,,,,,,,,,,,,,,,,,,,,,,
5,単語,31,〜ねん*,〜年,…年,Phrase,expression,,,,,,,,,,,,,,,,,,,,,,,,,,,,,,,,,,,,,,
5,単語,32,なんねん,何年,幾年,Noun,time,,,,,,,,,,,,,,,,,,,,,,,,,,,,,,,,,,,,,,
5,単語,33,〜がつ,〜月,…月,Phrase,expression,,,,,,,,,,,,,,,,,,,,,,,,,,,,,,,,,,,,,,
5,単語,34,なんがつ*,何月,幾月,Noun,time,,,,,,,,,,,,,,,,,,,,,,,,,,,,,,,,,,,,,,
5,単語,35,ついたち,1日,1號、朔日,Noun,object,,,,,,,,,,,,,,,,,,,,,,,,,,,,,,,,,,,,,,
5,単語,36,ふつか*,2日,2號、兩天,Noun,object,,,,,,,,,,,,,,,,,,,,,,,,,,,,,,,,,,,,,,
5,単語,37,みっか,3日,3號、三天,Noun,object,,,,,,,,,,,,,,,,,,,,,,,,,,,,,,,,,,,,,,
5,単語,38,よっか*,4日,4號、四天,Noun,object,,,,,,,,,,,,,,,,,,,,,,,,,,,,,,,,,,,,,,
5,単語,39,いつか*,5日,5號、五天,Adverb,function,,,,,,,,,,,,,,,,,,,,,,,,,,,,,,,,,,,,,,
5,単語,40,むいか,6日,6號、六天,Noun,object,,,,,,,,,,,,,,,,,,,,,,,,,,,,,,,,,,,,,,
5,単語,41,なのか*,7日,7號、七天,Phrase,expression,,,,,,,,,,,,,,,,,,,,,,,,,,,,,,,,,,,,,,
5,単語,42,ようか*,8日,8號、八天,Noun,object,,,,,,,,,,,,,,,,,,,,,,,,,,,,,,,,,,,,,,
5,単語,43,ここのか,9日,9號、九天,Noun,object,,,,,,,,,,,,,,,,,,,,,,,,,,,,,,,,,,,,,,
5,単語,44,とおか,10日,10號、十天,Noun,object,,,,,,,,,,,,,,,,,,,,,,,,,,,,,,,,,,,,,,
5,単語,45,じゅうよっか,14日,14號、十四天,Noun,object,,,,,,,,,,,,,,,,,,,,,,,,,,,,,,,,,,,,,,
5,単語,46,はつか*,20日,20號、二十天,Noun,object,,,,,,,,,,,,,,,,,,,,,,,,,,,,,,,,,,,,,,
5,単語,47,にじゅうよっか*,24日,24號、二十四天,Noun,object,,,,,,,,,,,,,,,,,,,,,,,,,,,,,,,,,,,,,,
5,単語,48,〜にち,〜日,…號、…天,Phrase,expression,,,,,,,,,,,,,,,,,,,,,,,,,,,,,,,,,,,,,,
5,単語,49,なんにち*,何日,幾號、幾天,Phrase,expression,,,,,,,,,,,,,,,,,,,,,,,,,,,,,,,,,,,,,,
5,単語,50,いつ,,什麼時候,Adverb,function,,,,,,,,,,,,,,,,,,,,,,,,,,,,,,,,,,,,,,
5,単語,51,たんじょうび,誕生日,生日,Noun,time,,,,,,,,,,,,,,,,,,,,,,,,,,,,,,,,,,,,,,
5,会話,1,「どうも」ありがとうございました。,,非常感謝。,Phrase,expression,,,,,,,,,,,,,,,,,,,,,,,,,,,,,,,,,,,,,,
5,会話,2,どういたしまして。,,不客氣。,Phrase,expression,,,,,,,,,,,,,,,,,,,,,,,,,,,,,,,,,,,,,,
5,会話,3,〜ばんせん,〜番線,第…月台,Phrase,expression,,,,,,,,,,,,,,,,,,,,,,,,,,,,,,,,,,,,,,
5,会話,4,つぎの,次の,下一個、下一班,Prenominal,function,,,,,,,,,,,,,,,,,,,,,,,,,,,,,,,,,,,,,,
5,会話,5,ふつう,普通,普通車,Noun,transport,,,,,,,,,,,,,,,,,,,,,,,,,,,,,,,,,,,,,,
5,会話,6,きゅうこう,急行,快車,Noun,transport,,,,,,,,,,,,,,,,,,,,,,,,,,,,,,,,,,,,,,
5,会話,7,とっきゅう,特急,特快車,Noun,transport,,,,,,,,,,,,,,,,,,,,,,,,,,,,,,,,,,,,,,
5,練習C,1,そうですね。,,是啊。,Phrase,expression,,,,,,,,,,,,,,,,,,,,,,,,,,,,,,,,,,,,,,
5,関連単語,1,こうしえん,甲子園,甲子園（兵庫縣西宮市內的地名）,Noun,proper-noun,,,,,,,,,,,,,,,,,,,,,,,,,,,,,,,,,,,,,,
5,関連単語,2,おおさかじょう,大阪城,大阪城（大阪著名的名勝）,Noun,proper-noun,,,,,,,,,,,,,,,,,,,,,,,,,,,,,,,,,,,,,,
6,単語,1,たべます,食べます,吃,Verb,v-daily,II,たべる,食べる,たべる,食べる,たべます,食べます,たべます,食べます,たべました,食べました,たべません,食べません,たべて,食べて,たべた,食べた,たべない,食べない,たべなかった,食べなかった,たべ,食べ,たべれば,食べれば,たべられる,食べられる,たべられる,食べられる,たべさせる,食べさせる,たべさせられる,食べさせられる,たべろ,食べろ,たべよう,食べよう,inferred-group
6,単語,2,のみます,飲みます,喝,Verb,v-daily,I,のむ,飲む,のむ,飲む,のみます,飲みます,のみます,飲みます,のみました,飲みました,のみません,飲みません,のんで,飲んで,のんだ,飲んだ,のまない,飲まない,のまなかった,飲まなかった,のま,飲ま,のめば,飲めば,のめる,飲める,のまれる,飲まれる,のませる,飲ませる,のませられる,飲ませられる,のめ,飲め,のもう,飲もう,inferred-group
6,単語,3,すいます [たばこを〜],吸います,吸〔菸〕,Verb,v-daily,I,すう,吸う,すう,吸う,すいます,吸います,すいます,吸います,すいました,吸いました,すいません,吸いません,すって,吸って,すった,吸った,すわない,吸わない,すわなかった,吸わなかった,すわ,吸わ,すえば,吸えば,すえる,吸える,すわれる,吸われる,すわせる,吸わせる,すわせられる,吸わせられる,すえ,吸え,すおう,吸おう,inferred-group
6,単語,4,みます,見ます,看,Verb,v-thinking,II,みる,見る,みる,見る,みます,見ます,みます,見ます,みました,見ました,みません,見ません,みて,見て,みた,見た,みない,見ない,みなかった,見なかった,み,見,みれば,見れば,みられる,見られる,みられる,見られる,みさせる,見させる,みさせられる,見させられる,みろ,見ろ,みよう,見よう,inferred-group
6,単語,5,ききます,聞きます,聽,Verb,v-thinking,I,きく,聞く,きく,聞く,ききます,聞きます,ききます,聞きます,ききました,聞きました,ききません,聞きません,きいて,聞いて,きいた,聞いた,きかない,聞かない,きかなかった,聞かなかった,きか,聞か,きけば,聞けば,きける,聞ける,きかれる,聞かれる,きかせる,聞かせる,きかせられる,聞かせられる,きけ,聞け,きこう,聞こう,inferred-group
6,単語,6,よみます,読みます,閱讀,Verb,v-thinking,I,よむ,読む,よむ,読む,よみます,読みます,よみます,読みます,よみました,読みました,よみません,読みません,よんで,読んで,よんだ,読んだ,よまない,読まない,よまなかった,読まなかった,よま,読ま,よめば,読めば,よめる,読める,よまれる,読まれる,よませる,読ませる,よませられる,読ませられる,よめ,読め,よもう,読もう,inferred-group
6,単語,7,かきます,書きます,書寫（「かきます」也有「畫」的意思。以「畫」的意思出現時，使用平假名「かきます」表示）,Verb,v-handling,I,かく,書く,かく,書く,かきます,書きます,かきます,書きます,かきました,書きました,かきません,書きません,かいて,書いて,かいた,書いた,かかない,書かない,かかなかった,書かなかった,かか,書か,かけば,書けば,かける,書ける,かかれる,書かれる,かかせる,書かせる,かかせられる,書かせられる,かけ,書け,かこう,書こう,inferred-group
6,単語,8,かいます,買います,購買,Verb,v-transaction,I,かう,買う,かう,買う,かいます,買います,かいます,買います,かいました,買いました,かいません,買いません,かって,買って,かった,買った,かわない,買わない,かわなかった,買わなかった,かわ,買わ,かえば,買えば,かえる,買える,かわれる,買われる,かわせる,買わせる,かわせられる,買わせられる,かえ,買え,かおう,買おう,inferred-group
6,単語,9,とります [しゃしんを〜],撮ります [写真を〜],拍攝〔照片〕,Verb,v-other,I,とる,撮る,とる,撮る,とります,撮ります,とります,撮ります,とりました,撮りました,とりません,撮りません,とって,撮って,とった,撮った,とらない,撮らない,とらなかった,撮らなかった,とら,撮ら,とれば,撮れば,とれる,撮れる,とられる,撮られる,とらせる,撮らせる,とらせられる,撮らせられる,とれ,撮れ,とろう,撮ろう,inferred-group
6,単語,10,します,,做,Verb,v-other,III,する,,する,,します,,します,,しました,,しません,,して,,した,,しない,,しなかった,,し,,すれば,,できる,,される,,させる,,させられる,,しろ,,しよう,,inferred-group; irregular-override; no-kanji
6,単語,11,あいます [ともだちに〜],会います [友達に〜],見面〔朋友〕,Verb,v-communication,I,あう,会う,あう,会う,あいます,会います,あいます,会います,あいました,会いました,あいません,会いません,あって,会って,あった,会った,あわない,会わない,あわなかった,会わなかった,あわ,会わ,あえば,会えば,あえる,会える,あわれる,会われる,あわせる,会わせる,あわせられる,会わせられる,あえ,会え,あおう,会おう,inferred-group
6,単語,12,ごはん,,白飯、飯,Noun,food-drink,,,,,,,,,,,,,,,,,,,,,,,,,,,,,,,,,,,,,,
6,単語,13,あさごはん*,朝ごはん,早餐,Noun,food-drink,,,,,,,,,,,,,,,,,,,,,,,,,,,,,,,,,,,,,,
6,単語,14,ひるごはん,昼ごはん,午餐,Noun,food-drink,,,,,,,,,,,,,,,,,,,,,,,,,,,,,,,,,,,,,,
6,単語,15,ばんごはん*,晩ごはん,晚餐,Noun,food-drink,,,,,,,,,,,,,,,,,,,,,,,,,,,,,,,,,,,,,,
6,単語,16,パン,,麵包,Noun,food-drink,,,,,,,,,,,,,,,,,,,,,,,,,,,,,,,,,,,,,,
6,単語,17,たまご,卵,蛋,Noun,food-drink,,,,,,,,,,,,,,,,,,,,,,,,,,,,,,,,,,,,,,
6,単語,18,にく,肉,肉,Noun,food-drink,,,,,,,,,,,,,,,,,,,,,,,,,,,,,,,,,,,,,,
6,単語,19,さかな,魚,魚,Noun,food-drink,,,,,,,,,,,,,,,,,,,,,,,,,,,,,,,,,,,,,,
6,単語,20,やさい,野菜,蔬菜,Noun,food-drink,,,,,,,,,,,,,,,,,,,,,,,,,,,,,,,,,,,,,,
6,単語,21,くだもの,果物,水果,Noun,food-drink,,,,,,,,,,,,,,,,,,,,,,,,,,,,,,,,,,,,,,
6,単語,22,みず,水,水,Noun,food-drink,,,,,,,,,,,,,,,,,,,,,,,,,,,,,,,,,,,,,,
6,単語,23,おちゃ,お茶,茶,Noun,food-drink,,,,,,,,,,,,,,,,,,,,,,,,,,,,,,,,,,,,,,
6,単語,24,こうちゃ,紅茶,紅茶,Noun,food-drink,,,,,,,,,,,,,,,,,,,,,,,,,,,,,,,,,,,,,,
6,単語,25,ぎゅうにゅう (ミルク),牛乳,牛奶,Noun,food-drink,,,,,,,,,,,,,,,,,,,,,,,,,,,,,,,,,,,,,,
6,単語,26,ジュース,,果汁,Noun,food-drink,,,,,,,,,,,,,,,,,,,,,,,,,,,,,,,,,,,,,,
6,単語,27,ビール,,啤酒,Noun,food-drink,,,,,,,,,,,,,,,,,,,,,,,,,,,,,,,,,,,,,,
6,単語,28,[お]さけ,[お]酒,酒類、日本酒,Noun,food-drink,,,,,,,,,,,,,,,,,,,,,,,,,,,,,,,,,,,,,,
6,単語,29,たばこ,,香菸,Noun,object,,,,,,,,,,,,,,,,,,,,,,,,,,,,,,,,,,,,,,
6,単語,30,てがみ,手紙,信,Noun,communication,,,,,,,,,,,,,,,,,,,,,,,,,,,,,,,,,,,,,,
6,単語,31,レポート,,報告,Noun,communication,,,,,,,,,,,,,,,,,,,,,,,,,,,,,,,,,,,,,,
6,単語,32,しゃしん,写真,照片,Noun,object,,,,,,,,,,,,,,,,,,,,,,,,,,,,,,,,,,,,,,
6,単語,33,ビデオ,,影片、錄影帶,Noun,electronics,,,,,,,,,,,,,,,,,,,,,,,,,,,,,,,,,,,,,,
6,単語,34,みせ,店,商店,Noun,place,,,,,,,,,,,,,,,,,,,,,,,,,,,,,,,,,,,,,,
6,単語,35,にわ,庭,庭院、院子,Noun,place,,,,,,,,,,,,,,,,,,,,,,,,,,,,,,,,,,,,,,
6,単語,36,しゅくだい,宿題,作業（〜を します：寫作業）,Noun,language-study,,,,,,,,,,,,,,,,,,,,,,,,,,,,,,,,,,,,,,
6,単語,37,テニス,,網球（〜を します：打網球）,Noun,hobby-sport,,,,,,,,,,,,,,,,,,,,,,,,,,,,,,,,,,,,,,
6,単語,38,サッカー,,足球（〜を します：踢足球）,Noun,hobby-sport,,,,,,,,,,,,,,,,,,,,,,,,,,,,,,,,,,,,,,
6,単語,39,[お]はなみ,[お]花見,賞花（〜を します：去賞花）,Noun,animals-plants,,,,,,,,,,,,,,,,,,,,,,,,,,,,,,,,,,,,,,
6,単語,40,なに,何,什麼,Noun,object,,,,,,,,,,,,,,,,,,,,,,,,,,,,,,,,,,,,,,
6,単語,41,いっしょに,,一起,Phrase,expression,,,,,,,,,,,,,,,,,,,,,,,,,,,,,,,,,,,,,,
6,単語,42,ちょっと,,一會、一點,Phrase,expression,,,,,,,,,,,,,,,,,,,,,,,,,,,,,,,,,,,,,,
6,単語,43,いつも,,經常、總是,Adverb,function,,,,,,,,,,,,,,,,,,,,,,,,,,,,,,,,,,,,,,
6,単語,44,ときどき,時々,有時,Adverb,function,,,,,,,,,,,,,,,,,,,,,,,,,,,,,,,,,,,,,,
6,単語,45,それから,,然後,Phrase,expression,,,,,,,,,,,,,,,,,,,,,,,,,,,,,,,,,,,,,,
6,単語,46,ええ,,是的,Phrase,expression,,,,,,,,,,,,,,,,,,,,,,,,,,,,,,,,,,,,,,
6,単語,47,いいですね。,,好啊。,Phrase,expression,,,,,,,,,,,,,,,,,,,,,,,,,,,,,,,,,,,,,,
6,単語,48,わかりました。,,我明白了。,Phrase,expression,,,,,,,,,,,,,,,,,,,,,,,,,,,,,,,,,,,,,,
6,会話,1,なんですかい。,何ですか。,什麼事？,Phrase,expression,,,,,,,,,,,,,,,,,,,,,,,,,,,,,,,,,,,,,,
6,会話,2,じゃ、また [あした]。,,那麼，（明天）再見。,Phrase,greeting,,,,,,,,,,,,,,,,,,,,,,,,,,,,,,,,,,,,,,
6,関連単語,1,メキシコ,,墨西哥,Noun,country,,,,,,,,,,,,,,,,,,,,,,,,,,,,,,,,,,,,,,
6,関連単語,2,おおさかデパート,大阪デパート,大阪百貨公司（虛構的百貨公司名）,Phrase,proper-noun,,,,,,,,,,,,,,,,,,,,,,,,,,,,,,,,,,,,,,
6,関連単語,3,つるや,,鶴屋（虛構的餐廳名）,Noun,proper-noun,,,,,,,,,,,,,,,,,,,,,,,,,,,,,,,,,,,,,,
6,関連単語,4,フランスや,フランス屋,法國屋（虛構的超市名）,Phrase,proper-noun,,,,,,,,,,,,,,,,,,,,,,,,,,,,,,,,,,,,,,
6,関連単語,5,まいにちや,毎日屋,每日屋（虛構的超市名）,Noun,proper-noun,,,,,,,,,,,,,,,,,,,,,,,,,,,,,,,,,,,,,,
7,単語,1,きります,切ります,切、剪,Verb,v-handling,I,きる,切る,きる,切る,きります,切ります,きります,切ります,きりました,切りました,きりません,切りません,きって,切って,きった,切った,きらない,切らない,きらなかった,切らなかった,きら,切ら,きれば,切れば,きれる,切れる,きられる,切られる,きらせる,切らせる,きらせられる,切らせられる,きれ,切れ,きろう,切ろう,inferred-group
7,単語,2,おくります,送ります,寄、送,Verb,v-other,I,おくる,送る,おくる,送る,おくります,送ります,おくります,送ります,おくりました,送りました,おくりません,送りません,おくって,送って,おくった,送った,おくらない,送らない,おくらなかった,送らなかった,おくら,送ら,おくれば,送れば,おくれる,送れる,おくられる,送られる,おくらせる,送らせる,おくらせられる,送らせられる,おくれ,送れ,おくろう,送ろう,inferred-group
7,単語,3,あげます,,給,Verb,v-transaction,II,あげる,,あげる,,あげます,,あげます,,あげました,,あげません,,あげて,,あげた,,あげない,,あげなかった,,あげ,,あげれば,,あげられる,,あげられる,,あげさせる,,あげさせられる,,あげろ,,あげよう,,inferred-group; no-kanji
7,単語,4,もらいます,,得到,Verb,v-transaction,I,もらう,,もらう,,もらいます,,もらいます,,もらいました,,もらいません,,もらって,,もらった,,もらわない,,もらわなかった,,もらわ,,もらえば,,もらえる,,もらわれる,,もらわせる,,もらわせられる,,もらえ,,もらおう,,inferred-group; no-kanji
7,単語,5,かします,貸します,借給,Verb,v-transaction,I,かす,貸す,かす,貸す,かします,貸します,かします,貸します,かしました,貸しました,かしません,貸しません,かして,貸して,かした,貸した,かさない,貸さない,かさなかった,貸さなかった,かさ,貸さ,かせば,貸せば,かせる,貸せる,かされる,貸される,かさせる,貸させる,かさせられる,貸させられる,かせ,貸せ,かそう,貸そう,inferred-group
7,単語,6,かります,借ります,借,Verb,v-transaction,II,かりる,借りる,かりる,借りる,かります,借ります,かります,借ります,かりました,借りました,かりません,借りません,かりて,借りて,かりた,借りた,かりない,借りない,かりなかった,借りなかった,かり,借り,かりれば,借りれば,かりられる,借りられる,かりられる,借りられる,かりさせる,借りさせる,かりさせられる,借りさせられる,かりろ,借りろ,かりよう,借りよう,inferred-group
7,単語,7,おしえます,教えます,教、告訴,Verb,v-communication,II,おしえる,教える,おしえる,教える,おしえます,教えます,おしえます,教えます,おしえました,教えました,おしえません,教えません,おしえて,教えて,おしえた,教えた,おしえない,教えない,おしえなかった,教えなかった,おしえ,教え,おしえれば,教えれば,おしえられる,教えられる,おしえられる,教えられる,おしえさせる,教えさせる,おしえさせられる,教えさせられる,おしえろ,教えろ,おしえよう,教えよう,inferred-group
7,単語,8,ならいます,習います,學習,Verb,v-workstudy,I,ならう,習う,ならう,習う,ならいます,習います,ならいます,習います,ならいました,習いました,ならいません,習いません,ならって,習って,ならった,習った,ならわない,習わない,ならわなかった,習わなかった,ならわ,習わ,ならえば,習えば,ならえる,習える,ならわれる,習われる,ならわせる,習わせる,ならわせられる,習わせられる,ならえ,習え,ならおう,習おう,inferred-group
7,単語,9,かけます [でんわを〜],かけます [電話を〜],打〔電話〕,Verb,v-communication,II,かける,,かける,,かけます,,かけます,,かけました,,かけません,,かけて,,かけた,,かけない,,かけなかった,,かけ,,かければ,,かけられる,,かけられる,,かけさせる,,かけさせられる,,かけろ,,かけよう,,inferred-group
7,単語,10,て,手,手,Phrase,expression,,,,,,,,,,,,,,,,,,,,,,,,,,,,,,,,,,,,,,
7,単語,11,はし,,筷子,Noun,object,,,,,,,,,,,,,,,,,,,,,,,,,,,,,,,,,,,,,,
7,単語,12,スプーン,,湯匙,Noun,object,,,,,,,,,,,,,,,,,,,,,,,,,,,,,,,,,,,,,,
7,単語,13,ナイフ,,刀子,Noun,object,,,,,,,,,,,,,,,,,,,,,,,,,,,,,,,,,,,,,,
7,単語,14,フォーク,,叉子,Noun,object,,,,,,,,,,,,,,,,,,,,,,,,,,,,,,,,,,,,,,
7,単語,15,はさみ,,剪刀,Noun,object,,,,,,,,,,,,,,,,,,,,,,,,,,,,,,,,,,,,,,
7,単語,16,パソコン,,個人電腦,Noun,electronics,,,,,,,,,,,,,,,,,,,,,,,,,,,,,,,,,,,,,,
7,単語,17,ケータイ,携帯,手機,Noun,electronics,,,,,,,,,,,,,,,,,,,,,,,,,,,,,,,,,,,,,,
7,単語,18,メール,,電子郵件,Noun,communication,,,,,,,,,,,,,,,,,,,,,,,,,,,,,,,,,,,,,,
7,単語,19,ねんがじょう,年賀状,賀年卡,Noun,stationery,,,,,,,,,,,,,,,,,,,,,,,,,,,,,,,,,,,,,,
7,単語,20,パンチ,,打洞機,Noun,stationery,,,,,,,,,,,,,,,,,,,,,,,,,,,,,,,,,,,,,,
7,単語,21,ホッチキス,,釘書機,Noun,stationery,,,,,,,,,,,,,,,,,,,,,,,,,,,,,,,,,,,,,,
7,単語,22,セロテープ,,透明膠帶,Noun,stationery,,,,,,,,,,,,,,,,,,,,,,,,,,,,,,,,,,,,,,
7,単語,23,けしゴム,消しゴム,橡皮擦,Noun,stationery,,,,,,,,,,,,,,,,,,,,,,,,,,,,,,,,,,,,,,
7,単語,24,かみ,紙,紙,Noun,object,,,,,,,,,,,,,,,,,,,,,,,,,,,,,,,,,,,,,,
7,単語,25,はな,花,花,Noun,animals-plants,,,,,,,,,,,,,,,,,,,,,,,,,,,,,,,,,,,,,,
7,単語,26,シャツ,,襯衫,Noun,clothing,,,,,,,,,,,,,,,,,,,,,,,,,,,,,,,,,,,,,,
7,単語,27,プレゼント,,禮物,Noun,object,,,,,,,,,,,,,,,,,,,,,,,,,,,,,,,,,,,,,,
7,単語,28,にもつ,荷物,行李、包裹,Noun,object,,,,,,,,,,,,,,,,,,,,,,,,,,,,,,,,,,,,,,
7,単語,29,おかね,お金,錢,Noun,money-shopping,,,,,,,,,,,,,,,,,,,,,,,,,,,,,,,,,,,,,,
7,単語,30,きっぷ,切符,車票、入場券,Noun,object,,,,,,,,,,,,,,,,,,,,,,,,,,,,,,,,,,,,,,
7,単語,31,クリスマス,,聖誕節,Noun,object,,,,,,,,,,,,,,,,,,,,,,,,,,,,,,,,,,,,,,
7,単語,32,ちち,父,家父,Noun,family,,,,,,,,,,,,,,,,,,,,,,,,,,,,,,,,,,,,,,
7,単語,33,はは,母,家母,Noun,family,,,,,,,,,,,,,,,,,,,,,,,,,,,,,,,,,,,,,,
7,単語,34,おとうさん*,お父さん,（別人的）父親、（稱呼自己的父親時也使用）,Noun,family,,,,,,,,,,,,,,,,,,,,,,,,,,,,,,,,,,,,,,
7,単語,35,おかあさん,お母さん,（別人的）母親、（稱呼自己的母親時也使用）,Noun,family,,,,,,,,,,,,,,,,,,,,,,,,,,,,,,,,,,,,,,
7,単語,36,もう,,已經,Phrase,expression,,,,,,,,,,,,,,,,,,,,,,,,,,,,,,,,,,,,,,
7,単語,37,まだ,,尚未、還沒,Adverb,function,,,,,,,,,,,,,,,,,,,,,,,,,,,,,,,,,,,,,,
7,単語,38,これから,,從現在起（要去辦某事）,Phrase,expression,,,,,,,,,,,,,,,,,,,,,,,,,,,,,,,,,,,,,,
7,会話,1,いらっしゃい。,,歡迎。,Phrase,greeting,,,,,,,,,,,,,,,,,,,,,,,,,,,,,,,,,,,,,,
7,会話,2,どうぞ おあがり ください。,どうぞ お上がり ください。,請進。,Phrase,expression,,,,,,,,,,,,,,,,,,,,,,,,,,,,,,,,,,,,,,
7,会話,3,しつれいします。,失礼します。,打擾了。,Phrase,expression,,,,,,,,,,,,,,,,,,,,,,,,,,,,,,,,,,,,,,
7,会話,4,[〜は] いかがですか。,,你覺得〔～〕怎麼樣？,Phrase,expression,,,,,,,,,,,,,,,,,,,,,,,,,,,,,,,,,,,,,,
7,会話,5,いただきます。,,我開動了。（用於用餐之前）,Phrase,expression,,,,,,,,,,,,,,,,,,,,,,,,,,,,,,,,,,,,,,
7,会話,6,ごちそうさま[でした]。*,,我吃飽了。／謝謝招待。（用於用餐之後）,Phrase,greeting,,,,,,,,,,,,,,,,,,,,,,,,,,,,,,,,,,,,,,
7,練習C,1,[〜、] すてきですね。,,〔～〕真不錯啊！,Phrase,expression,,,,,,,,,,,,,,,,,,,,,,,,,,,,,,,,,,,,,,
7,関連単語,1,スペイン,,西班牙,Noun,country,,,,,,,,,,,,,,,,,,,,,,,,,,,,,,,,,,,,,,
8,単語,1,ハンサム [な],,英俊,na-Adjective,descriptive,,,,,,,,,,,,,,,,,,,,,,,,,,,,,,,,,,,,,,
8,単語,2,きれい [な]*,,漂亮,na-Adjective,descriptive,,,,,,,,,,,,,,,,,,,,,,,,,,,,,,,,,,,,,,
8,単語,3,しずか [な],静か [な],安靜,na-Adjective,descriptive,,,,,,,,,,,,,,,,,,,,,,,,,,,,,,,,,,,,,,
8,単語,4,にぎやか [な],,熱鬧,na-Adjective,descriptive,,,,,,,,,,,,,,,,,,,,,,,,,,,,,,,,,,,,,,
8,単語,5,ゆうめい [な]*,有名 [な],有名,na-Adjective,descriptive,,,,,,,,,,,,,,,,,,,,,,,,,,,,,,,,,,,,,,
8,単語,6,しんせつ [な],親切 [な],親切（不用於自己的親屬）,na-Adjective,descriptive,,,,,,,,,,,,,,,,,,,,,,,,,,,,,,,,,,,,,,
8,単語,7,げんき [な],元気 [な],健康,na-Adjective,descriptive,,,,,,,,,,,,,,,,,,,,,,,,,,,,,,,,,,,,,,
8,単語,8,ひま [な],暇 [な],有時間、有空,na-Adjective,descriptive,,,,,,,,,,,,,,,,,,,,,,,,,,,,,,,,,,,,,,
8,単語,9,べんり [な],便利 [な],方便,na-Adjective,descriptive,,,,,,,,,,,,,,,,,,,,,,,,,,,,,,,,,,,,,,
8,単語,10,すてき [な],,非常好,na-Adjective,descriptive,,,,,,,,,,,,,,,,,,,,,,,,,,,,,,,,,,,,,,
8,単語,11,おおきい,大きい,大,i-Adjective,descriptive,,,,,,,,,,,,,,,,,,,,,,,,,,,,,,,,,,,,,,
8,単語,12,ちいさい*,小さい,小,i-Adjective,descriptive,,,,,,,,,,,,,,,,,,,,,,,,,,,,,,,,,,,,,,
8,単語,13,あたらしい,新しい,新、新鮮,i-Adjective,descriptive,,,,,,,,,,,,,,,,,,,,,,,,,,,,,,,,,,,,,,
8,単語,14,ふるい,古い,舊、不新鮮,i-Adjective,descriptive,,,,,,,,,,,,,,,,,,,,,,,,,,,,,,,,,,,,,,
8,単語,15,いい (よい),,好,i-Adjective,descriptive,,,,,,,,,,,,,,,,,,,,,,,,,,,,,,,,,,,,,,
8,単語,16,わるい,悪い,壞,i-Adjective,descriptive,,,,,,,,,,,,,,,,,,,,,,,,,,,,,,,,,,,,,,
8,単語,17,あつい,暑い、熱い,熱,i-Adjective,descriptive,,,,,,,,,,,,,,,,,,,,,,,,,,,,,,,,,,,,,,
8,単語,18,さむい,寒い,冷,i-Adjective,descriptive,,,,,,,,,,,,,,,,,,,,,,,,,,,,,,,,,,,,,,
8,単語,19,つめたい,冷たい,涼、冰,i-Adjective,descriptive,,,,,,,,,,,,,,,,,,,,,,,,,,,,,,,,,,,,,,
8,単語,20,むずかしい,難しい,難,i-Adjective,descriptive,,,,,,,,,,,,,,,,,,,,,,,,,,,,,,,,,,,,,,
8,単語,21,やさしい,易しい,簡單,i-Adjective,descriptive,,,,,,,,,,,,,,,,,,,,,,,,,,,,,,,,,,,,,,
8,単語,22,たかい,高い,貴、高,i-Adjective,descriptive,,,,,,,,,,,,,,,,,,,,,,,,,,,,,,,,,,,,,,
8,単語,23,やすい,安い,便宜,i-Adjective,descriptive,,,,,,,,,,,,,,,,,,,,,,,,,,,,,,,,,,,,,,
8,単語,24,ひくい*,低い,低、矮,i-Adjective,descriptive,,,,,,,,,,,,,,,,,,,,,,,,,,,,,,,,,,,,,,
8,単語,25,おもしろい,面白い,有趣,i-Adjective,descriptive,,,,,,,,,,,,,,,,,,,,,,,,,,,,,,,,,,,,,,
8,単語,26,おいしい,,好吃,i-Adjective,descriptive,,,,,,,,,,,,,,,,,,,,,,,,,,,,,,,,,,,,,,
8,単語,27,いそがしい,忙しい,忙,i-Adjective,descriptive,,,,,,,,,,,,,,,,,,,,,,,,,,,,,,,,,,,,,,
8,単語,28,たのしい,楽しい,愉快、高興,i-Adjective,descriptive,,,,,,,,,,,,,,,,,,,,,,,,,,,,,,,,,,,,,,
8,単語,29,しろい,白い,白色,i-Adjective,descriptive,,,,,,,,,,,,,,,,,,,,,,,,,,,,,,,,,,,,,,
8,単語,30,くろい,黒い,黑色,i-Adjective,descriptive,,,,,,,,,,,,,,,,,,,,,,,,,,,,,,,,,,,,,,
8,単語,31,あかい,赤い,紅色,i-Adjective,descriptive,,,,,,,,,,,,,,,,,,,,,,,,,,,,,,,,,,,,,,
8,単語,32,あおい,青い,藍色,i-Adjective,descriptive,,,,,,,,,,,,,,,,,,,,,,,,,,,,,,,,,,,,,,
8,単語,33,さくら,桜,櫻花,Noun,animals-plants,,,,,,,,,,,,,,,,,,,,,,,,,,,,,,,,,,,,,,
8,単語,34,やま,山,山,Noun,nature-weather,,,,,,,,,,,,,,,,,,,,,,,,,,,,,,,,,,,,,,
8,単語,35,まち,町,市鎮、街道,Noun,object,,,,,,,,,,,,,,,,,,,,,,,,,,,,,,,,,,,,,,
8,単語,36,たべもの,食べ物,食物,Noun,food-drink,,,,,,,,,,,,,,,,,,,,,,,,,,,,,,,,,,,,,,
8,単語,37,ところ,所,地方,Noun,place,,,,,,,,,,,,,,,,,,,,,,,,,,,,,,,,,,,,,,
8,単語,38,りょう,寮,宿舍,Noun,place,,,,,,,,,,,,,,,,,,,,,,,,,,,,,,,,,,,,,,
8,単語,39,レストラン,,餐廳,Noun,place,,,,,,,,,,,,,,,,,,,,,,,,,,,,,,,,,,,,,,
8,単語,40,せいかつ,生活,生活,Noun,abstract,,,,,,,,,,,,,,,,,,,,,,,,,,,,,,,,,,,,,,
8,単語,41,[お]しごと,[お]仕事,工作（〜を します：工作）,Noun,object,,,,,,,,,,,,,,,,,,,,,,,,,,,,,,,,,,,,,,
8,単語,42,どう,,怎麼樣,Adverb,function,,,,,,,,,,,,,,,,,,,,,,,,,,,,,,,,,,,,,,
8,単語,43,どんな〜,,什麼樣的～,Phrase,expression,,,,,,,,,,,,,,,,,,,,,,,,,,,,,,,,,,,,,,
8,単語,44,とても,,非常,Adverb,function,,,,,,,,,,,,,,,,,,,,,,,,,,,,,,,,,,,,,,
8,単語,45,あまり,,不太～（用於否定句）,Adverb,function,,,,,,,,,,,,,,,,,,,,,,,,,,,,,,,,,,,,,,
8,単語,46,そして,,而且（用於連接句子時）,Phrase,expression,,,,,,,,,,,,,,,,,,,,,,,,,,,,,,,,,,,,,,
8,単語,47,〜が、〜,,～，但是～,Phrase,expression,,,,,,,,,,,,,,,,,,,,,,,,,,,,,,,,,,,,,,
8,会話,1,[〜、] もう いっぱい いかがですか。,,再來一杯〔～〕怎麼樣？,Phrase,expression,,,,,,,,,,,,,,,,,,,,,,,,,,,,,,,,,,,,,,
8,会話,2,[いいえ、] けっこうです。,,〔不，〕不用了。,Phrase,expression,,,,,,,,,,,,,,,,,,,,,,,,,,,,,,,,,,,,,,
8,会話,3,もう 〜です[ね]。,,已經～了[呢]。,Phrase,expression,,,,,,,,,,,,,,,,,,,,,,,,,,,,,,,,,,,,,,
8,会話,4,そろそろ しつれいします。,そろそろ 失礼します。,差不多該告辭了。,Phrase,greeting,,,,,,,,,,,,,,,,,,,,,,,,,,,,,,,,,,,,,,
8,会話,5,いいえ。,,不、沒什麼。,Phrase,expression,,,,,,,,,,,,,,,,,,,,,,,,,,,,,,,,,,,,,,
8,会話,6,また いらっしゃって ください。,,歡迎再來。,Phrase,greeting,,,,,,,,,,,,,,,,,,,,,,,,,,,,,,,,,,,,,,
8,練習C,1,おげんきですか。,お元気ですか。,你好嗎？,Phrase,greeting,,,,,,,,,,,,,,,,,,,,,,,,,,,,,,,,,,,,,,
8,練習C,2,そうですね。,,嗯。,Phrase,expression,,,,,,,,,,,,,,,,,,,,,,,,,,,,,,,,,,,,,,
8,関連単語,1,シャンハイ,上海,上海,Noun,proper-noun,,,,,,,,,,,,,,,,,,,,,,,,,,,,,,,,,,,,,,
8,関連単語,2,きんかくじ,金閣寺,金閣寺,Noun,proper-noun,,,,,,,,,,,,,,,,,,,,,,,,,,,,,,,,,,,,,,
8,関連単語,3,ならこうえん,奈良公園,奈良公園,Noun,proper-noun,,,,,,,,,,,,,,,,,,,,,,,,,,,,,,,,,,,,,,
8,関連単語,4,ふじさん,富士山,富士山（日本最高的山）,Noun,proper-noun,,,,,,,,,,,,,,,,,,,,,,,,,,,,,,,,,,,,,,
8,関連単語,5,「しちにんのさむらい」,「七人の侍」,七武士（黑澤明導演的電影）,Phrase,expression,,,,,,,,,,,,,,,,,,,,,,,,,,,,,,,,,,,,,,
9,単語,1,わかります,,懂、明白,Verb,v-thinking,I,わかる,,わかる,,わかります,,わかります,,わかりました,,わかりません,,わかって,,わかった,,わからない,,わからなかった,,わから,,わかれば,,わかれる,,わかられる,,わからせる,,わからせられる,,わかれ,,わかろう,,inferred-group; no-kanji
9,単語,2,あります,,有,Verb,v-other,I,ある,,ある,,あります,,あります,,ありました,,ありません,,あって,,あった,,ない,,なかった,,,,あれば,,あれる,,あられる,,あらせる,,あらせられる,,あれ,,あろう,,inferred-group; irregular-override; no-kanji
9,単語,3,すき [な],好き [な],喜歡,na-Adjective,descriptive,,,,,,,,,,,,,,,,,,,,,,,,,,,,,,,,,,,,,,
9,単語,4,きらい [な],嫌い [な],不喜歡,na-Adjective,descriptive,,,,,,,,,,,,,,,,,,,,,,,,,,,,,,,,,,,,,,
9,単語,5,じょうず [な],上手 [な],好、擅長,na-Adjective,descriptive,,,,,,,,,,,,,,,,,,,,,,,,,,,,,,,,,,,,,,
9,単語,6,へた [な],下手 [な],不好、不擅長,na-Adjective,descriptive,,,,,,,,,,,,,,,,,,,,,,,,,,,,,,,,,,,,,,
9,単語,7,のみもの,飲み物,飲料,Noun,food-drink,,,,,,,,,,,,,,,,,,,,,,,,,,,,,,,,,,,,,,
9,単語,8,りょうり,料理,料理、菜餚（〜を します：烹飪）,Noun,food-drink,,,,,,,,,,,,,,,,,,,,,,,,,,,,,,,,,,,,,,
9,単語,9,スポーツ,,體育、運動（〜を します：運動）,Noun,hobby-sport,,,,,,,,,,,,,,,,,,,,,,,,,,,,,,,,,,,,,,
9,単語,10,やきゅう,野球,棒球（〜を します：打棒球）,Noun,hobby-sport,,,,,,,,,,,,,,,,,,,,,,,,,,,,,,,,,,,,,,
9,単語,11,ダンス,,舞（〜を します：跳舞）,Noun,hobby-sport,,,,,,,,,,,,,,,,,,,,,,,,,,,,,,,,,,,,,,
9,単語,12,りょこう,旅行,旅行（〜[を] します：旅行）,Noun,hobby-sport,,,,,,,,,,,,,,,,,,,,,,,,,,,,,,,,,,,,,,
9,単語,13,おんがく,音楽,音樂,Noun,arts-media,,,,,,,,,,,,,,,,,,,,,,,,,,,,,,,,,,,,,,
9,単語,14,うた,歌,歌,Noun,arts-media,,,,,,,,,,,,,,,,,,,,,,,,,,,,,,,,,,,,,,
9,単語,15,クラシック,,古典音樂,Noun,arts-media,,,,,,,,,,,,,,,,,,,,,,,,,,,,,,,,,,,,,,
9,単語,16,ジャズ,,爵士樂,Noun,arts-media,,,,,,,,,,,,,,,,,,,,,,,,,,,,,,,,,,,,,,
9,単語,17,コンサート,,音樂會、演唱會,Noun,arts-media,,,,,,,,,,,,,,,,,,,,,,,,,,,,,,,,,,,,,,
9,単語,18,カラオケ,,卡拉OK、KTV,Noun,arts-media,,,,,,,,,,,,,,,,,,,,,,,,,,,,,,,,,,,,,,
9,単語,19,かぶき,歌舞伎,歌舞伎（日本傳統戲劇之一）,Noun,arts-media,,,,,,,,,,,,,,,,,,,,,,,,,,,,,,,,,,,,,,
9,単語,20,え,絵,畫,Noun,arts-media,,,,,,,,,,,,,,,,,,,,,,,,,,,,,,,,,,,,,,
9,単語,21,じ*,字,字,Noun,object,,,,,,,,,,,,,,,,,,,,,,,,,,,,,,,,,,,,,,
9,単語,22,かんじ,漢字,漢字,Noun,language-study,,,,,,,,,,,,,,,,,,,,,,,,,,,,,,,,,,,,,,
9,単語,23,ひらがな,,平假名,Noun,language-study,,,,,,,,,,,,,,,,,,,,,,,,,,,,,,,,,,,,,,
9,単語,24,かたかな,,片假名,Noun,language-study,,,,,,,,,,,,,,,,,,,,,,,,,,,,,,,,,,,,,,
9,単語,25,ローマじ,ローマ字,羅馬字母,Noun,family,,,,,,,,,,,,,,,,,,,,,,,,,,,,,,,,,,,,,,
9,単語,26,こまかい おかね,細かい お金,零錢,Phrase,expression,,,,,,,,,,,,,,,,,,,,,,,,,,,,,,,,,,,,,,
9,単語,27,チケット,,票,Noun,object,,,,,,,,,,,,,,,,,,,,,,,,,,,,,,,,,,,,,,
9,単語,28,じかん,時間,時間,Noun,time,,,,,,,,,,,,,,,,,,,,,,,,,,,,,,,,,,,,,,
9,単語,29,ようじ,用事,事情,Noun,abstract,,,,,,,,,,,,,,,,,,,,,,,,,,,,,,,,,,,,,,
9,単語,30,やくそく,約束,約定（〜[を] します：約定）,Noun,abstract,,,,,,,,,,,,,,,,,,,,,,,,,,,,,,,,,,,,,,
9,単語,31,アルバイト,,打工（〜を します：打工）,Noun,hobby-sport,,,,,,,,,,,,,,,,,,,,,,,,,,,,,,,,,,,,,,
9,単語,32,ごしゅじん,ご主人,（別人的）丈夫,Noun,family,,,,,,,,,,,,,,,,,,,,,,,,,,,,,,,,,,,,,,
9,単語,33,おっと／しゅじん,夫／主人,（自己的）丈夫,Noun,family,,,,,,,,,,,,,,,,,,,,,,,,,,,,,,,,,,,,,,
9,単語,34,おくさん,奥さん,（別人的）妻子,Noun,family,,,,,,,,,,,,,,,,,,,,,,,,,,,,,,,,,,,,,,
9,単語,35,つま／かない,妻／家内,（自己的）妻子,Phrase,expression,,,,,,,,,,,,,,,,,,,,,,,,,,,,,,,,,,,,,,
9,単語,36,こども,子ども,小孩,Noun,family,,,,,,,,,,,,,,,,,,,,,,,,,,,,,,,,,,,,,,
9,単語,37,よく,,很、非常,Adverb,function,,,,,,,,,,,,,,,,,,,,,,,,,,,,,,,,,,,,,,
9,単語,38,だいたい,大体,大致、大概,Adverb,function,,,,,,,,,,,,,,,,,,,,,,,,,,,,,,,,,,,,,,
9,単語,39,たくさん,,很多,Adverb,function,,,,,,,,,,,,,,,,,,,,,,,,,,,,,,,,,,,,,,
9,単語,40,すこし,少し,一些、一點,Adverb,function,,,,,,,,,,,,,,,,,,,,,,,,,,,,,,,,,,,,,,
9,単語,41,ぜんぜん,全然,完全～（後接否定）,Adverb,function,,,,,,,,,,,,,,,,,,,,,,,,,,,,,,,,,,,,,,
9,単語,42,はやく,早く、速く,早、快,Adverb,function,,,,,,,,,,,,,,,,,,,,,,,,,,,,,,,,,,,,,,
9,単語,43,〜から,,因為～,Phrase,expression,,,,,,,,,,,,,,,,,,,,,,,,,,,,,,,,,,,,,,
9,単語,44,どうして,,怎麼樣、為什麼,Phrase,expression,,,,,,,,,,,,,,,,,,,,,,,,,,,,,,,,,,,,,,
9,会話,1,ああ,,啊,Phrase,expression,,,,,,,,,,,,,,,,,,,,,,,,,,,,,,,,,,,,,,
9,会話,2,いっしょに いかがですか。,,一起來怎麼樣？,Phrase,expression,,,,,,,,,,,,,,,,,,,,,,,,,,,,,,,,,,,,,,
9,会話,3,[〜は] ちょっと……。,,〔～〕有點……。（委婉拒絕的說法）,Phrase,expression,,,,,,,,,,,,,,,,,,,,,,,,,,,,,,,,,,,,,,
9,会話,4,だめですか。,,不行嗎？,Phrase,expression,,,,,,,,,,,,,,,,,,,,,,,,,,,,,,,,,,,,,,
9,会話,5,また こんど おねがいします。,また 今度 お願いします。,下次再請邀我。（考慮到對方的心情，間接拒絕的說法）,Phrase,expression,,,,,,,,,,,,,,,,,,,,,,,,,,,,,,,,,,,,,,
9,練習C,1,かしてください。,貸して ください。,請借給我。,Phrase,expression,,,,,,,,,,,,,,,,,,,,,,,,,,,,,,,,,,,,,,
9,練習C,2,いいですよ。,,好啊。,Phrase,expression,,,,,,,,,,,,,,,,,,,,,,,,,,,,,,,,,,,,,,
9,練習C,3,ざんねんです[が],残念です[が],〔雖然〕很遺憾,Phrase,expression,,,,,,,,,,,,,,,,,,,,,,,,,,,,,,,,,,,,,,
10,単語,1,あります,,在、有（不會活動的東西）,Verb,v-other,I,ある,,ある,,あります,,あります,,ありました,,ありません,,あって,,あった,,ない,,なかった,,,,あれば,,あれる,,あられる,,あらせる,,あらせられる,,あれ,,あろう,,inferred-group; irregular-override; no-kanji
10,単語,2,います,,在、有（會活動的人、動物）,Verb,v-other,II,いる,,いる,,います,,います,,いました,,いません,,いて,,いた,,いない,,いなかった,,い,,いれば,,いられる,,いられる,,いさせる,,いさせられる,,いろ,,いよう,,inferred-group; no-kanji
10,単語,3,いろいろ [な],,各式各樣,na-Adjective,descriptive,,,,,,,,,,,,,,,,,,,,,,,,,,,,,,,,,,,,,,
10,単語,4,おとこの ひと,男の 人,男人,Phrase,expression,,,,,,,,,,,,,,,,,,,,,,,,,,,,,,,,,,,,,,
10,単語,5,おんなの ひと,女の 人,女人,Phrase,expression,,,,,,,,,,,,,,,,,,,,,,,,,,,,,,,,,,,,,,
10,単語,6,おとこの こ,男の 子,男孩,Noun,family,,,,,,,,,,,,,,,,,,,,,,,,,,,,,,,,,,,,,,
10,単語,7,おんなの こ,女の 子,女孩,Noun,family,,,,,,,,,,,,,,,,,,,,,,,,,,,,,,,,,,,,,,
10,単語,8,いぬ,犬,狗,Noun,animals-plants,,,,,,,,,,,,,,,,,,,,,,,,,,,,,,,,,,,,,,
10,単語,9,ねこ,猫,貓,Noun,animals-plants,,,,,,,,,,,,,,,,,,,,,,,,,,,,,,,,,,,,,,
10,単語,10,パンダ,,貓熊,Noun,animals-plants,,,,,,,,,,,,,,,,,,,,,,,,,,,,,,,,,,,,,,
10,単語,11,ぞう,象,大象,Noun,animals-plants,,,,,,,,,,,,,,,,,,,,,,,,,,,,,,,,,,,,,,
10,単語,12,き,木,樹木,Noun,animals-plants,,,,,,,,,,,,,,,,,,,,,,,,,,,,,,,,,,,,,,
10,単語,13,もの,物,東西,Noun,position,,,,,,,,,,,,,,,,,,,,,,,,,,,,,,,,,,,,,,
10,単語,14,でんち,電池,電池,Noun,electronics,,,,,,,,,,,,,,,,,,,,,,,,,,,,,,,,,,,,,,
10,単語,15,はこ,箱,箱子,Noun,furniture,,,,,,,,,,,,,,,,,,,,,,,,,,,,,,,,,,,,,,
10,単語,16,スイッチ,,開關,Noun,electronics,,,,,,,,,,,,,,,,,,,,,,,,,,,,,,,,,,,,,,
10,単語,17,れいぞうこ,冷蔵庫,冰箱,Noun,electronics,,,,,,,,,,,,,,,,,,,,,,,,,,,,,,,,,,,,,,
10,単語,18,テーブル,,餐桌、桌子,Noun,food-drink,,,,,,,,,,,,,,,,,,,,,,,,,,,,,,,,,,,,,,
10,単語,19,ベッド,,床,Noun,furniture,,,,,,,,,,,,,,,,,,,,,,,,,,,,,,,,,,,,,,
10,単語,20,たな,棚,架子,Noun,furniture,,,,,,,,,,,,,,,,,,,,,,,,,,,,,,,,,,,,,,
10,単語,21,ドア,,門,Noun,furniture,,,,,,,,,,,,,,,,,,,,,,,,,,,,,,,,,,,,,,
10,単語,22,まど,窓,窗戶,Noun,furniture,,,,,,,,,,,,,,,,,,,,,,,,,,,,,,,,,,,,,,
10,単語,23,ポスト,,郵筒、信箱,Noun,furniture,,,,,,,,,,,,,,,,,,,,,,,,,,,,,,,,,,,,,,
10,単語,24,ビル,,大樓,Noun,place,,,,,,,,,,,,,,,,,,,,,,,,,,,,,,,,,,,,,,
10,単語,25,エーティーエム,ATM,自動櫃員機、自動提款機,Noun,electronics,,,,,,,,,,,,,,,,,,,,,,,,,,,,,,,,,,,,,,
10,単語,26,コンビニ,,便利商店、超商,Noun,place,,,,,,,,,,,,,,,,,,,,,,,,,,,,,,,,,,,,,,
10,単語,27,こうえん,公園,公園,Noun,place,,,,,,,,,,,,,,,,,,,,,,,,,,,,,,,,,,,,,,
10,単語,28,きっさてん,喫茶店,咖啡店,Noun,place,,,,,,,,,,,,,,,,,,,,,,,,,,,,,,,,,,,,,,
10,単語,29,〜や,〜屋,～店,Phrase,expression,,,,,,,,,,,,,,,,,,,,,,,,,,,,,,,,,,,,,,
10,単語,30,のりば,乗り場,乘車處（計程車、電車等）,Noun,transport,,,,,,,,,,,,,,,,,,,,,,,,,,,,,,,,,,,,,,
10,単語,31,けん,県,縣,Noun,object,,,,,,,,,,,,,,,,,,,,,,,,,,,,,,,,,,,,,,
10,単語,32,うえ,上,上,Noun,position,,,,,,,,,,,,,,,,,,,,,,,,,,,,,,,,,,,,,,
10,単語,33,した,下,下,Noun,position,,,,,,,,,,,,,,,,,,,,,,,,,,,,,,,,,,,,,,
10,単語,34,まえ,前,前,Noun,position,,,,,,,,,,,,,,,,,,,,,,,,,,,,,,,,,,,,,,
10,単語,35,うしろ,,後,Noun,position,,,,,,,,,,,,,,,,,,,,,,,,,,,,,,,,,,,,,,
10,単語,36,みぎ,右,右,Noun,position,,,,,,,,,,,,,,,,,,,,,,,,,,,,,,,,,,,,,,
10,単語,37,ひだり,左,左,Noun,position,,,,,,,,,,,,,,,,,,,,,,,,,,,,,,,,,,,,,,
10,単語,38,なか,中,中間、裡面,Noun,position,,,,,,,,,,,,,,,,,,,,,,,,,,,,,,,,,,,,,,
10,単語,39,そと*,外,外面,Noun,position,,,,,,,,,,,,,,,,,,,,,,,,,,,,,,,,,,,,,,
10,単語,40,となり,隣,旁邊,Noun,position,,,,,,,,,,,,,,,,,,,,,,,,,,,,,,,,,,,,,,
10,単語,41,ちかく,近く,附近,Noun,position,,,,,,,,,,,,,,,,,,,,,,,,,,,,,,,,,,,,,,
10,単語,42,あいだ,間,～之間,Noun,position,,,,,,,,,,,,,,,,,,,,,,,,,,,,,,,,,,,,,,
10,単語,43,〜や 〜 [など],,～和～（等）,Phrase,expression,,,,,,,,,,,,,,,,,,,,,,,,,,,,,,,,,,,,,,
10,会話,1,[どうも] すみません。,,〔真是〕謝謝你。,Phrase,greeting,,,,,,,,,,,,,,,,,,,,,,,,,,,,,,,,,,,,,,
10,会話,2,チリソース,,魚露,Noun,food-drink,,,,,,,,,,,,,,,,,,,,,,,,,,,,,,,,,,,,,,
10,会話,3,コーナー,,專區、專櫃,Noun,place,,,,,,,,,,,,,,,,,,,,,,,,,,,,,,,,,,,,,,
10,会話,4,いちばん した,いちばん 下,最下面,Phrase,expression,,,,,,,,,,,,,,,,,,,,,,,,,,,,,,,,,,,,,,
10,関連単語,1,とうきょうディズニーランド,東京ディズニーランド,東京迪士尼樂園,Noun,proper-noun,,,,,,,,,,,,,,,,,,,,,,,,,,,,,,,,,,,,,,
10,関連単語,2,アジアストア,,亞細亞超市（虛構的超市名）,Noun,proper-noun,,,,,,,,,,,,,,,,,,,,,,,,,,,,,,,,,,,,,,
11,単語,1,います [こどもが〜],[子どもが〜],有〔小孩〕,Verb,v-other,II,いる,,いる,,います,,います,,いました,,いません,,いて,,いた,,いない,,いなかった,,い,,いれば,,いられる,,いられる,,いさせる,,いさせられる,,いろ,,いよう,,inferred-group; no-kanji
11,単語,2,います [にほんに〜],[日本に〜],在〔日本〕,Verb,v-other,II,いる,,いる,,います,,います,,いました,,いません,,いて,,いた,,いない,,いなかった,,い,,いれば,,いられる,,いられる,,いさせる,,いさせられる,,いろ,,いよう,,inferred-group; no-kanji
11,単語,3,かかります,,花費（時間、金錢等）,Verb,v-other,I,かかる,,かかる,,かかります,,かかります,,かかりました,,かかりません,,かかって,,かかった,,かからない,,かからなかった,,かから,,かかれば,,かかれる,,かかられる,,かからせる,,かからせられる,,かかれ,,かかろう,,inferred-group; no-kanji
11,単語,4,やすみます [かいしゃを〜],休みます [会社を〜],〔向公司〕請假,Verb,v-daily,I,やすむ,休む,やすむ,休む,やすみます,休みます,やすみます,休みます,やすみました,休みました,やすみません,休みません,やすんで,休んで,やすんだ,休んだ,やすまない,休まない,やすまなかった,休まなかった,やすま,休ま,やすめば,休めば,やすめる,休める,やすまれる,休まれる,やすませる,休ませる,やすませられる,休ませられる,やすめ,休め,やすもう,休もう,inferred-group
11,単語,5,ひとつ,1つ,一個（用於數東西時）,Noun,position,,,,,,,,,,,,,,,,,,,,,,,,,,,,,,,,,,,,,,
11,単語,6,ふたつ,2つ,二、兩個,Noun,object,,,,,,,,,,,,,,,,,,,,,,,,,,,,,,,,,,,,,,
11,単語,7,みっつ,3つ,三、三個,Noun,object,,,,,,,,,,,,,,,,,,,,,,,,,,,,,,,,,,,,,,
11,単語,8,よっつ,4つ,四、四個,Noun,object,,,,,,,,,,,,,,,,,,,,,,,,,,,,,,,,,,,,,,
11,単語,9,いつつ,5つ,五、五個,Noun,object,,,,,,,,,,,,,,,,,,,,,,,,,,,,,,,,,,,,,,
11,単語,10,むっつ,6つ,六、六個,Noun,object,,,,,,,,,,,,,,,,,,,,,,,,,,,,,,,,,,,,,,
11,単語,11,ななつ,7つ,七、七個,Noun,object,,,,,,,,,,,,,,,,,,,,,,,,,,,,,,,,,,,,,,
11,単語,12,やっつ,8つ,八、八個,Noun,object,,,,,,,,,,,,,,,,,,,,,,,,,,,,,,,,,,,,,,
11,単語,13,ここのつ,9つ,九、九個,Noun,object,,,,,,,,,,,,,,,,,,,,,,,,,,,,,,,,,,,,,,
11,単語,14,とお,10,十、十個,Noun,object,,,,,,,,,,,,,,,,,,,,,,,,,,,,,,,,,,,,,,
11,単語,15,いくつ,,多少,Noun,number-quantity,,,,,,,,,,,,,,,,,,,,,,,,,,,,,,,,,,,,,,
11,単語,16,ひとり,1人,一個人,Noun,object,,,,,,,,,,,,,,,,,,,,,,,,,,,,,,,,,,,,,,
11,単語,17,ふたり,2人,兩個人,Noun,object,,,,,,,,,,,,,,,,,,,,,,,,,,,,,,,,,,,,,,
11,単語,18,〜にん,〜人,…個人 …口人,Phrase,expression,,,,,,,,,,,,,,,,,,,,,,,,,,,,,,,,,,,,,,
11,単語,19,〜だい,〜台,…台（數機械、車輛等的量詞）,Phrase,expression,,,,,,,,,,,,,,,,,,,,,,,,,,,,,,,,,,,,,,
11,単語,20,〜まい,〜枚,…枚 …張（數紙張、郵票等的量詞）,Phrase,expression,,,,,,,,,,,,,,,,,,,,,,,,,,,,,,,,,,,,,,
11,単語,21,〜かい,〜回,…次,Phrase,expression,,,,,,,,,,,,,,,,,,,,,,,,,,,,,,,,,,,,,,
11,単語,22,りんご,,蘋果,Noun,food-drink,,,,,,,,,,,,,,,,,,,,,,,,,,,,,,,,,,,,,,
11,単語,23,みかん,,橘子,Noun,food-drink,,,,,,,,,,,,,,,,,,,,,,,,,,,,,,,,,,,,,,
11,単語,24,サンドイッチ,,三明治,Noun,food-drink,,,,,,,,,,,,,,,,,,,,,,,,,,,,,,,,,,,,,,
11,単語,25,カレー [ライス],,咖哩（飯）,Noun,food-drink,,,,,,,,,,,,,,,,,,,,,,,,,,,,,,,,,,,,,,
11,単語,26,アイスクリーム,,冰淇淋,Noun,food-drink,,,,,,,,,,,,,,,,,,,,,,,,,,,,,,,,,,,,,,
11,単語,27,きって,切手,郵票,Noun,stationery,,,,,,,,,,,,,,,,,,,,,,,,,,,,,,,,,,,,,,
11,単語,28,はがき,,明信片,Noun,stationery,,,,,,,,,,,,,,,,,,,,,,,,,,,,,,,,,,,,,,
11,単語,29,ふうとう,封筒,信封,Noun,stationery,,,,,,,,,,,,,,,,,,,,,,,,,,,,,,,,,,,,,,
11,単語,30,りょうしん,両親,父母、雙親,Noun,family,,,,,,,,,,,,,,,,,,,,,,,,,,,,,,,,,,,,,,
11,単語,31,きょうだい,兄弟,兄弟姊妹,Noun,family,,,,,,,,,,,,,,,,,,,,,,,,,,,,,,,,,,,,,,
11,単語,32,あに,兄,兄,Noun,family,,,,,,,,,,,,,,,,,,,,,,,,,,,,,,,,,,,,,,
11,単語,33,おにいさん*,お兄さん,（別人的）哥哥,Noun,object,,,,,,,,,,,,,,,,,,,,,,,,,,,,,,,,,,,,,,
11,単語,34,あね,姉,姊,Noun,family,,,,,,,,,,,,,,,,,,,,,,,,,,,,,,,,,,,,,,
11,単語,35,おねえさん*,お姉さん,（別人的）姊姊,Noun,family,,,,,,,,,,,,,,,,,,,,,,,,,,,,,,,,,,,,,,
11,単語,36,おとうと,弟,（自己的）弟弟,Noun,family,,,,,,,,,,,,,,,,,,,,,,,,,,,,,,,,,,,,,,
11,単語,37,おとうとさん*,弟さん,（別人的）弟弟,Noun,family,,,,,,,,,,,,,,,,,,,,,,,,,,,,,,,,,,,,,,
11,単語,38,いもうと,妹,妹,Noun,family,,,,,,,,,,,,,,,,,,,,,,,,,,,,,,,,,,,,,,
11,単語,39,いもうとさん*,妹さん,（別人的）妹妹,Noun,family,,,,,,,,,,,,,,,,,,,,,,,,,,,,,,,,,,,,,,
11,単語,40,がいこく,外国,外國,Noun,country,,,,,,,,,,,,,,,,,,,,,,,,,,,,,,,,,,,,,,
11,単語,41,りゅうがくせい,留学生,留學生,Noun,occupation,,,,,,,,,,,,,,,,,,,,,,,,,,,,,,,,,,,,,,
11,単語,42,クラス,,班級,Noun,object,,,,,,,,,,,,,,,,,,,,,,,,,,,,,,,,,,,,,,
11,単語,43,〜じかん,〜時間,…小時,Phrase,expression,,,,,,,,,,,,,,,,,,,,,,,,,,,,,,,,,,,,,,
11,単語,44,〜しゅうかん,〜週間,…星期,Phrase,expression,,,,,,,,,,,,,,,,,,,,,,,,,,,,,,,,,,,,,,
11,単語,45,〜かげつ,〜か月,…個月,Phrase,expression,,,,,,,,,,,,,,,,,,,,,,,,,,,,,,,,,,,,,,
11,単語,46,〜ねん,〜年,…年,Phrase,expression,,,,,,,,,,,,,,,,,,,,,,,,,,,,,,,,,,,,,,
11,単語,47,〜ぐらい,,〜左右、大約〜,Phrase,expression,,,,,,,,,,,,,,,,,,,,,,,,,,,,,,,,,,,,,,
11,単語,48,どのくらい,,多久時間,Phrase,expression,,,,,,,,,,,,,,,,,,,,,,,,,,,,,,,,,,,,,,
11,単語,49,ぜんぶで,全部で,一共、合計,Phrase,expression,,,,,,,,,,,,,,,,,,,,,,,,,,,,,,,,,,,,,,
11,単語,50,みんな,,全部、大家,Noun,people,,,,,,,,,,,,,,,,,,,,,,,,,,,,,,,,,,,,,,
11,単語,51,〜だけ,,只〜,Phrase,expression,,,,,,,,,,,,,,,,,,,,,,,,,,,,,,,,,,,,,,
11,会話,1,いい [お]てんきですね。,いい [お]天気ですね。,天氣真好啊。,Phrase,expression,,,,,,,,,,,,,,,,,,,,,,,,,,,,,,,,,,,,,,
11,会話,2,おでかけですか。,お出かけですか。,您要外出啊？,Phrase,expression,,,,,,,,,,,,,,,,,,,,,,,,,,,,,,,,,,,,,,
11,会話,3,ちょっと 〜まで。,,我去去〜。,Phrase,expression,,,,,,,,,,,,,,,,,,,,,,,,,,,,,,,,,,,,,,
11,会話,4,いってらっしゃい。,行ってらっしゃい。,請慢走。（送家人使用）,Phrase,expression,,,,,,,,,,,,,,,,,,,,,,,,,,,,,,,,,,,,,,
11,会話,5,いってきます。,行ってきます。,我出門了。（出門的人使用）,Phrase,expression,,,,,,,,,,,,,,,,,,,,,,,,,,,,,,,,,,,,,,
11,会話,6,ふなびん,船便,船運,Noun,transport,,,,,,,,,,,,,,,,,,,,,,,,,,,,,,,,,,,,,,
11,会話,7,こうくうびん (エアメール),航空便,空運（航空郵件）,Noun,communication,,,,,,,,,,,,,,,,,,,,,,,,,,,,,,,,,,,,,,
11,会話,8,おねがいします。,お願いします。,拜託了。,Phrase,expression,,,,,,,,,,,,,,,,,,,,,,,,,,,,,,,,,,,,,,
11,練習C,1,かしこまりました。,,明白了。（服務業對客人使用的禮貌用語）,Phrase,expression,,,,,,,,,,,,,,,,,,,,,,,,,,,,,,,,,,,,,,
11,関連単語,1,オーストラリア,,澳洲,Noun,country,,,,,,,,,,,,,,,,,,,,,,,,,,,,,,,,,,,,,,
12,単語,1,かんたん [な],簡単 [な],簡單,na-Adjective,descriptive,,,,,,,,,,,,,,,,,,,,,,,,,,,,,,,,,,,,,,
12,単語,2,ちかい,近い,近,i-Adjective,descriptive,,,,,,,,,,,,,,,,,,,,,,,,,,,,,,,,,,,,,,
12,単語,3,とおい*,遠い,遠,i-Adjective,descriptive,,,,,,,,,,,,,,,,,,,,,,,,,,,,,,,,,,,,,,
12,単語,4,はやい,速い、早い,快、早,i-Adjective,descriptive,,,,,,,,,,,,,,,,,,,,,,,,,,,,,,,,,,,,,,
12,単語,5,おそい*,遅い,慢,i-Adjective,descriptive,,,,,,,,,,,,,,,,,,,,,,,,,,,,,,,,,,,,,,
12,単語,6,おおい [ひとが〜],多い [人が〜],〔人〕多,i-Adjective,descriptive,,,,,,,,,,,,,,,,,,,,,,,,,,,,,,,,,,,,,,
12,単語,7,すくない* [ひとが〜],少ない [人が〜],〔人〕少,i-Adjective,descriptive,,,,,,,,,,,,,,,,,,,,,,,,,,,,,,,,,,,,,,
12,単語,8,あたたかい,暖かい、温かい,溫暖、溫,i-Adjective,descriptive,,,,,,,,,,,,,,,,,,,,,,,,,,,,,,,,,,,,,,
12,単語,9,すずしい,涼しい,涼快,i-Adjective,descriptive,,,,,,,,,,,,,,,,,,,,,,,,,,,,,,,,,,,,,,
12,単語,10,あまい,甘い,甜,i-Adjective,descriptive,,,,,,,,,,,,,,,,,,,,,,,,,,,,,,,,,,,,,,
12,単語,11,からい,辛い,辣,i-Adjective,descriptive,,,,,,,,,,,,,,,,,,,,,,,,,,,,,,,,,,,,,,
12,単語,12,おもい,重い,重,i-Adjective,descriptive,,,,,,,,,,,,,,,,,,,,,,,,,,,,,,,,,,,,,,
12,単語,13,かるい*,軽い,輕,i-Adjective,descriptive,,,,,,,,,,,,,,,,,,,,,,,,,,,,,,,,,,,,,,
12,単語,14,いい [コーヒーが〜],,〔咖啡〕好（從兩種物品中選擇時）,i-Adjective,descriptive,,,,,,,,,,,,,,,,,,,,,,,,,,,,,,,,,,,,,,
12,単語,15,きせつ,季節,季節,Noun,time,,,,,,,,,,,,,,,,,,,,,,,,,,,,,,,,,,,,,,
12,単語,16,はる,春,春天,Noun,time,,,,,,,,,,,,,,,,,,,,,,,,,,,,,,,,,,,,,,
12,単語,17,なつ,夏,夏天,Noun,time,,,,,,,,,,,,,,,,,,,,,,,,,,,,,,,,,,,,,,
12,単語,18,あき,秋,秋天,Noun,time,,,,,,,,,,,,,,,,,,,,,,,,,,,,,,,,,,,,,,
12,単語,19,ふゆ,冬,冬天,Noun,time,,,,,,,,,,,,,,,,,,,,,,,,,,,,,,,,,,,,,,
12,単語,20,てんき,天気,天氣,Noun,nature-weather,,,,,,,,,,,,,,,,,,,,,,,,,,,,,,,,,,,,,,
12,単語,21,あめ,雨,雨,Noun,nature-weather,,,,,,,,,,,,,,,,,,,,,,,,,,,,,,,,,,,,,,
12,単語,22,ゆき,雪,雪,Noun,nature-weather,,,,,,,,,,,,,,,,,,,,,,,,,,,,,,,,,,,,,,
12,単語,23,くもり,曇り,陰天,Noun,nature-weather,,,,,,,,,,,,,,,,,,,,,,,,,,,,,,,,,,,,,,
12,単語,24,ホテル,,飯店,Noun,place,,,,,,,,,,,,,,,,,,,,,,,,,,,,,,,,,,,,,,
12,単語,25,くうこう,空港,機場,Noun,place,,,,,,,,,,,,,,,,,,,,,,,,,,,,,,,,,,,,,,
12,単語,26,うみ,海,海,Noun,nature-weather,,,,,,,,,,,,,,,,,,,,,,,,,,,,,,,,,,,,,,
12,単語,27,せかい,世界,世界,Noun,nature-weather,,,,,,,,,,,,,,,,,,,,,,,,,,,,,,,,,,,,,,
12,単語,28,パーティー,,派對、宴會（〜を します：舉辦派對）,Noun,hobby-sport,,,,,,,,,,,,,,,,,,,,,,,,,,,,,,,,,,,,,,
12,単語,29,[お]まつり,[お]祭り,慶典、廟會,Noun,object,,,,,,,,,,,,,,,,,,,,,,,,,,,,,,,,,,,,,,
12,単語,30,すきやき*,すき焼き,壽喜燒,Noun,food-drink,,,,,,,,,,,,,,,,,,,,,,,,,,,,,,,,,,,,,,
12,単語,31,さしみ*,刺身,生魚片,Noun,food-drink,,,,,,,,,,,,,,,,,,,,,,,,,,,,,,,,,,,,,,
12,単語,32,[お]すし,,壽司,Noun,food-drink,,,,,,,,,,,,,,,,,,,,,,,,,,,,,,,,,,,,,,
12,単語,33,てんぷら,,天婦羅,Noun,food-drink,,,,,,,,,,,,,,,,,,,,,,,,,,,,,,,,,,,,,,
12,単語,34,ぶたにく*,豚肉,豬肉,Noun,food-drink,,,,,,,,,,,,,,,,,,,,,,,,,,,,,,,,,,,,,,
12,単語,35,とりにく,とり肉,雞肉,Noun,food-drink,,,,,,,,,,,,,,,,,,,,,,,,,,,,,,,,,,,,,,
12,単語,36,ぎゅうにく,牛肉,牛肉,Noun,food-drink,,,,,,,,,,,,,,,,,,,,,,,,,,,,,,,,,,,,,,
12,単語,37,レモン,,檸檬,Noun,food-drink,,,,,,,,,,,,,,,,,,,,,,,,,,,,,,,,,,,,,,
12,単語,38,いけばな,生け花,插花（〜を します：插花）,Noun,animals-plants,,,,,,,,,,,,,,,,,,,,,,,,,,,,,,,,,,,,,,
12,単語,39,もみじ,紅葉,楓葉,Noun,animals-plants,,,,,,,,,,,,,,,,,,,,,,,,,,,,,,,,,,,,,,
12,単語,40,どちら,,哪一邊、哪一個（自兩者中擇一）,Pronoun,function,,,,,,,,,,,,,,,,,,,,,,,,,,,,,,,,,,,,,,
12,単語,41,どちらも,,兩者都～,Phrase,expression,,,,,,,,,,,,,,,,,,,,,,,,,,,,,,,,,,,,,,
12,単語,42,いちばん,,最～,Noun,object,,,,,,,,,,,,,,,,,,,,,,,,,,,,,,,,,,,,,,
12,単語,43,ずっと,,～得多,Adverb,function,,,,,,,,,,,,,,,,,,,,,,,,,,,,,,,,,,,,,,
12,単語,44,はじめて,初めて,第一次、初次,Phrase,expression,,,,,,,,,,,,,,,,,,,,,,,,,,,,,,,,,,,,,,
12,会話,1,ただいま。,,我回來了。,Phrase,expression,,,,,,,,,,,,,,,,,,,,,,,,,,,,,,,,,,,,,,
12,会話,2,おかいりなさい。,お帰りなさい。,你回來啦。,Phrase,expression,,,,,,,,,,,,,,,,,,,,,,,,,,,,,,,,,,,,,,
12,会話,3,わあ、すごい ひとですね。,わあ、すごい 人ですね。,哇，人好多啊！,Phrase,expression,,,,,,,,,,,,,,,,,,,,,,,,,,,,,,,,,,,,,,
12,会話,4,つかれました。,疲れました。,（我）累了。,Verb,v-other,II,,,,,,,,,,,,,,,,,,,,,,,,,,,,,,,,,,,,,failed: not in ます-form
12,関連単語,1,ぎおんまつり,祇園祭,祇園祭（京都最有名的慶典活動）,Noun,proper-noun,,,,,,,,,,,,,,,,,,,,,,,,,,,,,,,,,,,,,,
12,関連単語,2,ホンコン,,香港,Noun,proper-noun,,,,,,,,,,,,,,,,,,,,,,,,,,,,,,,,,,,,,,
12,関連単語,3,シンガポール,,新加坡,Noun,proper-noun,,,,,,,,,,,,,,,,,,,,,,,,,,,,,,,,,,,,,,
12,関連単語,4,エービーシーストア,ABCストア,ABC商店（虛構的超市名）,Noun,proper-noun,,,,,,,,,,,,,,,,,,,,,,,,,,,,,,,,,,,,,,
12,関連単語,5,ジャパン,,日本超市（虛構的超市名）,Noun,proper-noun,,,,,,,,,,,,,,,,,,,,,,,,,,,,,,,,,,,,,,
13,単語,1,あそびます,遊びます,玩,Verb,v-daily,I,あそぶ,遊ぶ,あそぶ,遊ぶ,あそびます,遊びます,あそびます,遊びます,あそびました,遊びました,あそびません,遊びません,あそんで,遊んで,あそんだ,遊んだ,あそばない,遊ばない,あそばなかった,遊ばなかった,あそば,遊ば,あそべば,遊べば,あそべる,遊べる,あそばれる,遊ばれる,あそばせる,遊ばせる,あそばせられる,遊ばせられる,あそべ,遊べ,あそぼう,遊ぼう,inferred-group
13,単語,2,およぎます,泳ぎます,游泳,Verb,v-other,I,およぐ,泳ぐ,およぐ,泳ぐ,およぎます,泳ぎます,およぎます,泳ぎます,およぎました,泳ぎました,およぎません,泳ぎません,およいで,泳いで,およいだ,泳いだ,およがない,泳がない,およがなかった,泳がなかった,およが,泳が,およげば,泳げば,およげる,泳げる,およがれる,泳がれる,およがせる,泳がせる,およがせられる,泳がせられる,およげ,泳げ,およごう,泳ごう,inferred-group
13,単語,3,むかえます,迎えます,迎接,Verb,v-motion,II,むかえる,迎える,むかえる,迎える,むかえます,迎えます,むかえます,迎えます,むかえました,迎えました,むかえません,迎えません,むかえて,迎えて,むかえた,迎えた,むかえない,迎えない,むかえなかった,迎えなかった,むかえ,迎え,むかえれば,迎えれば,むかえられる,迎えられる,むかえられる,迎えられる,むかえさせる,迎えさせる,むかえさせられる,迎えさせられる,むかえろ,迎えろ,むかえよう,迎えよう,inferred-group
13,単語,4,つかれます,疲れます,疲累（表示累了的狀態時用「疲れました」）,Verb,v-other,II,つかれる,疲れる,つかれる,疲れる,つかれます,疲れます,つかれます,疲れます,つかれました,疲れました,つかれません,疲れません,つかれて,疲れて,つかれた,疲れた,つかれない,疲れない,つかれなかった,疲れなかった,つかれ,疲れ,つかれれば,疲れれば,つかれられる,疲れられる,つかれられる,疲れられる,つかれさせる,疲れさせる,つかれさせられる,疲れさせられる,つかれろ,疲れろ,つかれよう,疲れよう,inferred-group
13,単語,5,けっこんします,結婚します,結婚,Verb,v-other,III,けっこんする,結婚する,けっこんする,結婚する,けっこんします,結婚します,けっこんします,結婚します,けっこんしました,結婚しました,けっこんしません,結婚しません,けっこんして,結婚して,けっこんした,結婚した,けっこんしない,結婚しない,けっこんしなかった,結婚しなかった,けっこんし,結婚し,けっこんすれば,結婚すれば,けっこんできる,結婚できる,けっこんされる,結婚される,けっこんさせる,結婚させる,けっこんさせられる,結婚させられる,けっこんしろ,結婚しろ,けっこんしよう,結婚しよう,inferred-group; irregular-override
13,単語,6,かいものします,買い物します,購物、買東西,Verb,v-transaction,III,かいものする,買い物する,かいものする,買い物する,かいものします,買い物します,かいものします,買い物します,かいものしました,買い物しました,かいものしません,買い物しません,かいものして,買い物して,かいものした,買い物した,かいものしない,買い物しない,かいものしなかった,買い物しなかった,かいものし,買い物し,かいものすれば,買い物すれば,かいものできる,買い物できる,かいものされる,買い物される,かいものさせる,買い物させる,かいものさせられる,買い物させられる,かいものしろ,買い物しろ,かいものしよう,買い物しよう,inferred-group; irregular-override
13,単語,7,しょくじします,食事します,吃飯、用餐,Verb,v-daily,III,しょくじする,食事する,しょくじする,食事する,しょくじします,食事します,しょくじします,食事します,しょくじしました,食事しました,しょくじしません,食事しません,しょくじして,食事して,しょくじした,食事した,しょくじしない,食事しない,しょくじしなかった,食事しなかった,しょくじし,食事し,しょくじすれば,食事すれば,しょくじできる,食事できる,しょくじされる,食事される,しょくじさせる,食事させる,しょくじさせられる,食事させられる,しょくじしろ,食事しろ,しょくじしよう,食事しよう,inferred-group; irregular-override
13,単語,8,さんぽします [こうえんを〜],散歩します [公園を〜],〔在公園〕散步,Verb,v-daily,III,さんぽする,散歩する,さんぽする,散歩する,さんぽします,散歩します,さんぽします,散歩します,さんぽしました,散歩しました,さんぽしません,散歩しません,さんぽして,散歩して,さんぽした,散歩した,さんぽしない,散歩しない,さんぽしなかった,散歩しなかった,さんぽし,散歩し,さんぽすれば,散歩すれば,さんぽできる,散歩できる,さんぽされる,散歩される,さんぽさせる,散歩させる,さんぽさせられる,散歩させられる,さんぽしろ,散歩しろ,さんぽしよう,散歩しよう,inferred-group; irregular-override
13,単語,9,たいへん [な],大変 [な],很（累）、相當（辛苦）（表示肯、否定的語氣，表示不好的事態）,na-Adjective,descriptive,,,,,,,,,,,,,,,,,,,,,,,,,,,,,,,,,,,,,,
13,単語,10,ほしい,欲しい,想要,i-Adjective,descriptive,,,,,,,,,,,,,,,,,,,,,,,,,,,,,,,,,,,,,,
13,単語,11,ひろい,広い,寬,i-Adjective,descriptive,,,,,,,,,,,,,,,,,,,,,,,,,,,,,,,,,,,,,,
13,単語,12,せまい,狭い,窄,i-Adjective,descriptive,,,,,,,,,,,,,,,,,,,,,,,,,,,,,,,,,,,,,,
13,単語,13,プール,,游泳池,Noun,place,,,,,,,,,,,,,,,,,,,,,,,,,,,,,,,,,,,,,,
13,単語,14,かわ,川,河,Noun,nature-weather,,,,,,,,,,,,,,,,,,,,,,,,,,,,,,,,,,,,,,
13,単語,15,びじゅつ,美術,美術,Noun,language-study,,,,,,,,,,,,,,,,,,,,,,,,,,,,,,,,,,,,,,
13,単語,16,つり,釣り,釣魚（〜を します：釣魚）,Noun,food-drink,,,,,,,,,,,,,,,,,,,,,,,,,,,,,,,,,,,,,,
13,単語,17,スキー,,滑雪（〜を します：滑雪）,Noun,nature-weather,,,,,,,,,,,,,,,,,,,,,,,,,,,,,,,,,,,,,,
13,単語,18,しゅうまつ,週末,週末,Noun,time,,,,,,,,,,,,,,,,,,,,,,,,,,,,,,,,,,,,,,
13,単語,19,[お]しょうがつ,[お]正月,新年,Noun,time,,,,,,,,,,,,,,,,,,,,,,,,,,,,,,,,,,,,,,
13,単語,20,〜ごろ,,～左右（時間的約略）,Phrase,expression,,,,,,,,,,,,,,,,,,,,,,,,,,,,,,,,,,,,,,
13,単語,21,なにか,何か,什麼（表示無特定目的的某件事或物）,Phrase,expression,,,,,,,,,,,,,,,,,,,,,,,,,,,,,,,,,,,,,,
13,単語,22,どこか,何処か,什麼地方（表示無特定目的的某個地方）,Phrase,expression,,,,,,,,,,,,,,,,,,,,,,,,,,,,,,,,,,,,,,
13,会話,1,ごちゅうもんは？,ご注文は？,您要點什麼？,Phrase,expression,,,,,,,,,,,,,,,,,,,,,,,,,,,,,,,,,,,,,,
13,会話,2,ていしょく,定食,套餐,Noun,food-drink,,,,,,,,,,,,,,,,,,,,,,,,,,,,,,,,,,,,,,
13,会話,3,ぎゅうどん,牛どん,牛肉蓋飯,Noun,food-drink,,,,,,,,,,,,,,,,,,,,,,,,,,,,,,,,,,,,,,
13,会話,4,[しょうしょう] おまち ください。,[少々] お待ち ください。,請〔稍〕等一下。,Phrase,expression,,,,,,,,,,,,,,,,,,,,,,,,,,,,,,,,,,,,,,
13,会話,5,〜でございます。,,（「です」的禮貌用語）,Phrase,expression,,,,,,,,,,,,,,,,,,,,,,,,,,,,,,,,,,,,,,
13,会話,6,べつべつに,別々に,分別、各自,Phrase,expression,,,,,,,,,,,,,,,,,,,,,,,,,,,,,,,,,,,,,,
13,練習C,1,のどが かわきました,のどが 渇きました,口渴（表示口渴了的狀態時用「のどが かわきました」）,Phrase,expression,,,,,,,,,,,,,,,,,,,,,,,,,,,,,,,,,,,,,,
13,練習C,2,おなかが すきました,おなかが すきました,肚子餓（表示肚子餓了的狀態時用「おなかが すきました」）,Phrase,expression,,,,,,,,,,,,,,,,,,,,,,,,,,,,,,,,,,,,,,
13,練習C,3,そう しましょう。,,就這麼辦吧。（用於同意對方去做的提議時）,Phrase,expression,,,,,,,,,,,,,,,,,,,,,,,,,,,,,,,,,,,,,,
13,関連単語,1,アキックス,,阿奇克斯（虛構的公司名）,Noun,proper-noun,,,,,,,,,,,,,,,,,,,,,,,,,,,,,,,,,,,,,,
13,関連単語,2,おはようテレビ,,早安電視台（虛構的電視台名）,Phrase,proper-noun,,,,,,,,,,,,,,,,,,,,,,,,,,,,,,,,,,,,,,
14,単語,1,つけます,,開（燈、空調等）,Verb,v-handling,I,,,,,,,,,,,,,,,,,,,,,,,,,,,,,,,,,,,,,failed: can't map ます-stem ending 'け' to a う-row
14,単語,2,けします,消します Ⅰ,消,Verb,v-other,I,けす,消す,けす,消す,けします,消します,けします,消します,けしました,消しました,けしません,消しません,けして,消して,けした,消した,けさない,消さない,けさなかった,消さなかった,けさ,消さ,けせば,消せば,けせる,消せる,けされる,消される,けさせる,消させる,けさせられる,消させられる,けせ,消せ,けそう,消そう,
14,単語,3,あけます,開けます Ⅱ,開（門、窗等）,Verb,v-handling,II,あける,開ける,あける,開ける,あけます,開けます,あけます,開けます,あけました,開けました,あけません,開けません,あけて,開けて,あけた,開けた,あけない,開けない,あけなかった,開けなかった,あけ,開け,あければ,開ければ,あけられる,開けられる,あけられる,開けられる,あけさせる,開けさせる,あけさせられる,開けさせられる,あけろ,開けろ,あけよう,開けよう,
14,単語,4,しめます,閉めます Ⅱ,關（門、窗等）,Verb,v-handling,II,しめる,閉める,しめる,閉める,しめます,閉めます,しめます,閉めます,しめました,閉めました,しめません,閉めません,しめて,閉めて,しめた,閉めた,しめない,閉めない,しめなかった,閉めなかった,しめ,閉め,しめれば,閉めれば,しめられる,閉められる,しめられる,閉められる,しめさせる,閉めさせる,しめさせられる,閉めさせられる,しめろ,閉めろ,しめよう,閉めよう,
14,単語,5,いそぎます,急ぎます Ⅰ,趕快、趕緊,Verb,v-other,I,いそぐ,急ぐ,いそぐ,急ぐ,いそぎます,急ぎます,いそぎます,急ぎます,いそぎました,急ぎました,いそぎません,急ぎません,いそいで,急いで,いそいだ,急いだ,いそがない,急がない,いそがなかった,急がなかった,いそが,急が,いそげば,急げば,いそげる,急げる,いそがれる,急がれる,いそがせる,急がせる,いそがせられる,急がせられる,いそげ,急げ,いそごう,急ごう,
14,単語,6,まちます,待ちます Ⅰ,等待,Verb,v-other,I,まつ,待つ,まつ,待つ,まちます,待ちます,まちます,待ちます,まちました,待ちました,まちません,待ちません,まって,待って,まった,待った,またない,待たない,またなかった,待たなかった,また,待た,まてば,待てば,まてる,待てる,またれる,待たれる,またせる,待たせる,またせられる,待たせられる,まて,待て,まとう,待とう,
14,単語,7,とります,取ります Ⅰ,拿、取,Verb,v-handling,I,とる,取る,とる,取る,とります,取ります,とります,取ります,とりました,取りました,とりません,取りません,とって,取って,とった,取った,とらない,取らない,とらなかった,取らなかった,とら,取ら,とれば,取れば,とれる,取れる,とられる,取られる,とらせる,取らせる,とらせられる,取らせられる,とれ,取れ,とろう,取ろう,
14,単語,8,てつだいます,手伝います Ⅰ,幫忙、協助,Verb,v-communication,I,てつだう,手伝う,てつだう,手伝う,てつだいます,手伝います,てつだいます,手伝います,てつだいました,手伝いました,てつだいません,手伝いません,てつだって,手伝って,てつだった,手伝った,てつだわない,手伝わない,てつだわなかった,手伝わなかった,てつだわ,手伝わ,てつだえば,手伝えば,てつだえる,手伝える,てつだわれる,手伝われる,てつだわせる,手伝わせる,てつだわせられる,手伝わせられる,てつだえ,手伝え,てつだおう,手伝おう,
14,単語,9,よびます,呼びます Ⅰ,叫、喊,Verb,v-communication,I,よぶ,呼ぶ,よぶ,呼ぶ,よびます,呼びます,よびます,呼びます,よびました,呼びました,よびません,呼びません,よんで,呼んで,よんだ,呼んだ,よばない,呼ばない,よばなかった,呼ばなかった,よば,呼ば,よべば,呼べば,よべる,呼べる,よばれる,呼ばれる,よばせる,呼ばせる,よばせられる,呼ばせられる,よべ,呼べ,よぼう,呼ぼう,
14,単語,10,はなします,話します Ⅰ,說話,Verb,v-communication,I,はなす,話す,はなす,話す,はなします,話します,はなします,話します,はなしました,話しました,はなしません,話しません,はなして,話して,はなした,話した,はなさない,話さない,はなさなかった,話さなかった,はなさ,話さ,はなせば,話せば,はなせる,話せる,はなされる,話される,はなさせる,話させる,はなさせられる,話させられる,はなせ,話せ,はなそう,話そう,
14,単語,11,つかいます,使います Ⅰ,使用,Verb,v-handling,I,つかう,使う,つかう,使う,つかいます,使います,つかいます,使います,つかいました,使いました,つかいません,使いません,つかって,使って,つかった,使った,つかわない,使わない,つかわなかった,使わなかった,つかわ,使わ,つかえば,使えば,つかえる,使える,つかわれる,使われる,つかわせる,使わせる,つかわせられる,使わせられる,つかえ,使え,つかおう,使おう,
14,単語,12,とめます,止めます Ⅱ,停,Verb,v-other,II,とめる,止める,とめる,止める,とめます,止めます,とめます,止めます,とめました,止めました,とめません,止めません,とめて,止めて,とめた,止めた,とめない,止めない,とめなかった,止めなかった,とめ,止め,とめれば,止めれば,とめられる,止められる,とめられる,止められる,とめさせる,止めさせる,とめさせられる,止めさせられる,とめろ,止めろ,とめよう,止めよう,
14,単語,13,みせます,見せます Ⅱ,出示、給…看,Verb,v-thinking,II,みせる,見せる,みせる,見せる,みせます,見せます,みせます,見せます,みせました,見せました,みせません,見せません,みせて,見せて,みせた,見せた,みせない,見せない,みせなかった,見せなかった,みせ,見せ,みせれば,見せれば,みせられる,見せられる,みせられる,見せられる,みせさせる,見せさせる,みせさせられる,見せさせられる,みせろ,見せろ,みせよう,見せよう,
14,単語,14,おしえます [じゅうしょを〜],教えます Ⅱ [住所を〜],告訴〔住址〕、教,Verb,v-communication,II,おしえる,教える,おしえる,教える,おしえます,教えます,おしえます,教えます,おしえました,教えました,おしえません,教えません,おしえて,教えて,おしえた,教えた,おしえない,教えない,おしえなかった,教えなかった,おしえ,教え,おしえれば,教えれば,おしえられる,教えられる,おしえられる,教えられる,おしえさせる,教えさせる,おしえさせられる,教えさせられる,おしえろ,教えろ,おしえよう,教えよう,
14,単語,15,すわります,座ります Ⅰ,坐,Verb,v-other,I,すわる,座る,すわる,座る,すわります,座ります,すわります,座ります,すわりました,座りました,すわりません,座りません,すわって,座って,すわった,座った,すわらない,座らない,すわらなかった,座らなかった,すわら,座ら,すわれば,座れば,すわれる,座れる,すわられる,座られる,すわらせる,座らせる,すわらせられる,座らせられる,すわれ,座れ,すわろう,座ろう,
14,単語,16,たちます,立ちます Ⅰ,站,Verb,v-other,I,たつ,立つ,たつ,立つ,たちます,立ちます,たちます,立ちます,たちました,立ちました,たちません,立ちません,たって,立って,たった,立った,たたない,立たない,たたなかった,立たなかった,たた,立た,たてば,立てば,たてる,立てる,たたれる,立たれる,たたせる,立たせる,たたせられる,立たせられる,たて,立て,たとう,立とう,
14,単語,17,はいります [きっさてんに〜],入ります Ⅰ [喫茶店に〜],進入〔咖啡店〕,Verb,v-motion,I,はいる,入る,はいる,入る,はいります,入ります,はいります,入ります,はいりました,入りました,はいりません,入りません,はいって,入って,はいった,入った,はいらない,入らない,はいらなかった,入らなかった,はいら,入ら,はいれば,入れば,はいれる,入れる,はいられる,入られる,はいらせる,入らせる,はいらせられる,入らせられる,はいれ,入れ,はいろう,入ろう,
14,単語,18,でます [きっさてんを〜],出ます Ⅱ [喫茶店を〜],離開〔咖啡店〕,Verb,v-motion,II,でる,出る,でる,出る,でます,出ます,でます,出ます,でました,出ました,でません,出ません,でて,出て,でた,出た,でない,出ない,でなかった,出なかった,で,出,でれば,出れば,でられる,出られる,でられる,出られる,でさせる,出させる,でさせられる,出させられる,でろ,出ろ,でよう,出よう,
14,単語,19,ふります [あめが〜],降ります Ⅰ [雨が〜],下〔雨〕,Verb,v-other,I,ふる,降る,ふる,降る,ふります,降ります,ふります,降ります,ふりました,降りました,ふりません,降りません,ふって,降って,ふった,降った,ふらない,降らない,ふらなかった,降らなかった,ふら,降ら,ふれば,降れば,ふれる,降れる,ふられる,降られる,ふらせる,降らせる,ふらせられる,降らせられる,ふれ,降れ,ふろう,降ろう,
14,単語,20,コピーします,,影印,Verb,v-handling,III,コピーする,,コピーする,,コピーします,,コピーします,,コピーしました,,コピーしません,,コピーして,,コピーした,,コピーしない,,コピーしなかった,,コピーし,,コピーすれば,,コピーできる,,コピーされる,,コピーさせる,,コピーさせられる,,コピーしろ,,コピーしよう,,irregular-override; no-kanji
14,単語,21,でんき,電気,電燈、電氣,Noun,electronics,,,,,,,,,,,,,,,,,,,,,,,,,,,,,,,,,,,,,,
14,単語,22,エアコン,,空調,Noun,electronics,,,,,,,,,,,,,,,,,,,,,,,,,,,,,,,,,,,,,,
14,単語,23,パスポート,,護照,Noun,object,,,,,,,,,,,,,,,,,,,,,,,,,,,,,,,,,,,,,,
14,単語,24,なまえ,名前,姓名,Noun,object,,,,,,,,,,,,,,,,,,,,,,,,,,,,,,,,,,,,,,
14,単語,25,じゅうしょ,住所,住所,Noun,object,,,,,,,,,,,,,,,,,,,,,,,,,,,,,,,,,,,,,,
14,単語,26,ちず,地図,地圖,Noun,object,,,,,,,,,,,,,,,,,,,,,,,,,,,,,,,,,,,,,,
14,単語,27,しお,塩,鹽,Noun,food-drink,,,,,,,,,,,,,,,,,,,,,,,,,,,,,,,,,,,,,,
14,単語,28,さとう,砂糖,砂糖,Noun,food-drink,,,,,,,,,,,,,,,,,,,,,,,,,,,,,,,,,,,,,,
14,単語,29,もんだい,問題,問題,Noun,abstract,,,,,,,,,,,,,,,,,,,,,,,,,,,,,,,,,,,,,,
14,単語,30,こたえ,答え,回答、答案,Noun,abstract,,,,,,,,,,,,,,,,,,,,,,,,,,,,,,,,,,,,,,
14,単語,31,よみかた,読み方,讀法、念法,Noun,language-study,,,,,,,,,,,,,,,,,,,,,,,,,,,,,,,,,,,,,,
14,単語,32,〜かた,〜方,～方法、～方式,Noun,people,,,,,,,,,,,,,,,,,,,,,,,,,,,,,,,,,,,,,,
14,単語,33,まっすぐ,,直直地,Adverb,function,,,,,,,,,,,,,,,,,,,,,,,,,,,,,,,,,,,,,,
14,単語,34,ゆっくり,,慢慢地、好好地,Adverb,function,,,,,,,,,,,,,,,,,,,,,,,,,,,,,,,,,,,,,,
14,単語,35,すぐ,,馬上,Adverb,function,,,,,,,,,,,,,,,,,,,,,,,,,,,,,,,,,,,,,,
14,単語,36,また,,再、又,Phrase,expression,,,,,,,,,,,,,,,,,,,,,,,,,,,,,,,,,,,,,,
14,単語,37,あとで,,等一下,Phrase,expression,,,,,,,,,,,,,,,,,,,,,,,,,,,,,,,,,,,,,,
14,単語,38,もう すこし,もう 少し,再多一點,Phrase,expression,,,,,,,,,,,,,,,,,,,,,,,,,,,,,,,,,,,,,,
14,単語,39,もう 〜,,再～,Phrase,expression,,,,,,,,,,,,,,,,,,,,,,,,,,,,,,,,,,,,,,
14,会話,1,しんごうを みぎへ まがって ください。,信号を 右へ 曲がって ください。,請在紅綠燈向右轉。,Phrase,expression,,,,,,,,,,,,,,,,,,,,,,,,,,,,,,,,,,,,,,
14,会話,2,これで おねがいします。,これで お願いします。,我用這個付錢。,Phrase,expression,,,,,,,,,,,,,,,,,,,,,,,,,,,,,,,,,,,,,,
14,会話,3,おつり,お釣り,找零,Noun,money-shopping,,,,,,,,,,,,,,,,,,,,,,,,,,,,,,,,,,,,,,
14,練習C,1,あれ？,,咦？（用於感到驚訝、懷疑或不解時）,Phrase,expression,,,,,,,,,,,,,,,,,,,,,,,,,,,,,,,,,,,,,,
14,関連単語,1,みどりちょう,緑町,綠町（虛構的地名）,Noun,proper-noun,,,,,,,,,,,,,,,,,,,,,,,,,,,,,,,,,,,,,,
15,単語,1,おきます,置きます Ⅰ,放置,Verb,v-handling,I,おく,置く,おく,置く,おきます,置きます,おきます,置きます,おきました,置きました,おきません,置きません,おいて,置いて,おいた,置いた,おかない,置かない,おかなかった,置かなかった,おか,置か,おけば,置けば,おける,置ける,おかれる,置かれる,おかせる,置かせる,おかせられる,置かせられる,おけ,置け,おこう,置こう,
15,単語,2,つくります,作ります、造ります Ⅰ,做、製造,Verb,v-handling,I,つくる,作ります、造る,つくる,作ります、造る,つくります,作ります、造ります,つくります,作ります、造ります,つくりました,作ります、造りました,つくりません,作ります、造りません,つくって,作ります、造って,つくった,作ります、造った,つくらない,作ります、造らない,つくらなかった,作ります、造らなかった,つくら,作ります、造ら,つくれば,作ります、造れば,つくれる,作ります、造れる,つくられる,作ります、造られる,つくらせる,作ります、造らせる,つくらせられる,作ります、造らせられる,つくれ,作ります、造れ,つくろう,作ります、造ろう,
15,単語,3,うります,売ります Ⅰ,賣,Verb,v-transaction,I,うる,売る,うる,売る,うります,売ります,うります,売ります,うりました,売りました,うりません,売りません,うって,売って,うった,売った,うらない,売らない,うらなかった,売らなかった,うら,売ら,うれば,売れば,うれる,売れる,うられる,売られる,うらせる,売らせる,うらせられる,売らせられる,うれ,売れ,うろう,売ろう,
15,単語,4,しります,知ります Ⅰ,知道,Verb,v-thinking,I,しる,知る,しる,知る,しります,知ります,しります,知ります,しりました,知りました,しりません,知りません,しって,知って,しった,知った,しらない,知らない,しらなかった,知らなかった,しら,知ら,しれば,知れば,しれる,知れる,しられる,知られる,しらせる,知らせる,しらせられる,知らせられる,しれ,知れ,しろう,知ろう,
15,単語,5,すみます,住みます Ⅰ,居住,Verb,v-other,I,すむ,住む,すむ,住む,すみます,住みます,すみます,住みます,すみました,住みました,すみません,住みません,すんで,住んで,すんだ,住んだ,すまない,住まない,すまなかった,住まなかった,すま,住ま,すめば,住めば,すめる,住める,すまれる,住まれる,すませる,住ませる,すませられる,住ませられる,すめ,住め,すもう,住もう,
15,単語,6,けんきゅうします,研究します Ⅲ,研究,Verb,v-other,III,けんきゅうする,研究する,けんきゅうする,研究する,けんきゅうします,研究します,けんきゅうします,研究します,けんきゅうしました,研究しました,けんきゅうしません,研究しません,けんきゅうして,研究して,けんきゅうした,研究した,けんきゅうしない,研究しない,けんきゅうしなかった,研究しなかった,けんきゅうし,研究し,けんきゅうすれば,研究すれば,けんきゅうできる,研究できる,けんきゅうされる,研究される,けんきゅうさせる,研究させる,けんきゅうさせられる,研究させられる,けんきゅうしろ,研究しろ,けんきゅうしよう,研究しよう,irregular-override
15,単語,7,しりょう,資料,資料,Noun,object,,,,,,,,,,,,,,,,,,,,,,,,,,,,,,,,,,,,,,
15,単語,8,カタログ,,目錄、型錄,Noun,object,,,,,,,,,,,,,,,,,,,,,,,,,,,,,,,,,,,,,,
15,単語,9,じこくひょう,時刻表,時刻表,Noun,object,,,,,,,,,,,,,,,,,,,,,,,,,,,,,,,,,,,,,,
15,単語,10,ふく,服,衣服,Noun,clothing,,,,,,,,,,,,,,,,,,,,,,,,,,,,,,,,,,,,,,
15,単語,11,せいひん,製品,產品,Noun,object,,,,,,,,,,,,,,,,,,,,,,,,,,,,,,,,,,,,,,
15,単語,12,ソフト,,軟體,Noun,electronics,,,,,,,,,,,,,,,,,,,,,,,,,,,,,,,,,,,,,,
15,単語,13,でんしじしょ,電子辞書,電子辭典,Noun,stationery,,,,,,,,,,,,,,,,,,,,,,,,,,,,,,,,,,,,,,
15,単語,14,けいざい,経済,經濟,Noun,abstract,,,,,,,,,,,,,,,,,,,,,,,,,,,,,,,,,,,,,,
15,単語,15,しやくしょ,市役所,市政府、市公所,Noun,place,,,,,,,,,,,,,,,,,,,,,,,,,,,,,,,,,,,,,,
15,単語,16,こうこう,高校,高中,Noun,place,,,,,,,,,,,,,,,,,,,,,,,,,,,,,,,,,,,,,,
15,単語,17,はいしゃ,歯医者,牙醫,Noun,occupation,,,,,,,,,,,,,,,,,,,,,,,,,,,,,,,,,,,,,,
15,単語,18,どくしん,独身,單身,Noun,abstract,,,,,,,,,,,,,,,,,,,,,,,,,,,,,,,,,,,,,,
15,単語,19,すみません,,對不起、抱歉,Phrase,greeting,,,,,,,,,,,,,,,,,,,,,,,,,,,,,,,,,,,,,,
15,会話,1,おもいだします,思い出します Ⅰ,想起,Verb,v-thinking,I,おもいだす,思い出す,おもいだす,思い出す,おもいだします,思い出します,おもいだします,思い出します,おもいだしました,思い出しました,おもいだしません,思い出しません,おもいだして,思い出して,おもいだした,思い出した,おもいださない,思い出さない,おもいださなかった,思い出さなかった,おもいださ,思い出さ,おもいだせば,思い出せば,おもいだせる,思い出せる,おもいだされる,思い出される,おもいださせる,思い出させる,おもいださせられる,思い出させられる,おもいだせ,思い出せ,おもいだそう,思い出そう,
15,会話,2,いらっしゃいます,,有、在（「います」的尊敬語）,Verb,v-other,I,いらっしゃる,,いらっしゃる,,いらっしゃいます,,いらっしゃいます,,いらっしゃいました,,いらっしゃいません,,いらっしゃって,,いらっしゃった,,いらっしゃらない,,いらっしゃらなかった,,いらっしゃら,,いらっしゃれば,,いらっしゃれる,,いらっしゃられる,,いらっしゃらせる,,いらっしゃらせられる,,いらっしゃい,,いらっしゃろう,,irregular-override; no-kanji
15,練習C,1,みなさん,皆さん,各位,Noun,people,,,,,,,,,,,,,,,,,,,,,,,,,,,,,,,,,,,,,,
15,関連単語,1,にっぽんばし,日本橋,日本橋（大阪的商業區）,Noun,proper-noun,,,,,,,,,,,,,,,,,,,,,,,,,,,,,,,,,,,,,,
15,関連単語,2,みんなの インタビュー,,大家的採訪（虛構的電視節目名）,Phrase,proper-noun,,,,,,,,,,,,,,,,,,,,,,,,,,,,,,,,,,,,,,
16,単語,1,のります [でんしゃに〜],乗ります Ⅰ [電車に〜],坐、搭乘〔電車〕,Verb,v-motion,I,のる,乗る,のる,乗る,のります,乗ります,のります,乗ります,のりました,乗りました,のりません,乗りません,のって,乗って,のった,乗った,のらない,乗らない,のらなかった,乗らなかった,のら,乗ら,のれば,乗れば,のれる,乗れる,のられる,乗られる,のらせる,乗らせる,のらせられる,乗らせられる,のれ,乗れ,のろう,乗ろう,
16,単語,2,おります [でんしゃを〜],降ります Ⅱ [電車を〜],下〔電車〕,Verb,v-other,II,おりる,降りる,おりる,降りる,おります,降ります,おります,降ります,おりました,降りました,おりません,降りません,おりて,降りて,おりた,降りた,おりない,降りない,おりなかった,降りなかった,おり,降り,おりれば,降りれば,おりられる,降りられる,おりられる,降りられる,おりさせる,降りさせる,おりさせられる,降りさせられる,おりろ,降りろ,おりよう,降りよう,
16,単語,3,のりかえます,乗り換えます Ⅱ,換乘、換車,Verb,v-motion,II,のりかえる,乗り換える,のりかえる,乗り換える,のりかえます,乗り換えます,のりかえます,乗り換えます,のりかえました,乗り換えました,のりかえません,乗り換えません,のりかえて,乗り換えて,のりかえた,乗り換えた,のりかえない,乗り換えない,のりかえなかった,乗り換えなかった,のりかえ,乗り換え,のりかえれば,乗り換えれば,のりかえられる,乗り換えられる,のりかえられる,乗り換えられる,のりかえさせる,乗り換えさせる,のりかえさせられる,乗り換えさせられる,のりかえろ,乗り換えろ,のりかえよう,乗り換えよう,
16,単語,4,あびます [シャワーを〜],浴びます Ⅱ,淋〔浴〕,Verb,v-daily,II,あびる,浴びる,あびる,浴びる,あびます,浴びます,あびます,浴びます,あびました,浴びました,あびません,浴びません,あびて,浴びて,あびた,浴びた,あびない,浴びない,あびなかった,浴びなかった,あび,浴び,あびれば,浴びれば,あびられる,浴びられる,あびられる,浴びられる,あびさせる,浴びさせる,あびさせられる,浴びさせられる,あびろ,浴びろ,あびよう,浴びよう,
16,単語,5,いれます,入れます Ⅱ,放入、插入、泡、煮,Verb,v-handling,II,いれる,入れる,いれる,入れる,いれます,入れます,いれます,入れます,いれました,入れました,いれません,入れません,いれて,入れて,いれた,入れた,いれない,入れない,いれなかった,入れなかった,いれ,入れ,いれれば,入れれば,いれられる,入れられる,いれられる,入れられる,いれさせる,入れさせる,いれさせられる,入れさせられる,いれろ,入れろ,いれよう,入れよう,
16,単語,6,だします,出します Ⅰ,拿出、取出、提交,Verb,v-handling,I,だす,出す,だす,出す,だします,出します,だします,出します,だしました,出しました,だしません,出しません,だして,出して,だした,出した,ださない,出さない,ださなかった,出さなかった,ださ,出さ,だせば,出せば,だせる,出せる,だされる,出される,ださせる,出させる,ださせられる,出させられる,だせ,出せ,だそう,出そう,
16,単語,7,おろします [おかねを〜],下ろします Ⅰ [お金を〜],領〔錢〕,Verb,v-transaction,I,おろす,下ろす,おろす,下ろす,おろします,下ろします,おろします,下ろします,おろしました,下ろしました,おろしません,下ろしません,おろして,下ろして,おろした,下ろした,おろさない,下ろさない,おろさなかった,下ろさなかった,おろさ,下ろさ,おろせば,下ろせば,おろせる,下ろせる,おろされる,下ろされる,おろさせる,下ろさせる,おろさせられる,下ろさせられる,おろせ,下ろせ,おろそう,下ろそう,
16,単語,8,はいります [だいがくに〜],入ります Ⅱ [大学に〜],上〔大學〕,Verb,v-other,II,はいりる,入りる,はいりる,入りる,はいります,入ります,はいります,入ります,はいりました,入りました,はいりません,入りません,はいりて,入りて,はいりた,入りた,はいりない,入りない,はいりなかった,入りなかった,はいり,入り,はいりれば,入りれば,はいりられる,入りられる,はいりられる,入りられる,はいりさせる,入りさせる,はいりさせられる,入りさせられる,はいりろ,入りろ,はいりよう,入りよう,
16,単語,9,でます [だいがくを〜],出ます Ⅱ [大学を〜],〔大學〕畢業,Verb,v-workstudy,II,でる,出る,でる,出る,でます,出ます,でます,出ます,でました,出ました,でません,出ません,でて,出て,でた,出た,でない,出ない,でなかった,出なかった,で,出,でれば,出れば,でられる,出られる,でられる,出られる,でさせる,出させる,でさせられる,出させられる,でろ,出ろ,でよう,出よう,
16,単語,10,おします,押します Ⅰ,按、壓、推,Verb,v-handling,I,おす,押す,おす,押す,おします,押します,おします,押します,おしました,押しました,おしません,押しません,おして,押して,おした,押した,おさない,押さない,おさなかった,押さなかった,おさ,押さ,おせば,押せば,おせる,押せる,おされる,押される,おさせる,押させる,おさせられる,押させられる,おせ,押せ,おそう,押そう,
16,単語,11,のみます,飲みます Ⅱ,喝、喝酒,Verb,v-daily,II,のみる,飲みる,のみる,飲みる,のみます,飲みます,のみます,飲みます,のみました,飲みました,のみません,飲みません,のみて,飲みて,のみた,飲みた,のみない,飲みない,のみなかった,飲みなかった,のみ,飲み,のみれば,飲みれば,のみられる,飲みられる,のみられる,飲みられる,のみさせる,飲みさせる,のみさせられる,飲みさせられる,のみろ,飲みろ,のみよう,飲みよう,
16,単語,12,はじめます,始めます Ⅱ,開始,Verb,v-change,II,はじめる,始める,はじめる,始める,はじめます,始めます,はじめます,始めます,はじめました,始めました,はじめません,始めません,はじめて,始めて,はじめた,始めた,はじめない,始めない,はじめなかった,始めなかった,はじめ,始め,はじめれば,始めれば,はじめられる,始められる,はじめられる,始められる,はじめさせる,始めさせる,はじめさせられる,始めさせられる,はじめろ,始めろ,はじめよう,始めよう,
16,単語,13,けんがくします,見学します Ⅲ,參觀,Verb,v-other,III,けんがくする,見学する,けんがくする,見学する,けんがくします,見学します,けんがくします,見学します,けんがくしました,見学しました,けんがくしません,見学しません,けんがくして,見学して,けんがくした,見学した,けんがくしない,見学しない,けんがくしなかった,見学しなかった,けんがくし,見学し,けんがくすれば,見学すれば,けんがくできる,見学できる,けんがくされる,見学される,けんがくさせる,見学させる,けんがくさせられる,見学させられる,けんがくしろ,見学しろ,けんがくしよう,見学しよう,irregular-override
16,単語,14,でんわします,電話します Ⅲ,打電話,Verb,v-communication,III,でんわする,電話する,でんわする,電話する,でんわします,電話します,でんわします,電話します,でんわしました,電話しました,でんわしません,電話しません,でんわして,電話して,でんわした,電話した,でんわしない,電話しない,でんわしなかった,電話しなかった,でんわし,電話し,でんわすれば,電話すれば,でんわできる,電話できる,でんわされる,電話される,でんわさせる,電話させる,でんわさせられる,電話させられる,でんわしろ,電話しろ,でんわしよう,電話しよう,irregular-override
16,単語,15,わかい,若い,年輕,i-Adjective,descriptive,,,,,,,,,,,,,,,,,,,,,,,,,,,,,,,,,,,,,,
16,単語,16,ながい,長い,長,i-Adjective,descriptive,,,,,,,,,,,,,,,,,,,,,,,,,,,,,,,,,,,,,,
16,単語,17,みじかい,短い,短,i-Adjective,descriptive,,,,,,,,,,,,,,,,,,,,,,,,,,,,,,,,,,,,,,
16,単語,18,あかるい,明るい,明亮,i-Adjective,descriptive,,,,,,,,,,,,,,,,,,,,,,,,,,,,,,,,,,,,,,
16,単語,19,くらい,暗い,昏暗,Phrase,expression,,,,,,,,,,,,,,,,,,,,,,,,,,,,,,,,,,,,,,
16,単語,20,からだ,体,身體,Noun,body-health,,,,,,,,,,,,,,,,,,,,,,,,,,,,,,,,,,,,,,
16,単語,21,あたま,頭,頭、頭腦,Noun,body-health,,,,,,,,,,,,,,,,,,,,,,,,,,,,,,,,,,,,,,
16,単語,22,かみ,髪,頭髮,Noun,body-health,,,,,,,,,,,,,,,,,,,,,,,,,,,,,,,,,,,,,,
16,単語,23,かお*,顔,臉,Noun,body-health,,,,,,,,,,,,,,,,,,,,,,,,,,,,,,,,,,,,,,
16,単語,24,め*,目,眼睛,Noun,body-health,,,,,,,,,,,,,,,,,,,,,,,,,,,,,,,,,,,,,,
16,単語,25,みみ*,耳,耳朵,Noun,body-health,,,,,,,,,,,,,,,,,,,,,,,,,,,,,,,,,,,,,,
16,単語,26,はな*,鼻,鼻子,Noun,body-health,,,,,,,,,,,,,,,,,,,,,,,,,,,,,,,,,,,,,,
16,単語,27,くち,口,嘴巴,Noun,body-health,,,,,,,,,,,,,,,,,,,,,,,,,,,,,,,,,,,,,,
16,単語,28,は*,,牙齒,Particle,function,,,,,,,,,,,,,,,,,,,,,,,,,,,,,,,,,,,,,,
16,単語,29,おなか*,,肚子,Noun,body-health,,,,,,,,,,,,,,,,,,,,,,,,,,,,,,,,,,,,,,
16,単語,30,あし*,足,腳、腿,Noun,body-health,,,,,,,,,,,,,,,,,,,,,,,,,,,,,,,,,,,,,,
16,単語,31,せ,,身高,Noun,body-health,,,,,,,,,,,,,,,,,,,,,,,,,,,,,,,,,,,,,,
16,単語,32,サービス,,服務,Noun,abstract,,,,,,,,,,,,,,,,,,,,,,,,,,,,,,,,,,,,,,
16,単語,33,ジョギング,,慢跑（〜を します：慢跑）,Noun,hobby-sport,,,,,,,,,,,,,,,,,,,,,,,,,,,,,,,,,,,,,,
16,単語,34,シャワー,,淋浴,Noun,object,,,,,,,,,,,,,,,,,,,,,,,,,,,,,,,,,,,,,,
16,単語,35,みどり,緑,綠色,Noun,object,,,,,,,,,,,,,,,,,,,,,,,,,,,,,,,,,,,,,,
16,単語,36,[お]てら,[お]寺,寺廟,Noun,place,,,,,,,,,,,,,,,,,,,,,,,,,,,,,,,,,,,,,,
16,単語,37,じんじゃ,神社,神社,Noun,place,,,,,,,,,,,,,,,,,,,,,,,,,,,,,,,,,,,,,,
16,単語,38,〜ばん,〜番,…號,Phrase,expression,,,,,,,,,,,,,,,,,,,,,,,,,,,,,,,,,,,,,,
16,単語,39,どうやって,,怎麼～（詢問行動方法）,Phrase,expression,,,,,,,,,,,,,,,,,,,,,,,,,,,,,,,,,,,,,,
16,単語,40,どの〜,,哪個～（用於有三項以上的情況時）,Phrase,expression,,,,,,,,,,,,,,,,,,,,,,,,,,,,,,,,,,,,,,
16,単語,41,どれ,,哪一個（用於有三項以上的情況時）,Noun,position,,,,,,,,,,,,,,,,,,,,,,,,,,,,,,,,,,,,,,
16,会話,1,おひきだしですか。,お引き出しですか。,您要提款嗎？,Phrase,expression,,,,,,,,,,,,,,,,,,,,,,,,,,,,,,,,,,,,,,
16,会話,2,まず,先ず,首先,Adverb,function,,,,,,,,,,,,,,,,,,,,,,,,,,,,,,,,,,,,,,
16,会話,3,キャッシュカード,,提款卡、金融卡,Noun,money-shopping,,,,,,,,,,,,,,,,,,,,,,,,,,,,,,,,,,,,,,
16,会話,4,つぎに,次に,其次、其次,Phrase,expression,,,,,,,,,,,,,,,,,,,,,,,,,,,,,,,,,,,,,,
16,会話,5,あんしょうばんごう,暗証番号,密碼,Noun,money-shopping,,,,,,,,,,,,,,,,,,,,,,,,,,,,,,,,,,,,,,
16,会話,6,きんがく,金額,金額,Noun,money-shopping,,,,,,,,,,,,,,,,,,,,,,,,,,,,,,,,,,,,,,
16,会話,7,かくにん,確認,確認（〜します：確認）,Noun,abstract,,,,,,,,,,,,,,,,,,,,,,,,,,,,,,,,,,,,,,
16,会話,8,ボタン,,按鈕,Noun,object,,,,,,,,,,,,,,,,,,,,,,,,,,,,,,,,,,,,,,
16,練習C,1,「すごいですね。」「まだまだです。」,,「真了不起。」「還差得遠。」（不、還不行）,Phrase,expression,,,,,,,,,,,,,,,,,,,,,,,,,,,,,,,,,,,,,,
16,関連単語,1,ジェーアール,JR,JR（日本鐵路公司）,Noun,place,,,,,,,,,,,,,,,,,,,,,,,,,,,,,,,,,,,,,,
16,関連単語,2,ゆきまつり,雪祭り,雪祭,Noun,nature-weather,,,,,,,,,,,,,,,,,,,,,,,,,,,,,,,,,,,,,,
16,関連単語,3,バンドン,,萬隆（印尼的地名）,Noun,proper-noun,,,,,,,,,,,,,,,,,,,,,,,,,,,,,,,,,,,,,,
16,関連単語,4,フランクフルト,,法蘭克福（德國的地名）,Noun,proper-noun,,,,,,,,,,,,,,,,,,,,,,,,,,,,,,,,,,,,,,
16,関連単語,5,ベラクルス,,維拉克魯斯（墨西哥的地名）,Noun,proper-noun,,,,,,,,,,,,,,,,,,,,,,,,,,,,,,,,,,,,,,
16,関連単語,6,うめだ,梅田,梅田（大阪的地名）,Noun,proper-noun,,,,,,,,,,,,,,,,,,,,,,,,,,,,,,,,,,,,,,
16,関連単語,7,だいがくまえ,大学前,大學前（虛構的公車站名）,Phrase,proper-noun,,,,,,,,,,,,,,,,,,,,,,,,,,,,,,,,,,,,,,
17,単語,1,おぼえます,覚えます Ⅱ,記住,Verb,v-thinking,II,おぼえる,覚える,おぼえる,覚える,おぼえます,覚えます,おぼえます,覚えます,おぼえました,覚えました,おぼえません,覚えません,おぼえて,覚えて,おぼえた,覚えた,おぼえない,覚えない,おぼえなかった,覚えなかった,おぼえ,覚え,おぼえれば,覚えれば,おぼえられる,覚えられる,おぼえられる,覚えられる,おぼえさせる,覚えさせる,おぼえさせられる,覚えさせられる,おぼえろ,覚えろ,おぼえよう,覚えよう,
17,単語,2,わすれます,忘れます Ⅱ,忘記,Verb,v-thinking,II,わすれる,忘れる,わすれる,忘れる,わすれます,忘れます,わすれます,忘れます,わすれました,忘れました,わすれません,忘れません,わすれて,忘れて,わすれた,忘れた,わすれない,忘れない,わすれなかった,忘れなかった,わすれ,忘れ,わすれれば,忘れれば,わすれられる,忘れられる,わすれられる,忘れられる,わすれさせる,忘れさせる,わすれさせられる,忘れさせられる,わすれろ,忘れろ,わすれよう,忘れよう,
17,単語,3,なくします,,遺失、丟失,Verb,v-handling,I,なくす,,なくす,,なくします,,なくします,,なくしました,,なくしません,,なくして,,なくした,,なくさない,,なくさなかった,,なくさ,,なくせば,,なくせる,,なくされる,,なくさせる,,なくさせられる,,なくせ,,なくそう,,no-kanji
17,単語,4,はらいます,払います Ⅰ,支付、付款,Verb,v-transaction,I,はらう,払う,はらう,払う,はらいます,払います,はらいます,払います,はらいました,払いました,はらいません,払いません,はらって,払って,はらった,払った,はらわない,払わない,はらわなかった,払わなかった,はらわ,払わ,はらえば,払えば,はらえる,払える,はらわれる,払われる,はらわせる,払わせる,はらわせられる,払わせられる,はらえ,払え,はらおう,払おう,
17,単語,5,かえします,返します Ⅰ,歸還,Verb,v-transaction,I,かえす,返す,かえす,返す,かえします,返します,かえします,返します,かえしました,返しました,かえしません,返しません,かえして,返して,かえした,返した,かえさない,返さない,かえさなかった,返さなかった,かえさ,返さ,かえせば,返せば,かえせる,返せる,かえされる,返される,かえさせる,返させる,かえさせられる,返させられる,かえせ,返せ,かえそう,返そう,
17,単語,6,でかけます,出かけます Ⅱ,出門、外出,Verb,v-motion,II,でかける,出かける,でかける,出かける,でかけます,出かけます,でかけます,出かけます,でかけました,出かけました,でかけません,出かけません,でかけて,出かけて,でかけた,出かけた,でかけない,出かけない,でかけなかった,出かけなかった,でかけ,出かけ,でかければ,出かければ,でかけられる,出かけられる,でかけられる,出かけられる,でかけさせる,出かけさせる,でかけさせられる,出かけさせられる,でかけろ,出かけろ,でかけよう,出かけよう,
17,単語,7,ぬぎます,脱ぎます Ⅰ,脫（衣服、鞋等）,Verb,v-daily,I,ぬぐ,脱ぐ,ぬぐ,脱ぐ,ぬぎます,脱ぎます,ぬぎます,脱ぎます,ぬぎました,脱ぎました,ぬぎません,脱ぎません,ぬいで,脱いで,ぬいだ,脱いだ,ぬがない,脱がない,ぬがなかった,脱がなかった,ぬが,脱が,ぬげば,脱げば,ぬげる,脱げる,ぬがれる,脱がれる,ぬがせる,脱がせる,ぬがせられる,脱がせられる,ぬげ,脱げ,ぬごう,脱ごう,
17,単語,8,もって いきます,持って 行きます Ⅰ,帶去,Phrase,expression,I,,,,,,,,,,,,,,,,,,,,,,,,,,,,,,,,,,,,,
17,単語,9,もって きます,持って 来ます Ⅲ,帶來,Verb,v-motion,III,もってくる,持って来る,もってくる,持って来る,もってきます,持って来ます,もってきます,持って来ます,もってきました,持って来ました,もってきません,持って来ません,もってきて,持って来て,もってきた,持って来た,もってこない,持って来ない,もってこなかった,持って来なかった,もってこ,持って来,もってくれば,持って来れば,もってこられる,持って来られる,もってこられる,持って来られる,もってこさせる,持って来させる,もってこさせられる,持って来させられる,もってこい,持って来い,もってこよう,持って来よう,irregular-override
17,単語,10,しんぱいします,心配します Ⅲ,擔心,Verb,v-thinking,III,しんぱいする,心配する,しんぱいする,心配する,しんぱいします,心配します,しんぱいします,心配します,しんぱいしました,心配しました,しんぱいしません,心配しません,しんぱいして,心配して,しんぱいした,心配した,しんぱいしない,心配しない,しんぱいしなかった,心配しなかった,しんぱいし,心配し,しんぱいすれば,心配すれば,しんぱいできる,心配できる,しんぱいされる,心配される,しんぱいさせる,心配させる,しんぱいさせられる,心配させられる,しんぱいしろ,心配しろ,しんぱいしよう,心配しよう,irregular-override
17,単語,11,ざんぎょうします,残業します Ⅲ,加班,Verb,v-workstudy,III,ざんぎょうする,残業する,ざんぎょうする,残業する,ざんぎょうします,残業します,ざんぎょうします,残業します,ざんぎょうしました,残業しました,ざんぎょうしません,残業しません,ざんぎょうして,残業して,ざんぎょうした,残業した,ざんぎょうしない,残業しない,ざんぎょうしなかった,残業しなかった,ざんぎょうし,残業し,ざんぎょうすれば,残業すれば,ざんぎょうできる,残業できる,ざんぎょうされる,残業される,ざんぎょうさせる,残業させる,ざんぎょうさせられる,残業させられる,ざんぎょうしろ,残業しろ,ざんぎょうしよう,残業しよう,irregular-override
17,単語,12,しゅっちょうします,出張します Ⅲ,出差,Verb,v-workstudy,III,しゅっちょうする,出張する,しゅっちょうする,出張する,しゅっちょうします,出張します,しゅっちょうします,出張します,しゅっちょうしました,出張しました,しゅっちょうしません,出張しません,しゅっちょうして,出張して,しゅっちょうした,出張した,しゅっちょうしない,出張しない,しゅっちょうしなかった,出張しなかった,しゅっちょうし,出張し,しゅっちょうすれば,出張すれば,しゅっちょうできる,出張できる,しゅっちょうされる,出張される,しゅっちょうさせる,出張させる,しゅっちょうさせられる,出張させられる,しゅっちょうしろ,出張しろ,しゅっちょうしよう,出張しよう,irregular-override
17,単語,13,のみます [くすりを〜],飲みます Ⅰ [薬を〜],吃〔藥〕,Verb,v-daily,I,のむ,飲む,のむ,飲む,のみます,飲みます,のみます,飲みます,のみました,飲みました,のみません,飲みません,のんで,飲んで,のんだ,飲んだ,のまない,飲まない,のまなかった,飲まなかった,のま,飲ま,のめば,飲めば,のめる,飲める,のまれる,飲まれる,のませる,飲ませる,のませられる,飲ませられる,のめ,飲め,のもう,飲もう,
17,単語,14,はいります [おふろに〜],入ります Ⅰ [おふろに〜],泡〔澡〕、入浴,Verb,v-daily,I,はいる,入る,はいる,入る,はいります,入ります,はいります,入ります,はいりました,入りました,はいりません,入りません,はいって,入って,はいった,入った,はいらない,入らない,はいらなかった,入らなかった,はいら,入ら,はいれば,入れば,はいれる,入れる,はいられる,入られる,はいらせる,入らせる,はいらせられる,入らせられる,はいれ,入れ,はいろう,入ろう,
17,単語,15,たいせつ [な],大切 [な],重要,na-Adjective,descriptive,,,,,,,,,,,,,,,,,,,,,,,,,,,,,,,,,,,,,,
17,単語,16,だいじょうぶ [な],大丈夫 [な],不要緊,na-Adjective,descriptive,,,,,,,,,,,,,,,,,,,,,,,,,,,,,,,,,,,,,,
17,単語,17,あぶない,危ない,危險,i-Adjective,descriptive,,,,,,,,,,,,,,,,,,,,,,,,,,,,,,,,,,,,,,
17,単語,18,きんえん,禁煙,禁菸,Noun,object,,,,,,,,,,,,,,,,,,,,,,,,,,,,,,,,,,,,,,
17,単語,19,[けんこう]ほけんしょう,[健康]保険証,〔健康〕保險卡,Noun,body-health,,,,,,,,,,,,,,,,,,,,,,,,,,,,,,,,,,,,,,
17,単語,20,ねつ,熱,發燒,Noun,body-health,,,,,,,,,,,,,,,,,,,,,,,,,,,,,,,,,,,,,,
17,単語,21,びょうき,病気,疾病,Noun,body-health,,,,,,,,,,,,,,,,,,,,,,,,,,,,,,,,,,,,,,
17,単語,22,くすり,薬,藥,Noun,body-health,,,,,,,,,,,,,,,,,,,,,,,,,,,,,,,,,,,,,,
17,単語,23,[お]ふろ,お風呂,浴池、澡盆,Noun,nature-weather,,,,,,,,,,,,,,,,,,,,,,,,,,,,,,,,,,,,,,
17,単語,24,うわぎ,上着,上衣、外套,Noun,clothing,,,,,,,,,,,,,,,,,,,,,,,,,,,,,,,,,,,,,,
17,単語,25,したぎ,下着,內衣褲,Noun,clothing,,,,,,,,,,,,,,,,,,,,,,,,,,,,,,,,,,,,,,
17,単語,26,２、３にち,2、3日,兩三天,Phrase,expression,,,,,,,,,,,,,,,,,,,,,,,,,,,,,,,,,,,,,,
17,単語,27,２、３〜,,兩三～,Phrase,expression,,,,,,,,,,,,,,,,,,,,,,,,,,,,,,,,,,,,,,
17,単語,28,〜までに,,到～為止（表示時間的期限）,Phrase,expression,,,,,,,,,,,,,,,,,,,,,,,,,,,,,,,,,,,,,,
17,単語,29,ですから,,因此,Phrase,expression,,,,,,,,,,,,,,,,,,,,,,,,,,,,,,,,,,,,,,
17,会話,1,どう しましたか。,,怎麼了呢？,Phrase,expression,,,,,,,,,,,,,,,,,,,,,,,,,,,,,,,,,,,,,,
17,会話,2,のど,喉,喉嚨,Noun,body-health,,,,,,,,,,,,,,,,,,,,,,,,,,,,,,,,,,,,,,
17,会話,3,[〜が] いたいです。,[〜が] 痛いです。,〔～〕痛。,Phrase,expression,,,,,,,,,,,,,,,,,,,,,,,,,,,,,,,,,,,,,,
17,会話,4,かぜ,風邪,感冒,Noun,body-health,,,,,,,,,,,,,,,,,,,,,,,,,,,,,,,,,,,,,,
17,会話,5,それから,,還有,Phrase,expression,,,,,,,,,,,,,,,,,,,,,,,,,,,,,,,,,,,,,,
17,会話,6,おだいじに。,お大事に。,請多保重。（對生病、受傷的人所說的話）,Phrase,expression,,,,,,,,,,,,,,,,,,,,,,,,,,,,,,,,,,,,,,
18,単語,1,できます,,能夠、會、可以,Verb,v-other,II,できる,,できる,,できます,,できます,,できました,,できません,,できて,,できた,,できない,,できなかった,,でき,,できれば,,できられる,,できられる,,できさせる,,できさせられる,,できろ,,できよう,,no-kanji
18,単語,2,あらいます,洗います Ⅰ,洗,Verb,v-handling,I,あらう,洗う,あらう,洗う,あらいます,洗います,あらいます,洗います,あらいました,洗いました,あらいません,洗いません,あらって,洗って,あらった,洗った,あらわない,洗わない,あらわなかった,洗わなかった,あらわ,洗わ,あらえば,洗えば,あらえる,洗える,あらわれる,洗われる,あらわせる,洗わせる,あらわせられる,洗わせられる,あらえ,洗え,あらおう,洗おう,
18,単語,3,ひきます,弾きます Ⅰ,彈奏（鋼琴等弦樂器）,Verb,v-other,I,ひく,弾く,ひく,弾く,ひきます,弾きます,ひきます,弾きます,ひきました,弾きました,ひきません,弾きません,ひいて,弾いて,ひいた,弾いた,ひかない,弾かない,ひかなかった,弾かなかった,ひか,弾か,ひけば,弾けば,ひける,弾ける,ひかれる,弾かれる,ひかせる,弾かせる,ひかせられる,弾かせられる,ひけ,弾け,ひこう,弾こう,
18,単語,4,うたいます,歌います Ⅰ,唱歌,Verb,v-daily,I,うたう,歌う,うたう,歌う,うたいます,歌います,うたいます,歌います,うたいました,歌いました,うたいません,歌いません,うたって,歌って,うたった,歌った,うたわない,歌わない,うたわなかった,歌わなかった,うたわ,歌わ,うたえば,歌えば,うたえる,歌える,うたわれる,歌われる,うたわせる,歌わせる,うたわせられる,歌わせられる,うたえ,歌え,うたおう,歌おう,
18,単語,5,あつめます,集めます Ⅱ,收集、收藏,Verb,v-handling,II,あつめる,集める,あつめる,集める,あつめます,集めます,あつめます,集めます,あつめました,集めました,あつめません,集めません,あつめて,集めて,あつめた,集めた,あつめない,集めない,あつめなかった,集めなかった,あつめ,集め,あつめれば,集めれば,あつめられる,集められる,あつめられる,集められる,あつめさせる,集めさせる,あつめさせられる,集めさせられる,あつめろ,集めろ,あつめよう,集めよう,
18,単語,6,すてます,捨てます Ⅱ,丟掉、拋棄,Verb,v-handling,II,すてる,捨てる,すてる,捨てる,すてます,捨てます,すてます,捨てます,すてました,捨てました,すてません,捨てません,すてて,捨てて,すてた,捨てた,すてない,捨てない,すてなかった,捨てなかった,すて,捨て,すてれば,捨てれば,すてられる,捨てられる,すてられる,捨てられる,すてさせる,捨てさせる,すてさせられる,捨てさせられる,すてろ,捨てろ,すてよう,捨てよう,
18,単語,7,かえます,換えます Ⅱ,更換、交換,Verb,v-other,II,かえる,換える,かえる,換える,かえます,換えます,かえます,換えます,かえました,換えました,かえません,換えません,かえて,換えて,かえた,換えた,かえない,換えない,かえなかった,換えなかった,かえ,換え,かえれば,換えれば,かえられる,換えられる,かえられる,換えられる,かえさせる,換えさせる,かえさせられる,換えさせられる,かえろ,換えろ,かえよう,換えよう,
18,単語,8,うんてんします,運転します Ⅲ,駕駛、開車,Verb,v-other,III,うんてんする,運転する,うんてんする,運転する,うんてんします,運転します,うんてんします,運転します,うんてんしました,運転しました,うんてんしません,運転しません,うんてんして,運転して,うんてんした,運転した,うんてんしない,運転しない,うんてんしなかった,運転しなかった,うんてんし,運転し,うんてんすれば,運転すれば,うんてんできる,運転できる,うんてんされる,運転される,うんてんさせる,運転させる,うんてんさせられる,運転させられる,うんてんしろ,運転しろ,うんてんしよう,運転しよう,irregular-override
18,単語,9,よやくします,予約します Ⅲ,預約、預訂,Verb,v-transaction,III,よやくする,予約する,よやくする,予約する,よやくします,予約します,よやくします,予約します,よやくしました,予約しました,よやくしません,予約しません,よやくして,予約して,よやくした,予約した,よやくしない,予約しない,よやくしなかった,予約しなかった,よやくし,予約し,よやくすれば,予約すれば,よやくできる,予約できる,よやくされる,予約される,よやくさせる,予約させる,よやくさせられる,予約させられる,よやくしろ,予約しろ,よやくしよう,予約しよう,irregular-override
18,単語,10,ピアノ,,鋼琴,Noun,electronics,,,,,,,,,,,,,,,,,,,,,,,,,,,,,,,,,,,,,,
18,単語,11,〜メートル,,…公尺,Noun,object,,,,,,,,,,,,,,,,,,,,,,,,,,,,,,,,,,,,,,
18,単語,12,げんきん,現金,現金,Noun,money-shopping,,,,,,,,,,,,,,,,,,,,,,,,,,,,,,,,,,,,,,
18,単語,13,しゅみ,趣味,興趣、嗜好,Noun,hobby-sport,,,,,,,,,,,,,,,,,,,,,,,,,,,,,,,,,,,,,,
18,単語,14,にっき,日記,日記,Noun,arts-media,,,,,,,,,,,,,,,,,,,,,,,,,,,,,,,,,,,,,,
18,単語,15,[お]いのり,[お]祈り,祈禱,Noun,object,,,,,,,,,,,,,,,,,,,,,,,,,,,,,,,,,,,,,,
18,単語,16,かちょう,課長,課長,Noun,occupation,,,,,,,,,,,,,,,,,,,,,,,,,,,,,,,,,,,,,,
18,単語,17,ぶちょう,部長,部長,Noun,occupation,,,,,,,,,,,,,,,,,,,,,,,,,,,,,,,,,,,,,,
18,単語,18,しゃちょう,社長,總經理、社長,Noun,occupation,,,,,,,,,,,,,,,,,,,,,,,,,,,,,,,,,,,,,,
18,単語,19,どうぶつ,動物,動物,Noun,animals-plants,,,,,,,,,,,,,,,,,,,,,,,,,,,,,,,,,,,,,,
18,単語,20,うま,馬,馬,Noun,animals-plants,,,,,,,,,,,,,,,,,,,,,,,,,,,,,,,,,,,,,,
18,単語,21,インターネット,,網際網路,Noun,communication,,,,,,,,,,,,,,,,,,,,,,,,,,,,,,,,,,,,,,
18,会話,1,とくに,特に,特別,Adverb,function,,,,,,,,,,,,,,,,,,,,,,,,,,,,,,,,,,,,,,
18,会話,2,へえ,,哦（用於表示吃驚、驚訝時）,Phrase,expression,,,,,,,,,,,,,,,,,,,,,,,,,,,,,,,,,,,,,,
18,会話,3,それは おもしろいですね。,,那一定很有意思吧。,Phrase,expression,,,,,,,,,,,,,,,,,,,,,,,,,,,,,,,,,,,,,,
18,会話,4,なかなか,,不輕易、不容易（後接否定）,Adverb,function,,,,,,,,,,,,,,,,,,,,,,,,,,,,,,,,,,,,,,
18,会話,5,ほんとうですか。,本当ですか。,真的嗎？,Phrase,expression,,,,,,,,,,,,,,,,,,,,,,,,,,,,,,,,,,,,,,
18,会話,6,ぜひ,,務必,Phrase,expression,,,,,,,,,,,,,,,,,,,,,,,,,,,,,,,,,,,,,,
18,関連単語,1,ふるさと,故郷,故鄉、家鄉,Noun,place,,,,,,,,,,,,,,,,,,,,,,,,,,,,,,,,,,,,,,
18,関連単語,2,ビートルズ,,披頭四（英國著名的樂團）,Noun,proper-noun,,,,,,,,,,,,,,,,,,,,,,,,,,,,,,,,,,,,,,
18,関連単語,3,あきはばら,秋葉原,秋葉原（東京的地名）,Noun,proper-noun,,,,,,,,,,,,,,,,,,,,,,,,,,,,,,,,,,,,,,
19,単語,1,のぼります [やまに〜],登ります Ⅰ [山に〜],登、上,Verb,v-motion,I,のぼる,登る,のぼる,登る,のぼります,登ります,のぼります,登ります,のぼりました,登りました,のぼりません,登りません,のぼって,登って,のぼった,登った,のぼらない,登らない,のぼらなかった,登らなかった,のぼら,登ら,のぼれば,登れば,のぼれる,登れる,のぼられる,登られる,のぼらせる,登らせる,のぼらせられる,登らせられる,のぼれ,登れ,のぼろう,登ろう,
19,単語,2,とまります [ホテルに〜],泊まります Ⅰ [ホテルに〜],住〔飯店〕,Verb,v-other,I,とまる,泊まる,とまる,泊まる,とまります,泊まります,とまります,泊まります,とまりました,泊まりました,とまりません,泊まりません,とまって,泊まって,とまった,泊まった,とまらない,泊まらない,とまらなかった,泊まらなかった,とまら,泊まら,とまれば,泊まれば,とまれる,泊まれる,とまられる,泊まられる,とまらせる,泊まらせる,とまらせられる,泊まらせられる,とまれ,泊まれ,とまろう,泊まろう,
19,単語,3,そうじします,掃除します Ⅲ,打掃,Verb,v-daily,III,そうじする,掃除する,そうじする,掃除する,そうじします,掃除します,そうじします,掃除します,そうじしました,掃除しました,そうじしません,掃除しません,そうじして,掃除して,そうじした,掃除した,そうじしない,掃除しない,そうじしなかった,掃除しなかった,そうじし,掃除し,そうじすれば,掃除すれば,そうじできる,掃除できる,そうじされる,掃除される,そうじさせる,掃除させる,そうじさせられる,掃除させられる,そうじしろ,掃除しろ,そうじしよう,掃除しよう,irregular-override
19,単語,4,せんたくします,洗濯します Ⅲ,洗衣,Verb,v-handling,III,せんたくする,洗濯する,せんたくする,洗濯する,せんたくします,洗濯します,せんたくします,洗濯します,せんたくしました,洗濯しました,せんたくしません,洗濯しません,せんたくして,洗濯して,せんたくした,洗濯した,せんたくしない,洗濯しない,せんたくしなかった,洗濯しなかった,せんたくし,洗濯し,せんたくすれば,洗濯すれば,せんたくできる,洗濯できる,せんたくされる,洗濯される,せんたくさせる,洗濯させる,せんたくさせられる,洗濯させられる,せんたくしろ,洗濯しろ,せんたくしよう,洗濯しよう,irregular-override
19,単語,5,なります,,變成、成為,Verb,v-change,I,なる,,なる,,なります,,なります,,なりました,,なりません,,なって,,なった,,ならない,,ならなかった,,なら,,なれば,,なれる,,なられる,,ならせる,,ならせられる,,なれ,,なろう,,no-kanji
19,単語,6,ねむい,眠い,睏,i-Adjective,descriptive,,,,,,,,,,,,,,,,,,,,,,,,,,,,,,,,,,,,,,
19,単語,7,つよい,強い,強,i-Adjective,descriptive,,,,,,,,,,,,,,,,,,,,,,,,,,,,,,,,,,,,,,
19,単語,8,よわい*,弱い,弱,i-Adjective,descriptive,,,,,,,,,,,,,,,,,,,,,,,,,,,,,,,,,,,,,,
19,単語,9,れんしゅう,練習,練習（〜[を] します：練習）,Noun,language-study,,,,,,,,,,,,,,,,,,,,,,,,,,,,,,,,,,,,,,
19,単語,10,ゴルフ,,高爾夫（〜を します：打高爾夫）,Noun,hobby-sport,,,,,,,,,,,,,,,,,,,,,,,,,,,,,,,,,,,,,,
19,単語,11,すもう,相撲,相撲,Noun,hobby-sport,,,,,,,,,,,,,,,,,,,,,,,,,,,,,,,,,,,,,,
19,単語,12,おちゃ,お茶,茶、茶道,Noun,food-drink,,,,,,,,,,,,,,,,,,,,,,,,,,,,,,,,,,,,,,
19,単語,13,ひ,日,日、日子,Noun,time,,,,,,,,,,,,,,,,,,,,,,,,,,,,,,,,,,,,,,
19,単語,14,ちょうし,調子,狀況,Noun,abstract,,,,,,,,,,,,,,,,,,,,,,,,,,,,,,,,,,,,,,
19,単語,15,いちど,一度,一次,Noun,number-quantity,,,,,,,,,,,,,,,,,,,,,,,,,,,,,,,,,,,,,,
19,単語,16,いちども,一度も,連一次也（用於否定句）,Phrase,expression,,,,,,,,,,,,,,,,,,,,,,,,,,,,,,,,,,,,,,
19,単語,17,だんだん,,漸漸、逐漸,Adverb,function,,,,,,,,,,,,,,,,,,,,,,,,,,,,,,,,,,,,,,
19,単語,18,もうすぐ,,馬上、即將,Phrase,expression,,,,,,,,,,,,,,,,,,,,,,,,,,,,,,,,,,,,,,
19,単語,19,おかげさまで,お陰さまで,託您的福。（用於得到對方的幫助或關懷時的感謝）,Phrase,expression,,,,,,,,,,,,,,,,,,,,,,,,,,,,,,,,,,,,,,
19,単語,20,でも,,可是、但是,Conjunction,function,,,,,,,,,,,,,,,,,,,,,,,,,,,,,,,,,,,,,,
19,会話,1,かんぱい,乾杯,乾杯,Phrase,expression,,,,,,,,,,,,,,,,,,,,,,,,,,,,,,,,,,,,,,
19,会話,2,ダイエット,,減肥（〜を します：減肥）,Noun,hobby-sport,,,,,,,,,,,,,,,,,,,,,,,,,,,,,,,,,,,,,,
19,会話,3,むり [な],無理 [な],勉強,na-Adjective,descriptive,,,,,,,,,,,,,,,,,,,,,,,,,,,,,,,,,,,,,,
19,会話,4,からだに いい,体に いい,對身體好的,Phrase,expression,,,,,,,,,,,,,,,,,,,,,,,,,,,,,,,,,,,,,,
19,関連単語,1,とうきょうスカイツリー,東京スカイツリー,東京晴空塔（位於東京的電波塔）,Noun,proper-noun,,,,,,,,,,,,,,,,,,,,,,,,,,,,,,,,,,,,,,
19,関連単語,2,かつしかほくさい,葛飾北斎,葛飾北齋（1760年～1849年，江戶時代的浮世繪畫家）,Noun,occupation,,,,,,,,,,,,,,,,,,,,,,,,,,,,,,,,,,,,,,
20,単語,1,いります [ビザが〜],要ります Ⅰ,需要〔簽證〕,Verb,v-other,I,いる,要る,いる,要る,いります,要ります,いります,要ります,いりました,要りました,いりません,要りません,いって,要って,いった,要った,いらない,要らない,いらなかった,要らなかった,いら,要ら,いれば,要れば,いれる,要れる,いられる,要られる,いらせる,要らせる,いらせられる,要らせられる,いれ,要れ,いろう,要ろう,
20,単語,2,しらべます,調べます Ⅱ,調查、查詢,Verb,v-thinking,II,しらべる,調べる,しらべる,調べる,しらべます,調べます,しらべます,調べます,しらべました,調べました,しらべません,調べません,しらべて,調べて,しらべた,調べた,しらべない,調べない,しらべなかった,調べなかった,しらべ,調べ,しらべれば,調べれば,しらべられる,調べられる,しらべられる,調べられる,しらべさせる,調べさせる,しらべさせられる,調べさせられる,しらべろ,調べろ,しらべよう,調べよう,
20,単語,3,しゅうりします,修理します Ⅲ,修理,Verb,v-handling,III,しゅうりする,修理する,しゅうりする,修理する,しゅうりします,修理します,しゅうりします,修理します,しゅうりしました,修理しました,しゅうりしません,修理しません,しゅうりして,修理して,しゅうりした,修理した,しゅうりしない,修理しない,しゅうりしなかった,修理しなかった,しゅうりし,修理し,しゅうりすれば,修理すれば,しゅうりできる,修理できる,しゅうりされる,修理される,しゅうりさせる,修理させる,しゅうりさせられる,修理させられる,しゅうりしろ,修理しろ,しゅうりしよう,修理しよう,irregular-override
20,単語,4,ぼく,,我（男性用語，不如「わたし」禮貌）,Noun,people,,,,,,,,,,,,,,,,,,,,,,,,,,,,,,,,,,,,,,
20,単語,5,きみ*,君,你（男性同輩、晚輩、部下使用，不如「あなた」禮貌）,Noun,people,,,,,,,,,,,,,,,,,,,,,,,,,,,,,,,,,,,,,,
20,単語,6,〜くん,〜君,～君（男性同輩、晚輩名字後使用，不如「さん」禮貌）,Phrase,expression,,,,,,,,,,,,,,,,,,,,,,,,,,,,,,,,,,,,,,
20,単語,7,うん,,嗯（「はい」的口語）,Phrase,expression,,,,,,,,,,,,,,,,,,,,,,,,,,,,,,,,,,,,,,
20,単語,8,ううん,,不（「いいえ」的口語）,Phrase,expression,,,,,,,,,,,,,,,,,,,,,,,,,,,,,,,,,,,,,,
20,単語,9,ことば,言葉,字、詞彙,Noun,language-study,,,,,,,,,,,,,,,,,,,,,,,,,,,,,,,,,,,,,,
20,単語,10,きもの,着物,和服（傳統的日本服裝）,Noun,clothing,,,,,,,,,,,,,,,,,,,,,,,,,,,,,,,,,,,,,,
20,単語,11,ビザ,,簽證,Noun,object,,,,,,,,,,,,,,,,,,,,,,,,,,,,,,,,,,,,,,
20,単語,12,はじめ,初め,開始,Noun,object,,,,,,,,,,,,,,,,,,,,,,,,,,,,,,,,,,,,,,
20,単語,13,おわり,終わり,結束,Noun,object,,,,,,,,,,,,,,,,,,,,,,,,,,,,,,,,,,,,,,
20,単語,14,こっち*,,這邊（「こちら」的口語）,Noun,position,,,,,,,,,,,,,,,,,,,,,,,,,,,,,,,,,,,,,,
20,単語,15,そっち*,,那邊（「そちら」的口語）,Noun,position,,,,,,,,,,,,,,,,,,,,,,,,,,,,,,,,,,,,,,
20,単語,16,あっち*,,那邊（「あちら」的口語）,Phrase,expression,,,,,,,,,,,,,,,,,,,,,,,,,,,,,,,,,,,,,,
20,単語,17,どっち*,,哪邊（「どちら」的口語）,Pronoun,function,,,,,,,,,,,,,,,,,,,,,,,,,,,,,,,,,,,,,,
20,単語,18,みんなで,,大家一起,Phrase,expression,,,,,,,,,,,,,,,,,,,,,,,,,,,,,,,,,,,,,,
20,単語,19,〜けど,,～，但是（「が」的口語）,Phrase,expression,,,,,,,,,,,,,,,,,,,,,,,,,,,,,,,,,,,,,,
20,単語,20,おなかが いっぱいです,お腹が いっぱいです,肚子飽了,Phrase,expression,,,,,,,,,,,,,,,,,,,,,,,,,,,,,,,,,,,,,,
20,会話,1,よかったら,,如果方便的話、如果願意,Phrase,expression,,,,,,,,,,,,,,,,,,,,,,,,,,,,,,,,,,,,,,
20,会話,2,いろいろ,,各式各樣,na-Adjective,descriptive,,,,,,,,,,,,,,,,,,,,,,,,,,,,,,,,,,,,,,
21,単語,1,おもいます,思います Ⅰ,想、覺得,Verb,v-thinking,I,おもう,思う,おもう,思う,おもいます,思います,おもいます,思います,おもいました,思いました,おもいません,思いません,おもって,思って,おもった,思った,おもわない,思わない,おもわなかった,思わなかった,おもわ,思わ,おもえば,思えば,おもえる,思える,おもわれる,思われる,おもわせる,思わせる,おもわせられる,思わせられる,おもえ,思え,おもおう,思おう,
21,単語,2,いいます,言います Ⅰ,說、講,Verb,v-communication,I,いう,言う,いう,言う,いいます,言います,いいます,言います,いいました,言いました,いいません,言いません,いって,言って,いった,言った,いわない,言わない,いわなかった,言わなかった,いわ,言わ,いえば,言えば,いえる,言える,いわれる,言われる,いわせる,言わせる,いわせられる,言わせられる,いえ,言え,いおう,言おう,
21,単語,3,かちます,勝ちます Ⅰ,贏,Verb,v-other,I,かつ,勝つ,かつ,勝つ,かちます,勝ちます,かちます,勝ちます,かちました,勝ちました,かちません,勝ちません,かって,勝って,かった,勝った,かたない,勝たない,かたなかった,勝たなかった,かた,勝た,かてば,勝てば,かてる,勝てる,かたれる,勝たれる,かたせる,勝たせる,かたせられる,勝たせられる,かて,勝て,かとう,勝とう,
21,単語,4,まけます *,負けます Ⅱ,輸,Verb,v-other,II,まける,負ける,まける,負ける,まけます,負けます,まけます,負けます,まけました,負けました,まけません,負けません,まけて,負けて,まけた,負けた,まけない,負けない,まけなかった,負けなかった,まけ,負け,まければ,負ければ,まけられる,負けられる,まけられる,負けられる,まけさせる,負けさせる,まけさせられる,負けさせられる,まけろ,負けろ,まけよう,負けよう,
21,単語,5,あります [おまつりが〜],,有〔祭典〕、舉行,Verb,v-other,I,ある,,ある,,あります,,あります,,ありました,,ありません,,あって,,あった,,ない,,なかった,,,,あれば,,あれる,,あられる,,あらせる,,あらせられる,,あれ,,あろう,,irregular-override; no-kanji
21,単語,6,やくに たちます,役に 立ちます Ⅰ,有用、派上用場,Phrase,expression,I,,,,,,,,,,,,,,,,,,,,,,,,,,,,,,,,,,,,,
21,単語,7,うごきます,動きます Ⅰ,轉動、動,Verb,v-other,I,うごく,動く,うごく,動く,うごきます,動きます,うごきます,動きます,うごきました,動きました,うごきません,動きません,うごいて,動いて,うごいた,動いた,うごかない,動かない,うごかなかった,動かなかった,うごか,動か,うごけば,動けば,うごける,動ける,うごかれる,動かれる,うごかせる,動かせる,うごかせられる,動かせられる,うごけ,動け,うごこう,動こう,
21,単語,8,やめます [かいしゃを〜],やめます Ⅱ [会社を〜],〔向公司〕辭職、退休,Verb,v-other,II,やめる,,やめる,,やめます,,やめます,,やめました,,やめません,,やめて,,やめた,,やめない,,やめなかった,,やめ,,やめれば,,やめられる,,やめられる,,やめさせる,,やめさせられる,,やめろ,,やめよう,,
21,単語,9,きを つけます,気を つけます Ⅱ,小心、注意,Phrase,expression,II,,,,,,,,,,,,,,,,,,,,,,,,,,,,,,,,,,,,,
21,単語,10,りゅうがくします,留学します Ⅲ,留學,Verb,v-workstudy,III,りゅうがくする,留学する,りゅうがくする,留学する,りゅうがくします,留学します,りゅうがくします,留学します,りゅうがくしました,留学しました,りゅうがくしません,留学しません,りゅうがくして,留学して,りゅうがくした,留学した,りゅうがくしない,留学しない,りゅうがくしなかった,留学しなかった,りゅうがくし,留学し,りゅうがくすれば,留学すれば,りゅうがくできる,留学できる,りゅうがくされる,留学される,りゅうがくさせる,留学させる,りゅうがくさせられる,留学させられる,りゅうがくしろ,留学しろ,りゅうがくしよう,留学しよう,irregular-override
21,単語,11,むだ [な],無駄 [な],浪費,na-Adjective,descriptive,,,,,,,,,,,,,,,,,,,,,,,,,,,,,,,,,,,,,,
21,単語,12,ふべん [な],不便 [な],不方便,na-Adjective,descriptive,,,,,,,,,,,,,,,,,,,,,,,,,,,,,,,,,,,,,,
21,単語,13,すごい,,厲害的（用於表示驚訝或感動時的正面或負面評價）,i-Adjective,descriptive,,,,,,,,,,,,,,,,,,,,,,,,,,,,,,,,,,,,,,
21,単語,14,ほんとう,本当,真的,Noun,object,,,,,,,,,,,,,,,,,,,,,,,,,,,,,,,,,,,,,,
21,単語,15,うそ,,謊言,Noun,abstract,,,,,,,,,,,,,,,,,,,,,,,,,,,,,,,,,,,,,,
21,単語,16,じどうしゃ,自動車,汽車,Noun,transport,,,,,,,,,,,,,,,,,,,,,,,,,,,,,,,,,,,,,,
21,単語,17,こうつう,交通,交通,Noun,transport,,,,,,,,,,,,,,,,,,,,,,,,,,,,,,,,,,,,,,
21,単語,18,ぶっか,物価,物價,Noun,money-shopping,,,,,,,,,,,,,,,,,,,,,,,,,,,,,,,,,,,,,,
21,単語,19,ほうそう,放送,播放,Noun,arts-media,,,,,,,,,,,,,,,,,,,,,,,,,,,,,,,,,,,,,,
21,単語,20,ニュース,,新聞,Noun,communication,,,,,,,,,,,,,,,,,,,,,,,,,,,,,,,,,,,,,,
21,単語,21,アニメ,,動畫,Noun,arts-media,,,,,,,,,,,,,,,,,,,,,,,,,,,,,,,,,,,,,,
21,単語,22,マンガ,,漫畫,Noun,arts-media,,,,,,,,,,,,,,,,,,,,,,,,,,,,,,,,,,,,,,
21,単語,23,デザイン,,設計,Noun,arts-media,,,,,,,,,,,,,,,,,,,,,,,,,,,,,,,,,,,,,,
21,単語,24,ゆめ,夢,夢、夢想,Noun,abstract,,,,,,,,,,,,,,,,,,,,,,,,,,,,,,,,,,,,,,
21,単語,25,てんさい,天才,天才,Noun,abstract,,,,,,,,,,,,,,,,,,,,,,,,,,,,,,,,,,,,,,
21,単語,26,しあい,試合,比賽（〜を します：比賽）,Noun,abstract,,,,,,,,,,,,,,,,,,,,,,,,,,,,,,,,,,,,,,
21,単語,27,いけん,意見,意見,Noun,abstract,,,,,,,,,,,,,,,,,,,,,,,,,,,,,,,,,,,,,,
21,単語,28,はなし,話,講話、故事（〜を します：講話、講故事）,Noun,object,,,,,,,,,,,,,,,,,,,,,,,,,,,,,,,,,,,,,,
21,単語,29,ちきゅう,地球,地球,Noun,nature-weather,,,,,,,,,,,,,,,,,,,,,,,,,,,,,,,,,,,,,,
21,単語,30,つき,月,月亮,Noun,nature-weather,,,,,,,,,,,,,,,,,,,,,,,,,,,,,,,,,,,,,,
21,単語,31,さいきん,最近,最近,Noun,time,,,,,,,,,,,,,,,,,,,,,,,,,,,,,,,,,,,,,,
21,単語,32,たぶん,多分,大概,Adverb,function,,,,,,,,,,,,,,,,,,,,,,,,,,,,,,,,,,,,,,
21,単語,33,きっと,,一定,Adverb,function,,,,,,,,,,,,,,,,,,,,,,,,,,,,,,,,,,,,,,
21,単語,34,ほんとうに,本当に,真的、的確,Adverb,function,,,,,,,,,,,,,,,,,,,,,,,,,,,,,,,,,,,,,,
21,単語,35,そんなに,,那麼（用於表示程度的強調，後接否定）,Phrase,expression,,,,,,,,,,,,,,,,,,,,,,,,,,,,,,,,,,,,,,
21,単語,36,〜に ついて,,關於～,Phrase,expression,,,,,,,,,,,,,,,,,,,,,,,,,,,,,,,,,,,,,,
21,会話,1,ひさしぶりですね。,久しぶりですね。,好久不見。,Phrase,expression,,,,,,,,,,,,,,,,,,,,,,,,,,,,,,,,,,,,,,
21,会話,2,〜でも のみませんか。,〜でも 飲みませんか。,要不要喝點～呢？,Phrase,expression,,,,,,,,,,,,,,,,,,,,,,,,,,,,,,,,,,,,,,
21,会話,3,もちろん,,當然,Phrase,expression,,,,,,,,,,,,,,,,,,,,,,,,,,,,,,,,,,,,,,
21,会話,4,もう かえらないと……。,もう 帰らないと……。,已經得回去了。,Phrase,expression,,,,,,,,,,,,,,,,,,,,,,,,,,,,,,,,,,,,,,
21,関連単語,1,アインシュタイン,,愛因斯坦（1879～1955）,Noun,proper-noun,,,,,,,,,,,,,,,,,,,,,,,,,,,,,,,,,,,,,,
21,関連単語,2,ガガーリン,,加加林（1934～1968）,Noun,proper-noun,,,,,,,,,,,,,,,,,,,,,,,,,,,,,,,,,,,,,,
21,関連単語,3,ガリレオ,,伽利略（1564～1642）,Noun,proper-noun,,,,,,,,,,,,,,,,,,,,,,,,,,,,,,,,,,,,,,
21,関連単語,4,キングぼくし,キング牧師,馬丁路德・金恩（1929～1968）,Noun,proper-noun,,,,,,,,,,,,,,,,,,,,,,,,,,,,,,,,,,,,,,
21,関連単語,5,フランクリン,,富蘭克林（1706～1790）,Noun,proper-noun,,,,,,,,,,,,,,,,,,,,,,,,,,,,,,,,,,,,,,
21,関連単語,6,かぐやひめ,かぐや姫,輝夜姬（日本文學作品『竹取物語』中的主角）,Noun,language-study,,,,,,,,,,,,,,,,,,,,,,,,,,,,,,,,,,,,,,
21,関連単語,7,てんじんまつり,天神祭,天神祭（大阪的祭典）,Noun,proper-noun,,,,,,,,,,,,,,,,,,,,,,,,,,,,,,,,,,,,,,
21,関連単語,8,よしのやま,吉野山,吉野山（位於奈良縣的賞櫻名勝）,Noun,proper-noun,,,,,,,,,,,,,,,,,,,,,,,,,,,,,,,,,,,,,,
21,関連単語,9,カンガルー,,袋鼠,Noun,animals-plants,,,,,,,,,,,,,,,,,,,,,,,,,,,,,,,,,,,,,,
21,関連単語,10,キャプテン・クック,,庫克船長（1728～1779）,Noun,proper-noun,,,,,,,,,,,,,,,,,,,,,,,,,,,,,,,,,,,,,,
21,関連単語,11,コーネン,,柯能公司（虛構的公司名）,Noun,proper-noun,,,,,,,,,,,,,,,,,,,,,,,,,,,,,,,,,,,,,,
22,単語,1,きます,着ます Ⅱ,穿（襯衫等上半身衣物）,Verb,v-daily,II,きる,着る,きる,着る,きます,着ます,きます,着ます,きました,着ました,きません,着ません,きて,着て,きた,着た,きない,着ない,きなかった,着なかった,き,着,きれば,着れば,きられる,着られる,きられる,着られる,きさせる,着させる,きさせられる,着させられる,きろ,着ろ,きよう,着よう,
22,単語,2,はきます,,穿（褲子、鞋子等）,Verb,v-daily,I,はく,,はく,,はきます,,はきます,,はきました,,はきません,,はいて,,はいた,,はかない,,はかなかった,,はか,,はけば,,はける,,はかれる,,はかせる,,はかせられる,,はけ,,はこう,,no-kanji
22,単語,3,かぶります,,戴（帽子等）,Verb,v-daily,I,かぶる,,かぶる,,かぶります,,かぶります,,かぶりました,,かぶりません,,かぶって,,かぶった,,かぶらない,,かぶらなかった,,かぶら,,かぶれば,,かぶれる,,かぶられる,,かぶらせる,,かぶらせられる,,かぶれ,,かぶろう,,no-kanji
22,単語,4,かけます [めがねを〜],,戴〔眼鏡〕,Verb,v-daily,II,かける,,かける,,かけます,,かけます,,かけました,,かけません,,かけて,,かけた,,かけない,,かけなかった,,かけ,,かければ,,かけられる,,かけられる,,かけさせる,,かけさせられる,,かけろ,,かけよう,,no-kanji
22,単語,5,します [ネクタイを〜],,繫〔領帶〕,Verb,v-other,III,する,,する,,します,,します,,しました,,しません,,して,,した,,しない,,しなかった,,し,,すれば,,できる,,される,,させる,,させられる,,しろ,,しよう,,irregular-override; no-kanji
22,単語,6,うまれます,生まれます Ⅱ,出生,Verb,v-other,II,うまれる,生まれる,うまれる,生まれる,うまれます,生まれます,うまれます,生まれます,うまれました,生まれました,うまれません,生まれません,うまれて,生まれて,うまれた,生まれた,うまれない,生まれない,うまれなかった,生まれなかった,うまれ,生まれ,うまれれば,生まれれば,うまれられる,生まれられる,うまれられる,生まれられる,うまれさせる,生まれさせる,うまれさせられる,生まれさせられる,うまれろ,生まれろ,うまれよう,生まれよう,
22,単語,7,わたしたち,,我們,Noun,people,,,,,,,,,,,,,,,,,,,,,,,,,,,,,,,,,,,,,,
22,単語,8,コート,,大衣、外套,Noun,clothing,,,,,,,,,,,,,,,,,,,,,,,,,,,,,,,,,,,,,,
22,単語,9,セーター,,毛衣,Noun,clothing,,,,,,,,,,,,,,,,,,,,,,,,,,,,,,,,,,,,,,
22,単語,10,スーツ*,,西裝、套裝,Noun,clothing,,,,,,,,,,,,,,,,,,,,,,,,,,,,,,,,,,,,,,
22,単語,11,ぼうし,帽子,帽子,Noun,clothing,,,,,,,,,,,,,,,,,,,,,,,,,,,,,,,,,,,,,,
22,単語,12,めがね,眼鏡,眼鏡,Noun,clothing,,,,,,,,,,,,,,,,,,,,,,,,,,,,,,,,,,,,,,
22,単語,13,ケーキ,,蛋糕,Noun,food-drink,,,,,,,,,,,,,,,,,,,,,,,,,,,,,,,,,,,,,,
22,単語,14,[お]べんとう,[お]弁当,便當,Noun,food-drink,,,,,,,,,,,,,,,,,,,,,,,,,,,,,,,,,,,,,,
22,単語,15,ロボット,,機器人,Noun,electronics,,,,,,,,,,,,,,,,,,,,,,,,,,,,,,,,,,,,,,
22,単語,16,ユーモア,,幽默,Noun,arts-media,,,,,,,,,,,,,,,,,,,,,,,,,,,,,,,,,,,,,,
22,単語,17,つごう,都合,方便、狀況、情形,Noun,abstract,,,,,,,,,,,,,,,,,,,,,,,,,,,,,,,,,,,,,,
22,単語,18,よく,,經常,Adverb,function,,,,,,,,,,,,,,,,,,,,,,,,,,,,,,,,,,,,,,
22,会話,1,おさがしですか。,お探しですか。,您在找什麼呢？,Phrase,expression,,,,,,,,,,,,,,,,,,,,,,,,,,,,,,,,,,,,,,
22,会話,2,では,,那麼,Phrase,expression,,,,,,,,,,,,,,,,,,,,,,,,,,,,,,,,,,,,,,
22,会話,3,こちら,,這個（「これ」的禮貌用語）,Noun,object,,,,,,,,,,,,,,,,,,,,,,,,,,,,,,,,,,,,,,
22,会話,4,やちん,家賃,房租,Noun,money-shopping,,,,,,,,,,,,,,,,,,,,,,,,,,,,,,,,,,,,,,
22,会話,5,ダイニングキッチン,,廚房兼餐廳,Noun,place,,,,,,,,,,,,,,,,,,,,,,,,,,,,,,,,,,,,,,
22,会話,6,わしつ,和室,和式,Noun,object,,,,,,,,,,,,,,,,,,,,,,,,,,,,,,,,,,,,,,
22,会話,7,おしいれ,押し入れ,日式壁櫥,Noun,furniture,,,,,,,,,,,,,,,,,,,,,,,,,,,,,,,,,,,,,,
22,会話,8,ふとん,布団,棉被、墊被,Noun,furniture,,,,,,,,,,,,,,,,,,,,,,,,,,,,,,,,,,,,,,
22,練習C,1,えーと,,那個…（用於思考時）,Phrase,expression,,,,,,,,,,,,,,,,,,,,,,,,,,,,,,,,,,,,,,
22,練習C,2,おめでとう [ございます]。,,恭喜。,Phrase,greeting,,,,,,,,,,,,,,,,,,,,,,,,,,,,,,,,,,,,,,
22,関連単語,1,パリ,,巴黎,Noun,proper-noun,,,,,,,,,,,,,,,,,,,,,,,,,,,,,,,,,,,,,,
22,関連単語,2,ばんりの ちょうじょう,万里の 長城,萬里長城,Phrase,expression,,,,,,,,,,,,,,,,,,,,,,,,,,,,,,,,,,,,,,
22,関連単語,3,みんなの アンケート,,大家的問卷調查（虛構的問卷調查名）,Phrase,proper-noun,,,,,,,,,,,,,,,,,,,,,,,,,,,,,,,,,,,,,,
23,単語,1,ききます [せんせいに〜],聞きます Ⅰ [先生に〜],問〔老師〕,Verb,v-communication,I,きく,聞く,きく,聞く,ききます,聞きます,ききます,聞きます,ききました,聞きました,ききません,聞きません,きいて,聞いて,きいた,聞いた,きかない,聞かない,きかなかった,聞かなかった,きか,聞か,きけば,聞けば,きける,聞ける,きかれる,聞かれる,きかせる,聞かせる,きかせられる,聞かせられる,きけ,聞け,きこう,聞こう,
23,単語,2,まわします,回します Ⅰ,轉動,Verb,v-other,I,まわす,回す,まわす,回す,まわします,回します,まわします,回します,まわしました,回しました,まわしません,回しません,まわして,回して,まわした,回した,まわさない,回さない,まわさなかった,回さなかった,まわさ,回さ,まわせば,回せば,まわせる,回せる,まわされる,回される,まわさせる,回させる,まわさせられる,回させられる,まわせ,回せ,まわそう,回そう,
23,単語,3,ひきます,引きます Ⅰ,拉,Verb,v-handling,I,ひく,引く,ひく,引く,ひきます,引きます,ひきます,引きます,ひきました,引きました,ひきません,引きません,ひいて,引いて,ひいた,引いた,ひかない,引かない,ひかなかった,引かなかった,ひか,引か,ひけば,引けば,ひける,引ける,ひかれる,引かれる,ひかせる,引かせる,ひかせられる,引かせられる,ひけ,引け,ひこう,引こう,
23,単語,4,かえます,変えます Ⅱ,改變,Verb,v-change,II,かえる,変える,かえる,変える,かえます,変えます,かえます,変えます,かえました,変えました,かえません,変えません,かえて,変えて,かえた,変えた,かえない,変えない,かえなかった,変えなかった,かえ,変え,かえれば,変えれば,かえられる,変えられる,かえられる,変えられる,かえさせる,変えさせる,かえさせられる,変えさせられる,かえろ,変えろ,かえよう,変えよう,
23,単語,5,さわります [ドアに〜],触ります Ⅰ [ドアに〜],觸摸〔門〕,Verb,v-other,I,さわる,触る,さわる,触る,さわります,触ります,さわります,触ります,さわりました,触りました,さわりません,触りません,さわって,触って,さわった,触った,さわらない,触らない,さわらなかった,触らなかった,さわら,触ら,さわれば,触れば,さわれる,触れる,さわられる,触られる,さわらせる,触らせる,さわらせられる,触らせられる,さわれ,触れ,さわろう,触ろう,
23,単語,6,でます [おつりが〜],出ます Ⅱ [お釣りが〜],〔零錢〕出來,Phrase,expression,II,,,,,,,,,,,,,,,,,,,,,,,,,,,,,,,,,,,,,
23,単語,7,あるきます [みちを〜],歩きます Ⅰ [道を〜],走〔在路上〕,Verb,v-motion,I,あるく,歩く,あるく,歩く,あるきます,歩きます,あるきます,歩きます,あるきました,歩きました,あるきません,歩きません,あるいて,歩いて,あるいた,歩いた,あるかない,歩かない,あるかなかった,歩かなかった,あるか,歩か,あるけば,歩けば,あるける,歩ける,あるかれる,歩かれる,あるかせる,歩かせる,あるかせられる,歩かせられる,あるけ,歩け,あるこう,歩こう,
23,単語,8,わたります [はしを〜],渡ります Ⅰ [橋を〜],過〔橋〕,Verb,v-motion,I,わたる,渡る,わたる,渡る,わたります,渡ります,わたります,渡ります,わたりました,渡りました,わたりません,渡りません,わたって,渡って,わたった,渡った,わたらない,渡らない,わたらなかった,渡らなかった,わたら,渡ら,わたれば,渡れば,わたれる,渡れる,わたられる,渡られる,わたらせる,渡らせる,わたらせられる,渡らせられる,わたれ,渡れ,わたろう,渡ろう,
23,単語,9,まがります [みぎへ〜],曲がります Ⅰ [右へ〜],轉彎〔向右〕,Verb,v-motion,I,まがる,曲がる,まがる,曲がる,まがります,曲がります,まがります,曲がります,まがりました,曲がりました,まがりません,曲がりません,まがって,曲がって,まがった,曲がった,まがらない,曲がらない,まがらなかった,曲がらなかった,まがら,曲がら,まがれば,曲がれば,まがれる,曲がれる,まがられる,曲がられる,まがらせる,曲がらせる,まがらせられる,曲がらせられる,まがれ,曲がれ,まがろう,曲がろう,
23,単語,10,さびしい,寂しい,寂寞,i-Adjective,descriptive,,,,,,,,,,,,,,,,,,,,,,,,,,,,,,,,,,,,,,
23,単語,11,[お]ゆ,[お]湯,熱水,Noun,food-drink,,,,,,,,,,,,,,,,,,,,,,,,,,,,,,,,,,,,,,
23,単語,12,おと,音,聲音,Noun,nature-weather,,,,,,,,,,,,,,,,,,,,,,,,,,,,,,,,,,,,,,
23,単語,13,サイズ,,尺寸,Noun,number-quantity,,,,,,,,,,,,,,,,,,,,,,,,,,,,,,,,,,,,,,
23,単語,14,こしょう,故障,故障（〜します：故障）,Noun,abstract,,,,,,,,,,,,,,,,,,,,,,,,,,,,,,,,,,,,,,
23,単語,15,みち,道,道路,Noun,object,,,,,,,,,,,,,,,,,,,,,,,,,,,,,,,,,,,,,,
23,単語,16,こうさてん,交差点,十字路口,Noun,object,,,,,,,,,,,,,,,,,,,,,,,,,,,,,,,,,,,,,,
23,単語,17,しんごう,信号,紅綠燈、號誌燈,Noun,object,,,,,,,,,,,,,,,,,,,,,,,,,,,,,,,,,,,,,,
23,単語,18,かど,角,轉角,Noun,position,,,,,,,,,,,,,,,,,,,,,,,,,,,,,,,,,,,,,,
23,単語,19,はし,橋,橋,Noun,object,,,,,,,,,,,,,,,,,,,,,,,,,,,,,,,,,,,,,,
23,単語,20,ちゅうしゃじょう,駐車場,停車場,Noun,place,,,,,,,,,,,,,,,,,,,,,,,,,,,,,,,,,,,,,,
23,単語,21,たてもの,建物,建築物,Noun,place,,,,,,,,,,,,,,,,,,,,,,,,,,,,,,,,,,,,,,
23,単語,22,なんかいも,何回も,好幾次,Phrase,expression,,,,,,,,,,,,,,,,,,,,,,,,,,,,,,,,,,,,,,
23,単語,23,〜め,〜目,第…個（表示順序）,Suffix,function,,,,,,,,,,,,,,,,,,,,,,,,,,,,,,,,,,,,,,
23,関連単語,1,しょうとくたいし,聖徳太子,聖德太子（574～622）,Noun,proper-noun,,,,,,,,,,,,,,,,,,,,,,,,,,,,,,,,,,,,,,
23,関連単語,2,ほうりゅうじ,法隆寺,法隆寺（奈良的寺廟，由聖德太子於7世紀初所建）,Noun,proper-noun,,,,,,,,,,,,,,,,,,,,,,,,,,,,,,,,,,,,,,
23,関連単語,3,げんきちゃ,元気茶,元氣茶（虛構的茶名）,Noun,proper-noun,,,,,,,,,,,,,,,,,,,,,,,,,,,,,,,,,,,,,,
23,関連単語,4,ほんだえき,本田駅,本田站（虛構的車站名）,Noun,proper-noun,,,,,,,,,,,,,,,,,,,,,,,,,,,,,,,,,,,,,,
23,関連単語,5,としょかんまえ,図書館前,圖書館前（虛構的公車站名）,Phrase,proper-noun,,,,,,,,,,,,,,,,,,,,,,,,,,,,,,,,,,,,,,
24,単語,1,くれます,,給（我、我家的人）,Verb,v-transaction,II,くれる,,くれる,,くれます,,くれます,,くれました,,くれません,,くれて,,くれた,,くれない,,くれなかった,,くれ,,くれれば,,くれられる,,くれられる,,くれさせる,,くれさせられる,,くれろ,,くれよう,,no-kanji
24,単語,2,なおします,直します Ⅰ,修理、修改,Verb,v-handling,I,なおす,直す,なおす,直す,なおします,直します,なおします,直します,なおしました,直しました,なおしません,直しません,なおして,直して,なおした,直した,なおさない,直さない,なおさなかった,直さなかった,なおさ,直さ,なおせば,直せば,なおせる,直せる,なおされる,直される,なおさせる,直させる,なおさせられる,直させられる,なおせ,直せ,なおそう,直そう,
24,単語,3,つれて いきます,連れて 行きます Ⅰ,帶（某人）去,Phrase,expression,I,,,,,,,,,,,,,,,,,,,,,,,,,,,,,,,,,,,,,
24,単語,4,つれて きます *,連れて 来ます Ⅲ,帶（某人）來,Phrase,expression,III,,,,,,,,,,,,,,,,,,,,,,,,,,,,,,,,,,,,,
24,単語,5,おくります [ひとを〜],送ります Ⅰ [人を〜],送〔人〕、送行,Verb,v-motion,I,おくる,送る,おくる,送る,おくります,送ります,おくります,送ります,おくりました,送りました,おくりません,送りません,おくって,送って,おくった,送った,おくらない,送らない,おくらなかった,送らなかった,おくら,送ら,おくれば,送れば,おくれる,送れる,おくられる,送られる,おくらせる,送らせる,おくらせられる,送らせられる,おくれ,送れ,おくろう,送ろう,
24,単語,6,しょうかいします,紹介します Ⅲ,介紹,Verb,v-communication,III,しょうかいする,紹介する,しょうかいする,紹介する,しょうかいします,紹介します,しょうかいします,紹介します,しょうかいしました,紹介しました,しょうかいしません,紹介しません,しょうかいして,紹介して,しょうかいした,紹介した,しょうかいしない,紹介しない,しょうかいしなかった,紹介しなかった,しょうかいし,紹介し,しょうかいすれば,紹介すれば,しょうかいできる,紹介できる,しょうかいされる,紹介される,しょうかいさせる,紹介させる,しょうかいさせられる,紹介させられる,しょうかいしろ,紹介しろ,しょうかいしよう,紹介しよう,irregular-override
24,単語,7,あんないします,案内します Ⅲ,帶路、引導,Verb,v-other,III,あんないする,案内する,あんないする,案内する,あんないします,案内します,あんないします,案内します,あんないしました,案内しました,あんないしません,案内しません,あんないして,案内して,あんないした,案内した,あんないしない,案内しない,あんないしなかった,案内しなかった,あんないし,案内し,あんないすれば,案内すれば,あんないできる,案内できる,あんないされる,案内される,あんないさせる,案内させる,あんないさせられる,案内させられる,あんないしろ,案内しろ,あんないしよう,案内しよう,irregular-override
24,単語,8,せつめいします,説明します Ⅲ,說明、講解,Verb,v-communication,III,せつめいする,説明する,せつめいする,説明する,せつめいします,説明します,せつめいします,説明します,せつめいしました,説明しました,せつめいしません,説明しません,せつめいして,説明して,せつめいした,説明した,せつめいしない,説明しない,せつめいしなかった,説明しなかった,せつめいし,説明し,せつめいすれば,説明すれば,せつめいできる,説明できる,せつめいされる,説明される,せつめいさせる,説明させる,せつめいさせられる,説明させられる,せつめいしろ,説明しろ,せつめいしよう,説明しよう,irregular-override
24,単語,9,おじいさん／おじいちゃん,,祖父、外公、老爺爺,Noun,family,,,,,,,,,,,,,,,,,,,,,,,,,,,,,,,,,,,,,,
24,単語,10,おばあさん／おばあちゃん,,祖母、外婆、老奶奶,Noun,family,,,,,,,,,,,,,,,,,,,,,,,,,,,,,,,,,,,,,,
24,単語,11,じゅんび,準備,準備（〜[を] します：準備）,Noun,abstract,,,,,,,,,,,,,,,,,,,,,,,,,,,,,,,,,,,,,,
24,単語,12,ひっこし,引っ越し,搬家（〜[を] します：搬家）,Noun,abstract,,,,,,,,,,,,,,,,,,,,,,,,,,,,,,,,,,,,,,
24,単語,13,[お]かし,[お]菓子,點心,Noun,food-drink,,,,,,,,,,,,,,,,,,,,,,,,,,,,,,,,,,,,,,
24,単語,14,ホームステイ,,（留學的）寄宿家庭,Noun,object,,,,,,,,,,,,,,,,,,,,,,,,,,,,,,,,,,,,,,
24,単語,15,ぜんぶ,全部,全部,Noun,number-quantity,,,,,,,,,,,,,,,,,,,,,,,,,,,,,,,,,,,,,,
24,単語,16,じぶんで,自分で,自己、自己〜（做某事）,Phrase,expression,,,,,,,,,,,,,,,,,,,,,,,,,,,,,,,,,,,,,,
24,会話,1,ほかに,,另外,Phrase,expression,,,,,,,,,,,,,,,,,,,,,,,,,,,,,,,,,,,,,,
24,関連単語,1,ははの ひ,母の 日,母親節,Phrase,expression,,,,,,,,,,,,,,,,,,,,,,,,,,,,,,,,,,,,,,
25,単語,1,かんがえます,考えます Ⅱ,思考、想,Verb,v-thinking,II,かんがえる,考える,かんがえる,考える,かんがえます,考えます,かんがえます,考えます,かんがえました,考えました,かんがえません,考えません,かんがえて,考えて,かんがえた,考えた,かんがえない,考えない,かんがえなかった,考えなかった,かんがえ,考え,かんがえれば,考えれば,かんがえられる,考えられる,かんがえられる,考えられる,かんがえさせる,考えさせる,かんがえさせられる,考えさせられる,かんがえろ,考えろ,かんがえよう,考えよう,
25,単語,2,つきます,着きます Ⅰ,到達、抵達,Verb,v-motion,I,つく,着く,つく,着く,つきます,着きます,つきます,着きます,つきました,着きました,つきません,着きません,ついて,着いて,ついた,着いた,つかない,着かない,つかなかった,着かなかった,つか,着か,つけば,着けば,つける,着ける,つかれる,着かれる,つかせる,着かせる,つかせられる,着かせられる,つけ,着け,つこう,着こう,
25,単語,3,とります [としを〜],取ります Ⅰ [年を〜],〔年紀〕增長,Verb,v-other,I,とる,取る,とる,取る,とります,取ります,とります,取ります,とりました,取りました,とりません,取りません,とって,取って,とった,取った,とらない,取らない,とらなかった,取らなかった,とら,取ら,とれば,取れば,とれる,取れる,とられる,取られる,とらせる,取らせる,とらせられる,取らせられる,とれ,取れ,とろう,取ろう,
25,単語,4,たります,足ります Ⅱ,足夠,Verb,v-other,II,たりる,足りる,たりる,足りる,たります,足ります,たります,足ります,たりました,足りました,たりません,足りません,たりて,足りて,たりた,足りた,たりない,足りない,たりなかった,足りなかった,たり,足り,たりれば,足りれば,たりられる,足りられる,たりられる,足りられる,たりさせる,足りさせる,たりさせられる,足りさせられる,たりろ,足りろ,たりよう,足りよう,
25,単語,5,いなか,田舎,鄉下、故鄉,Noun,place,,,,,,,,,,,,,,,,,,,,,,,,,,,,,,,,,,,,,,
25,単語,6,チャンス,,機會,Noun,abstract,,,,,,,,,,,,,,,,,,,,,,,,,,,,,,,,,,,,,,
25,単語,7,おく,億,億,Noun,number-quantity,,,,,,,,,,,,,,,,,,,,,,,,,,,,,,,,,,,,,,
25,単語,8,もし [〜たら],,如果～,Phrase,expression,,,,,,,,,,,,,,,,,,,,,,,,,,,,,,,,,,,,,,
25,単語,9,いみ,意味,意思,Noun,abstract,,,,,,,,,,,,,,,,,,,,,,,,,,,,,,,,,,,,,,
25,会話,1,てんきん,転勤,調職（〜します：調職）,Noun,abstract,,,,,,,,,,,,,,,,,,,,,,,,,,,,,,,,,,,,,,
25,会話,2,こと,,事情、狀況（〜の こと：～的事）,Noun,abstract,,,,,,,,,,,,,,,,,,,,,,,,,,,,,,,,,,,,,,
25,会話,3,ひま,暇,空閒、閒暇,Noun,object,,,,,,,,,,,,,,,,,,,,,,,,,,,,,,,,,,,,,,
25,会話,4,[いろいろ] おせわに なりました。,[いろいろ] お世話に なりました。,承蒙您〔多方〕照顧。,Phrase,expression,,,,,,,,,,,,,,,,,,,,,,,,,,,,,,,,,,,,,,
25,会話,5,がんばります,頑張ります Ⅰ,加油、努力,Verb,v-other,I,がんばる,頑張る,がんばる,頑張る,がんばります,頑張ります,がんばります,頑張ります,がんばりました,頑張りました,がんばりません,頑張りません,がんばって,頑張って,がんばった,頑張った,がんばらない,頑張らない,がんばらなかった,頑張らなかった,がんばら,頑張ら,がんばれば,頑張れば,がんばれる,頑張れる,がんばられる,頑張られる,がんばらせる,頑張らせる,がんばらせられる,頑張らせられる,がんばれ,頑張れ,がんばろう,頑張ろう,
25,会話,6,どうぞ おげんきで。,どうぞ お元気で。,請保重。（用於將要長期分別時）,Phrase,expression,,,,,,,,,,,,,,,,,,,,,,,,,,,,,,,,,,,,,,
25,練習C,1,もしもし,,喂（打電話時的用語）,Phrase,expression,,,,,,,,,,,,,,,,,,,,,,,,,,,,,,,,,,,,,,
25,関連単語,1,ベトナム,,越南,Noun,country,,,,,,,,,,,,,,,,,,,,,,,,,,,,,,,,,,,,,,
26,単語,1,みます,見ます、診ます,看、診斷,Verb,v-thinking,II,みる,見ます、診る,みる,見ます、診る,みます,見ます、診ます,みます,見ます、診ます,みました,見ます、診ました,みません,見ます、診ません,みて,見ます、診て,みた,見ます、診た,みない,見ます、診ない,みなかった,見ます、診なかった,み,見ます、診,みれば,見ます、診れば,みられる,見ます、診られる,みられる,見ます、診られる,みさせる,見ます、診させる,みさせられる,見ます、診させられる,みろ,見ます、診ろ,みよう,見ます、診よう,
26,単語,2,さがします,探します、捜します,尋找,Verb,v-other,I,さがす,探します、捜す,さがす,探します、捜す,さがします,探します、捜します,さがします,探します、捜します,さがしました,探します、捜しました,さがしません,探します、捜しません,さがして,探します、捜して,さがした,探します、捜した,さがさない,探します、捜さない,さがさなかった,探します、捜さなかった,さがさ,探します、捜さ,さがせば,探します、捜せば,さがせる,探します、捜せる,さがされる,探します、捜される,さがさせる,探します、捜させる,さがさせられる,探します、捜させられる,さがせ,探します、捜せ,さがそう,探します、捜そう,
26,単語,3,おくれます [じかんに〜],遅れます Ⅱ [時間に〜],晚、沒趕上〔時間〕,Verb,v-other,II,おくれる,遅れる,おくれる,遅れる,おくれます,遅れます,おくれます,遅れます,おくれました,遅れました,おくれません,遅れません,おくれて,遅れて,おくれた,遅れた,おくれない,遅れない,おくれなかった,遅れなかった,おくれ,遅れ,おくれれば,遅れれば,おくれられる,遅れられる,おくれられる,遅れられる,おくれさせる,遅れさせる,おくれさせられる,遅れさせられる,おくれろ,遅れろ,おくれよう,遅れよう,
26,単語,4,まに あいます [じかんに〜],間に 合います Ⅰ [時間に〜],趕上〔時間〕,Phrase,expression,I,,,,,,,,,,,,,,,,,,,,,,,,,,,,,,,,,,,,,
26,単語,5,やります,,做、從事,Verb,v-other,I,やる,,やる,,やります,,やります,,やりました,,やりません,,やって,,やった,,やらない,,やらなかった,,やら,,やれば,,やれる,,やられる,,やらせる,,やらせられる,,やれ,,やろう,,no-kanji
26,単語,6,ひろいます,拾います Ⅰ,拾、撿,Verb,v-other,I,ひろう,拾う,ひろう,拾う,ひろいます,拾います,ひろいます,拾います,ひろいました,拾いました,ひろいません,拾いません,ひろって,拾って,ひろった,拾った,ひろわない,拾わない,ひろわなかった,拾わなかった,ひろわ,拾わ,ひろえば,拾えば,ひろえる,拾える,ひろわれる,拾われる,ひろわせる,拾わせる,ひろわせられる,拾わせられる,ひろえ,拾え,ひろおう,拾おう,
26,単語,7,れんらくします,連絡します Ⅲ,聯繫,Verb,v-communication,III,れんらくする,連絡する,れんらくする,連絡する,れんらくします,連絡します,れんらくします,連絡します,れんらくしました,連絡しました,れんらくしません,連絡しません,れんらくして,連絡して,れんらくした,連絡した,れんらくしない,連絡しない,れんらくしなかった,連絡しなかった,れんらくし,連絡し,れんらくすれば,連絡すれば,れんらくできる,連絡できる,れんらくされる,連絡される,れんらくさせる,連絡させる,れんらくさせられる,連絡させられる,れんらくしろ,連絡しろ,れんらくしよう,連絡しよう,irregular-override
26,単語,8,きぶんが いい*,気分が いい,舒服,Phrase,expression,,,,,,,,,,,,,,,,,,,,,,,,,,,,,,,,,,,,,,
26,単語,9,きぶんが わるい,気分が 悪い,不舒服,Phrase,expression,,,,,,,,,,,,,,,,,,,,,,,,,,,,,,,,,,,,,,
26,単語,10,うんどうかい,運動会,運動會,Noun,hobby-sport,,,,,,,,,,,,,,,,,,,,,,,,,,,,,,,,,,,,,,
26,単語,11,ぼんおどり,盆踊り,盂蘭盆節舞,Noun,object,,,,,,,,,,,,,,,,,,,,,,,,,,,,,,,,,,,,,,
26,単語,12,フリーマーケット,,跳蚤市場,Noun,object,,,,,,,,,,,,,,,,,,,,,,,,,,,,,,,,,,,,,,
26,単語,13,ばしょ,場所,場所、地點,Noun,place,,,,,,,,,,,,,,,,,,,,,,,,,,,,,,,,,,,,,,
26,単語,14,ボランティア,,義工、志願者,Noun,object,,,,,,,,,,,,,,,,,,,,,,,,,,,,,,,,,,,,,,
26,単語,15,さいふ,財布,錢包,Noun,money-shopping,,,,,,,,,,,,,,,,,,,,,,,,,,,,,,,,,,,,,,
26,単語,16,ごみ,,垃圾,Noun,object,,,,,,,,,,,,,,,,,,,,,,,,,,,,,,,,,,,,,,
26,単語,17,こっかいぎじどう,国会議事堂,國會議事堂,Noun,proper-noun,,,,,,,,,,,,,,,,,,,,,,,,,,,,,,,,,,,,,,
26,単語,18,へいじつ,平日,平日,Noun,time,,,,,,,,,,,,,,,,,,,,,,,,,,,,,,,,,,,,,,
26,単語,19,〜べん,〜弁,～方言,Noun,object,,,,,,,,,,,,,,,,,,,,,,,,,,,,,,,,,,,,,,
26,単語,20,こんど,今度,這次、下次,Noun,position,,,,,,,,,,,,,,,,,,,,,,,,,,,,,,,,,,,,,,
26,単語,21,ずいぶん,随分,極其、相當、很,Adverb,function,,,,,,,,,,,,,,,,,,,,,,,,,,,,,,,,,,,,,,
26,単語,22,ちょくせつ,直接,直接,Adverb,function,,,,,,,,,,,,,,,,,,,,,,,,,,,,,,,,,,,,,,
26,単語,23,いつでも,,隨時,Phrase,expression,,,,,,,,,,,,,,,,,,,,,,,,,,,,,,,,,,,,,,
26,単語,24,どこでも*,,任何地方都,Phrase,expression,,,,,,,,,,,,,,,,,,,,,,,,,,,,,,,,,,,,,,
26,単語,25,だれでも*,,任何人都,Phrase,expression,,,,,,,,,,,,,,,,,,,,,,,,,,,,,,,,,,,,,,
26,単語,26,なんでも*,何でも,什麼都,Phrase,expression,,,,,,,,,,,,,,,,,,,,,,,,,,,,,,,,,,,,,,
26,単語,27,こんな 〜*,,這樣的～,Phrase,expression,,,,,,,,,,,,,,,,,,,,,,,,,,,,,,,,,,,,,,
26,単語,28,そんな 〜,,那樣的～（離聽話者較近）,Phrase,expression,,,,,,,,,,,,,,,,,,,,,,,,,,,,,,,,,,,,,,
26,単語,29,あんな 〜*,,那樣的～（離說話者和聽者都較遠）,Phrase,expression,,,,,,,,,,,,,,,,,,,,,,,,,,,,,,,,,,,,,,
26,単語,30,※エドヤストア,,江戶屋商店（虛構的商店）,Noun,proper-noun,,,,,,,,,,,,,,,,,,,,,,,,,,,,,,,,,,,,,,
26,会話,1,かたづきます [にもつが〜],片づきます Ⅰ [荷物が〜],收拾〔行李〕,Verb,v-other,I,かたづく,片づく,かたづく,片づく,かたづきます,片づきます,かたづきます,片づきます,かたづきました,片づきました,かたづきません,片づきません,かたづいて,片づいて,かたづいた,片づいた,かたづかない,片づかない,かたづかなかった,片づかなかった,かたづか,片づか,かたづけば,片づけば,かたづける,片づける,かたづかれる,片づかれる,かたづかせる,片づかせる,かたづかせられる,片づかせられる,かたづけ,片づけ,かたづこう,片づこう,
26,会話,2,だします [ごみを〜],出します Ⅰ [ごみを〜],扔、倒〔垃圾〕,Verb,v-handling,I,だす,出す,だす,出す,だします,出します,だします,出します,だしました,出しました,だしません,出しません,だして,出して,だした,出した,ださない,出さない,ださなかった,出さなかった,ださ,出さ,だせば,出せば,だせる,出せる,だされる,出される,ださせる,出させる,ださせられる,出させられる,だせ,出せ,だそう,出そう,
26,会話,3,もえる ごみ,燃える ごみ,可燃垃圾,Phrase,expression,,,,,,,,,,,,,,,,,,,,,,,,,,,,,,,,,,,,,,
26,会話,4,おきば,置き場,放置處,Noun,object,,,,,,,,,,,,,,,,,,,,,,,,,,,,,,,,,,,,,,
26,会話,5,よこ,横,旁邊,Noun,position,,,,,,,,,,,,,,,,,,,,,,,,,,,,,,,,,,,,,,
26,会話,6,びん,瓶,瓶子,Noun,furniture,,,,,,,,,,,,,,,,,,,,,,,,,,,,,,,,,,,,,,
26,会話,7,かん,缶,罐子,Noun,furniture,,,,,,,,,,,,,,,,,,,,,,,,,,,,,,,,,,,,,,
26,会話,8,ガス,,瓦斯,Noun,object,,,,,,,,,,,,,,,,,,,,,,,,,,,,,,,,,,,,,,
26,会話,9,〜がいしゃ,〜会社,～公司,Noun,place,,,,,,,,,,,,,,,,,,,,,,,,,,,,,,,,,,,,,,
26,読み物,1,うちゅう,宇宙,宇宙,Noun,nature-weather,,,,,,,,,,,,,,,,,,,,,,,,,,,,,,,,,,,,,,
26,読み物,2,〜さま,〜様,～先生、～女士（「～さん」的尊敬語）,Phrase,expression,,,,,,,,,,,,,,,,,,,,,,,,,,,,,,,,,,,,,,
26,読み物,3,うちゅうせん,宇宙船,太空船,Noun,transport,,,,,,,,,,,,,,,,,,,,,,,,,,,,,,,,,,,,,,
26,読み物,4,こわい,怖い,害怕、可怕,i-Adjective,descriptive,,,,,,,,,,,,,,,,,,,,,,,,,,,,,,,,,,,,,,
26,読み物,5,うちゅうステーション,宇宙ステーション,太空站,Noun,object,,,,,,,,,,,,,,,,,,,,,,,,,,,,,,,,,,,,,,
26,読み物,6,ちがいます,違います Ⅰ,不一樣,Verb,v-other,I,ちがう,違う,ちがう,違う,ちがいます,違います,ちがいます,違います,ちがいました,違いました,ちがいません,違いません,ちがって,違って,ちがった,違った,ちがわない,違わない,ちがわなかった,違わなかった,ちがわ,違わ,ちがえば,違えば,ちがえる,違える,ちがわれる,違われる,ちがわせる,違わせる,ちがわせられる,違わせられる,ちがえ,違え,ちがおう,違おう,
26,読み物,7,うちゅうひこうし,宇宙飛行士,太空人,Noun,occupation,,,,,,,,,,,,,,,,,,,,,,,,,,,,,,,,,,,,,,
26,読み物,8,※ほしで あきひこ,星出彰彦,星出彰彥（日本太空人、1968～）,Noun,proper-noun,,,,,,,,,,,,,,,,,,,,,,,,,,,,,,,,,,,,,,
27,単語,1,かいます,飼います Ⅰ,飼養,Verb,v-other,I,かう,飼う,かう,飼う,かいます,飼います,かいます,飼います,かいました,飼いました,かいません,飼いません,かって,飼って,かった,飼った,かわない,飼わない,かわなかった,飼わなかった,かわ,飼わ,かえば,飼えば,かえる,飼える,かわれる,飼われる,かわせる,飼わせる,かわせられる,飼わせられる,かえ,飼え,かおう,飼おう,
27,単語,2,はしります [みちを〜],走ります Ⅰ [道を〜],跑、奔馳〔在路上〕,Verb,v-motion,I,はしる,走る,はしる,走る,はしります,走ります,はしります,走ります,はしりました,走りました,はしりません,走りません,はしって,走って,はしった,走った,はしらない,走らない,はしらなかった,走らなかった,はしら,走ら,はしれば,走れば,はしれる,走れる,はしられる,走られる,はしらせる,走らせる,はしらせられる,走らせられる,はしれ,走れ,はしろう,走ろう,
27,単語,3,みえます [やまが〜],見えます Ⅱ [山が〜],看得見〔山〕,Verb,v-thinking,II,みえる,見える,みえる,見える,みえます,見えます,みえます,見えます,みえました,見えました,みえません,見えません,みえて,見えて,みえた,見えた,みえない,見えない,みえなかった,見えなかった,みえ,見え,みえれば,見えれば,みえられる,見えられる,みえられる,見えられる,みえさせる,見えさせる,みえさせられる,見えさせられる,みえろ,見えろ,みえよう,見えよう,
27,単語,4,きこえます [おとが〜],聞こえます Ⅱ [音が〜],聽得見〔聲音〕,Verb,v-thinking,II,きこえる,聞こえる,きこえる,聞こえる,きこえます,聞こえます,きこえます,聞こえます,きこえました,聞こえました,きこえません,聞こえません,きこえて,聞こえて,きこえた,聞こえた,きこえない,聞こえない,きこえなかった,聞こえなかった,きこえ,聞こえ,きこえれば,聞こえれば,きこえられる,聞こえられる,きこえられる,聞こえられる,きこえさせる,聞こえさせる,きこえさせられる,聞こえさせられる,きこえろ,聞こえろ,きこえよう,聞こえよう,
27,単語,5,できます [みちが〜],,建好、修好〔道路〕,Phrase,expression,II,,,,,,,,,,,,,,,,,,,,,,,,,,,,,,,,,,,,,
27,単語,6,ひらきます [きょうしつを〜],開きます Ⅰ [教室を〜],開〔教室〕,Verb,v-communication,I,ひらく,開く,ひらく,開く,ひらきます,開きます,ひらきます,開きます,ひらきました,開きました,ひらきません,開きません,ひらいて,開いて,ひらいた,開いた,ひらかない,開かない,ひらかなかった,開かなかった,ひらか,開か,ひらけば,開けば,ひらける,開ける,ひらかれる,開かれる,ひらかせる,開かせる,ひらかせられる,開かせられる,ひらけ,開け,ひらこう,開こう,
27,単語,7,しんぱい [な],心配 [な],擔心,na-Adjective,descriptive,,,,,,,,,,,,,,,,,,,,,,,,,,,,,,,,,,,,,,
27,単語,8,ペット,,寵物,Noun,animals-plants,,,,,,,,,,,,,,,,,,,,,,,,,,,,,,,,,,,,,,
27,単語,9,とり,鳥,鳥,Noun,animals-plants,,,,,,,,,,,,,,,,,,,,,,,,,,,,,,,,,,,,,,
27,単語,10,こえ,声,聲音,Noun,nature-weather,,,,,,,,,,,,,,,,,,,,,,,,,,,,,,,,,,,,,,
27,単語,11,なみ,波,波浪,Noun,nature-weather,,,,,,,,,,,,,,,,,,,,,,,,,,,,,,,,,,,,,,
27,単語,12,はなび,花火,煙火,Noun,nature-weather,,,,,,,,,,,,,,,,,,,,,,,,,,,,,,,,,,,,,,
27,単語,13,どうぐ,道具,工具,Noun,object,,,,,,,,,,,,,,,,,,,,,,,,,,,,,,,,,,,,,,
27,単語,14,クリーニング,,（乾）洗、洗衣,Noun,object,,,,,,,,,,,,,,,,,,,,,,,,,,,,,,,,,,,,,,
27,単語,15,いえ,家,家、住宅,Noun,object,,,,,,,,,,,,,,,,,,,,,,,,,,,,,,,,,,,,,,
27,単語,16,マンション,,公寓,Noun,place,,,,,,,,,,,,,,,,,,,,,,,,,,,,,,,,,,,,,,
27,単語,17,キッチン,,廚房,Noun,place,,,,,,,,,,,,,,,,,,,,,,,,,,,,,,,,,,,,,,
27,単語,18,〜きょうしつ,〜教室,～教室,Phrase,expression,,,,,,,,,,,,,,,,,,,,,,,,,,,,,,,,,,,,,,
27,単語,19,パーティールーム,,宴會廳,Noun,object,,,,,,,,,,,,,,,,,,,,,,,,,,,,,,,,,,,,,,
27,単語,20,かた,方,人（「ひと」的尊敬語）,Noun,people,,,,,,,,,,,,,,,,,,,,,,,,,,,,,,,,,,,,,,
27,単語,21,〜ご,〜後,～後（時間上）,Phrase,expression,,,,,,,,,,,,,,,,,,,,,,,,,,,,,,,,,,,,,,
27,単語,22,〜しか,,只～（後接否定）,Phrase,expression,,,,,,,,,,,,,,,,,,,,,,,,,,,,,,,,,,,,,,
27,単語,23,ほかの,他の,其他的,Prenominal,function,,,,,,,,,,,,,,,,,,,,,,,,,,,,,,,,,,,,,,
27,単語,24,はっきり,,清楚地,Adverb,function,,,,,,,,,,,,,,,,,,,,,,,,,,,,,,,,,,,,,,
27,会話,1,かぐ,家具,家具,Noun,object,,,,,,,,,,,,,,,,,,,,,,,,,,,,,,,,,,,,,,
27,会話,2,ほんだな,本棚,書架,Noun,language-study,,,,,,,,,,,,,,,,,,,,,,,,,,,,,,,,,,,,,,
27,会話,3,いつか,,什麼時候,Adverb,function,,,,,,,,,,,,,,,,,,,,,,,,,,,,,,,,,,,,,,
27,会話,4,たてます,建てます Ⅱ,建、蓋,Verb,v-handling,II,たてる,建てる,たてる,建てる,たてます,建てます,たてます,建てます,たてました,建てました,たてません,建てません,たてて,建てて,たてた,建てた,たてない,建てない,たてなかった,建てなかった,たて,建て,たてれば,建てれば,たてられる,建てられる,たてられる,建てられる,たてさせる,建てさせる,たてさせられる,建てさせられる,たてろ,建てろ,たてよう,建てよう,
27,会話,5,すばらしい,素晴らしい,很棒、了不起,i-Adjective,descriptive,,,,,,,,,,,,,,,,,,,,,,,,,,,,,,,,,,,,,,
27,読み物,1,こどもたち,子どもたち,孩子們,Noun,family,,,,,,,,,,,,,,,,,,,,,,,,,,,,,,,,,,,,,,
27,読み物,2,だいすき [な],大好き [な],非常喜歡,na-Adjective,descriptive,,,,,,,,,,,,,,,,,,,,,,,,,,,,,,,,,,,,,,
27,読み物,3,しゅじんこう,主人公,主人公,Noun,abstract,,,,,,,,,,,,,,,,,,,,,,,,,,,,,,,,,,,,,,
27,読み物,4,かたち,形,形狀、樣子,Noun,abstract,,,,,,,,,,,,,,,,,,,,,,,,,,,,,,,,,,,,,,
27,読み物,5,ふしぎ [な],不思議 [な],不可思議,na-Adjective,descriptive,,,,,,,,,,,,,,,,,,,,,,,,,,,,,,,,,,,,,,
27,読み物,6,ポケット,,口袋,Noun,object,,,,,,,,,,,,,,,,,,,,,,,,,,,,,,,,,,,,,,
27,読み物,7,たとえば,例えば,例如,Phrase,expression,,,,,,,,,,,,,,,,,,,,,,,,,,,,,,,,,,,,,,
27,読み物,8,つけます,付けます Ⅱ,戴上,Verb,v-daily,II,つける,付ける,つける,付ける,つけます,付けます,つけます,付けます,つけました,付けました,つけません,付けません,つけて,付けて,つけた,付けた,つけない,付けない,つけなかった,付けなかった,つけ,付け,つければ,付ければ,つけられる,付けられる,つけられる,付けられる,つけさせる,付けさせる,つけさせられる,付けさせられる,つけろ,付けろ,つけよう,付けよう,
27,読み物,9,じゆうに,自由に,自由地、隨意地,Phrase,expression,,,,,,,,,,,,,,,,,,,,,,,,,,,,,,,,,,,,,,
27,読み物,10,そら,空,天空,Noun,nature-weather,,,,,,,,,,,,,,,,,,,,,,,,,,,,,,,,,,,,,,
27,読み物,11,とびます,飛びます Ⅰ,飛、飛翔,Verb,v-motion,I,とぶ,飛ぶ,とぶ,飛ぶ,とびます,飛びます,とびます,飛びます,とびました,飛びました,とびません,飛びません,とんで,飛んで,とんだ,飛んだ,とばない,飛ばない,とばなかった,飛ばなかった,とば,飛ば,とべば,飛べば,とべる,飛べる,とばれる,飛ばれる,とばせる,飛ばせる,とばせられる,飛ばせられる,とべ,飛べ,とぼう,飛ぼう,
27,読み物,12,むかし,昔,過去、以前,Noun,position,,,,,,,,,,,,,,,,,,,,,,,,,,,,,,,,,,,,,,
27,読み物,13,じぶん,自分,自己,Noun,people,,,,,,,,,,,,,,,,,,,,,,,,,,,,,,,,,,,,,,
27,読み物,14,しょうらい,将来,將來,Noun,time,,,,,,,,,,,,,,,,,,,,,,,,,,,,,,,,,,,,,,
27,読み物,15,※ドラえもん,,哆啦A夢（動漫畫登場人物的名字）,Noun,proper-noun,,,,,,,,,,,,,,,,,,,,,,,,,,,,,,,,,,,,,,
28,単語,1,うれます [パンが〜],売れます Ⅱ,暢銷、賣得好〔麵包〕,Verb,v-transaction,II,うれる,売れる,うれる,売れる,うれます,売れます,うれます,売れます,うれました,売れました,うれません,売れません,うれて,売れて,うれた,売れた,うれない,売れない,うれなかった,売れなかった,うれ,売れ,うれれば,売れれば,うれられる,売れられる,うれられる,売れられる,うれさせる,売れさせる,うれさせられる,売れさせられる,うれろ,売れろ,うれよう,売れよう,
28,単語,2,おどります,踊ります Ⅰ,跳舞,Verb,v-daily,I,おどる,踊る,おどる,踊る,おどります,踊ります,おどります,踊ります,おどりました,踊りました,おどりません,踊りません,おどって,踊って,おどった,踊った,おどらない,踊らない,おどらなかった,踊らなかった,おどら,踊ら,おどれば,踊れば,おどれる,踊れる,おどられる,踊られる,おどらせる,踊らせる,おどらせられる,踊らせられる,おどれ,踊れ,おどろう,踊ろう,
28,単語,3,かみます,,嚼、咬,Verb,v-other,I,かむ,,かむ,,かみます,,かみます,,かみました,,かみません,,かんで,,かんだ,,かまない,,かまなかった,,かま,,かめば,,かめる,,かまれる,,かませる,,かませられる,,かめ,,かもう,,no-kanji
28,単語,4,えらびます,選びます Ⅰ,選擇,Verb,v-thinking,I,えらぶ,選ぶ,えらぶ,選ぶ,えらびます,選びます,えらびます,選びます,えらびました,選びました,えらびません,選びません,えらんで,選んで,えらんだ,選んだ,えらばない,選ばない,えらばなかった,選ばなかった,えらば,選ば,えらべば,選べば,えらべる,選べる,えらばれる,選ばれる,えらばせる,選ばせる,えらばせられる,選ばせられる,えらべ,選べ,えらぼう,選ぼう,
28,単語,5,かよいます [だいがくに〜],通います Ⅰ [大学に〜],往返〔大學〕,Verb,v-motion,I,かよう,通う,かよう,通う,かよいます,通います,かよいます,通います,かよいました,通いました,かよいません,通いません,かよって,通って,かよった,通った,かよわない,通わない,かよわなかった,通わなかった,かよわ,通わ,かよえば,通えば,かよえる,通える,かよわれる,通われる,かよわせる,通わせる,かよわせられる,通わせられる,かよえ,通え,かよおう,通おう,
28,単語,6,メモします,,記筆記,Verb,v-handling,III,メモする,,メモする,,メモします,,メモします,,メモしました,,メモしません,,メモして,,メモした,,メモしない,,メモしなかった,,メモし,,メモすれば,,メモできる,,メモされる,,メモさせる,,メモさせられる,,メモしろ,,メモしよう,,irregular-override; no-kanji
28,単語,7,まじめ [な],,認真,na-Adjective,descriptive,,,,,,,,,,,,,,,,,,,,,,,,,,,,,,,,,,,,,,
28,単語,8,ねっしん [な],熱心 [な],熱心、熱忱,na-Adjective,descriptive,,,,,,,,,,,,,,,,,,,,,,,,,,,,,,,,,,,,,,
28,単語,9,えらい,偉い,偉大、了不起,i-Adjective,descriptive,,,,,,,,,,,,,,,,,,,,,,,,,,,,,,,,,,,,,,
28,単語,10,ちょうど いい,,正好,Phrase,expression,,,,,,,,,,,,,,,,,,,,,,,,,,,,,,,,,,,,,,
28,単語,11,けしき,景色,景色,Noun,nature-weather,,,,,,,,,,,,,,,,,,,,,,,,,,,,,,,,,,,,,,
28,単語,12,びよういん,美容院,美容院,Noun,place,,,,,,,,,,,,,,,,,,,,,,,,,,,,,,,,,,,,,,
28,単語,13,だいどころ,台所,廚房,Noun,place,,,,,,,,,,,,,,,,,,,,,,,,,,,,,,,,,,,,,,
28,単語,14,けいけん,経験,經驗（〜が あります：有經驗、〜を します：體驗）,Noun,abstract,,,,,,,,,,,,,,,,,,,,,,,,,,,,,,,,,,,,,,
28,単語,15,ちから,力,力量、力氣,Noun,abstract,,,,,,,,,,,,,,,,,,,,,,,,,,,,,,,,,,,,,,
28,単語,16,にんき,人気,受歡迎、有人緣（「[がくせいに]〜が あります」）,Noun,abstract,,,,,,,,,,,,,,,,,,,,,,,,,,,,,,,,,,,,,,
28,単語,17,かたち,形,形狀、樣子,Noun,abstract,,,,,,,,,,,,,,,,,,,,,,,,,,,,,,,,,,,,,,
28,単語,18,いろ,色,顏色,Noun,abstract,,,,,,,,,,,,,,,,,,,,,,,,,,,,,,,,,,,,,,
28,単語,19,あじ,味,味道,Noun,abstract,,,,,,,,,,,,,,,,,,,,,,,,,,,,,,,,,,,,,,
28,単語,20,ガム,,口香糖,Noun,food-drink,,,,,,,,,,,,,,,,,,,,,,,,,,,,,,,,,,,,,,
28,単語,21,しなもの,品物,物品、商品,Noun,money-shopping,,,,,,,,,,,,,,,,,,,,,,,,,,,,,,,,,,,,,,
28,単語,22,ねだん,値段,價錢、價位,Noun,money-shopping,,,,,,,,,,,,,,,,,,,,,,,,,,,,,,,,,,,,,,
28,単語,23,きゅうりょう,給料,薪水、工資,Noun,food-drink,,,,,,,,,,,,,,,,,,,,,,,,,,,,,,,,,,,,,,
28,単語,24,ボーナス,,獎金,Noun,money-shopping,,,,,,,,,,,,,,,,,,,,,,,,,,,,,,,,,,,,,,
28,単語,25,ゲーム,,遊戲,Noun,hobby-sport,,,,,,,,,,,,,,,,,,,,,,,,,,,,,,,,,,,,,,
28,単語,26,ばんぐみ,番組,節目,Noun,arts-media,,,,,,,,,,,,,,,,,,,,,,,,,,,,,,,,,,,,,,
28,単語,27,ドラマ,,電視劇,Noun,electronics,,,,,,,,,,,,,,,,,,,,,,,,,,,,,,,,,,,,,,
28,単語,28,かしゅ,歌手,歌手,Noun,arts-media,,,,,,,,,,,,,,,,,,,,,,,,,,,,,,,,,,,,,,
28,単語,29,しょうせつ,小説,小說,Noun,arts-media,,,,,,,,,,,,,,,,,,,,,,,,,,,,,,,,,,,,,,
28,単語,30,しょうせつか,小説家,小說家,Noun,occupation,,,,,,,,,,,,,,,,,,,,,,,,,,,,,,,,,,,,,,
28,単語,31,〜か,〜家,～家（表示專門從事某一學問或藝術的人的接尾詞）,Phrase,expression,,,,,,,,,,,,,,,,,,,,,,,,,,,,,,,,,,,,,,
28,単語,32,〜き,〜機,～機（表示機械的內接尾詞）,Phrase,expression,,,,,,,,,,,,,,,,,,,,,,,,,,,,,,,,,,,,,,
28,単語,33,むすこ,息子,（自己的）兒子,Noun,family,,,,,,,,,,,,,,,,,,,,,,,,,,,,,,,,,,,,,,
28,単語,34,むすこさん*,息子さん,（別人的）兒子,Noun,family,,,,,,,,,,,,,,,,,,,,,,,,,,,,,,,,,,,,,,
28,単語,35,むすめ,娘,（自己的）女兒,Noun,family,,,,,,,,,,,,,,,,,,,,,,,,,,,,,,,,,,,,,,
28,単語,36,むすめさん*,娘さん,（別人的）女兒,Noun,family,,,,,,,,,,,,,,,,,,,,,,,,,,,,,,,,,,,,,,
28,単語,37,じぶん,自分,自己,Noun,people,,,,,,,,,,,,,,,,,,,,,,,,,,,,,,,,,,,,,,
28,単語,38,しょうらい,将来,將來,Noun,time,,,,,,,,,,,,,,,,,,,,,,,,,,,,,,,,,,,,,,
28,単語,39,しばらく,,不久、暫且、陣子,Adverb,function,,,,,,,,,,,,,,,,,,,,,,,,,,,,,,,,,,,,,,
28,単語,40,たいてい,大抵,大部分、通常,Adverb,function,,,,,,,,,,,,,,,,,,,,,,,,,,,,,,,,,,,,,,
28,単語,41,それに,,而且,Phrase,expression,,,,,,,,,,,,,,,,,,,,,,,,,,,,,,,,,,,,,,
28,単語,42,それで,,因此、所以,Phrase,expression,,,,,,,,,,,,,,,,,,,,,,,,,,,,,,,,,,,,,,
28,会話,1,[ちょっと] おねがいが あるんですが。,[ちょっと] お願いが あるんですが。,我有件事想麻煩你一下。,Phrase,expression,,,,,,,,,,,,,,,,,,,,,,,,,,,,,,,,,,,,,,
28,会話,2,じつは,実は,其實、實際上,Phrase,expression,,,,,,,,,,,,,,,,,,,,,,,,,,,,,,,,,,,,,,
28,会話,3,かいわ,会話,會話,Noun,language-study,,,,,,,,,,,,,,,,,,,,,,,,,,,,,,,,,,,,,,
28,会話,4,うーん,,嗯,Phrase,expression,,,,,,,,,,,,,,,,,,,,,,,,,,,,,,,,,,,,,,
28,読み物,1,おしらせ,お知らせ,通知,Noun,communication,,,,,,,,,,,,,,,,,,,,,,,,,,,,,,,,,,,,,,
28,読み物,2,さんかします,参加します Ⅲ,參加,Verb,v-workstudy,III,さんかする,参加する,さんかする,参加する,さんかします,参加します,さんかします,参加します,さんかしました,参加しました,さんかしません,参加しません,さんかして,参加して,さんかした,参加した,さんかしない,参加しない,さんかしなかった,参加しなかった,さんかし,参加し,さんかすれば,参加すれば,さんかできる,参加できる,さんかされる,参加される,さんかさせる,参加させる,さんかさせられる,参加させられる,さんかしろ,参加しろ,さんかしよう,参加しよう,irregular-override
28,読み物,3,ひにち,日にち,日期,Noun,time,,,,,,,,,,,,,,,,,,,,,,,,,,,,,,,,,,,,,,
28,読み物,4,ど,土,星期六,Noun,time,,,,,,,,,,,,,,,,,,,,,,,,,,,,,,,,,,,,,,
28,読み物,5,たいいくかん,体育館,體育館,Noun,hobby-sport,,,,,,,,,,,,,,,,,,,,,,,,,,,,,,,,,,,,,,
28,読み物,6,むりょう,無料,免費,Noun,object,,,,,,,,,,,,,,,,,,,,,,,,,,,,,,,,,,,,,,
28,読み物,7,さそいます,誘います Ⅰ,邀請,Verb,v-communication,I,さそう,誘う,さそう,誘う,さそいます,誘います,さそいます,誘います,さそいました,誘いました,さそいません,誘いません,さそって,誘って,さそった,誘った,さそわない,誘わない,さそわなかった,誘わなかった,さそわ,誘わ,さそえば,誘えば,さそえる,誘える,さそわれる,誘われる,さそわせる,誘わせる,さそわせられる,誘わせられる,さそえ,誘え,さそおう,誘おう,
28,読み物,8,イベント,,活動,Noun,abstract,,,,,,,,,,,,,,,,,,,,,,,,,,,,,,,,,,,,,,
29,単語,1,あきます [ドアが〜],開きます Ⅰ,〔門〕開著,Verb,v-change,I,あく,開く,あく,開く,あきます,開きます,あきます,開きます,あきました,開きました,あきません,開きません,あいて,開いて,あいた,開いた,あかない,開かない,あかなかった,開かなかった,あか,開か,あけば,開けば,あける,開ける,あかれる,開かれる,あかせる,開かせる,あかせられる,開かせられる,あけ,開け,あこう,開こう,
29,単語,2,しまります [ドアが〜],閉まります Ⅰ,〔門〕關著,Verb,v-change,I,しまる,閉まる,しまる,閉まる,しまります,閉まります,しまります,閉まります,しまりました,閉まりました,しまりません,閉まりません,しまって,閉まって,しまった,閉まった,しまらない,閉まらない,しまらなかった,閉まらなかった,しまら,閉まら,しまれば,閉まれば,しまれる,閉まれる,しまられる,閉まられる,しまらせる,閉まらせる,しまらせられる,閉まらせられる,しまれ,閉まれ,しまろう,閉まろう,
29,単語,3,つきます [でんきが〜],つきます Ⅰ [電気が〜],〔燈〕開著,Verb,v-change,I,つく,,つく,,つきます,,つきます,,つきました,,つきません,,ついて,,ついた,,つかない,,つかなかった,,つか,,つけば,,つける,,つかれる,,つかせる,,つかせられる,,つけ,,つこう,,
29,単語,4,きえます * [でんきが〜],消えます Ⅱ* [電気が〜],〔燈〕關著,Verb,v-change,II,きえる,消える,きえる,消える,きえます,消えます,きえます,消えます,きえました,消えました,きえません,消えません,きえて,消えて,きえた,消えた,きえない,消えない,きえなかった,消えなかった,きえ,消え,きえれば,消えれば,きえられる,消えられる,きえられる,消えられる,きえさせる,消えさせる,きえさせられる,消えさせられる,きえろ,消えろ,きえよう,消えよう,
29,単語,5,こわれます [いすが〜],壊れます Ⅱ [いすが〜],〔椅子〕壞了,Verb,v-change,II,こわれる,壊れる,こわれる,壊れる,こわれます,壊れます,こわれます,壊れます,こわれました,壊れました,こわれません,壊れません,こわれて,壊れて,こわれた,壊れた,こわれない,壊れない,こわれなかった,壊れなかった,こわれ,壊れ,こわれれば,壊れれば,こわれられる,壊れられる,こわれられる,壊れられる,こわれさせる,壊れさせる,こわれさせられる,壊れさせられる,こわれろ,壊れろ,こわれよう,壊れよう,
29,単語,6,われます [コップが〜],割れます Ⅱ [コップが〜],〔杯子〕碎了,Verb,v-change,II,われる,割れる,われる,割れる,われます,割れます,われます,割れます,われました,割れました,われません,割れません,われて,割れて,われた,割れた,われない,割れない,われなかった,割れなかった,われ,割れ,われれば,割れれば,われられる,割れられる,われられる,割れられる,われさせる,割れさせる,われさせられる,割れさせられる,われろ,割れろ,われよう,割れよう,
29,単語,7,おれます [きが〜],折れます Ⅱ [木が〜],〔樹〕折斷了,Verb,v-change,II,おれる,折れる,おれる,折れる,おれます,折れます,おれます,折れます,おれました,折れました,おれません,折れません,おれて,折れて,おれた,折れた,おれない,折れない,おれなかった,折れなかった,おれ,折れ,おれれば,折れれば,おれられる,折れられる,おれられる,折れられる,おれさせる,折れさせる,おれさせられる,折れさせられる,おれろ,折れろ,おれよう,折れよう,
29,単語,8,やぶれます [かみが〜],破れます Ⅱ [紙が〜],〔紙〕破了,Verb,v-change,II,やぶれる,破れる,やぶれる,破れる,やぶれます,破れます,やぶれます,破れます,やぶれました,破れました,やぶれません,破れません,やぶれて,破れて,やぶれた,破れた,やぶれない,破れない,やぶれなかった,破れなかった,やぶれ,破れ,やぶれれば,破れれば,やぶれられる,破れられる,やぶれられる,破れられる,やぶれさせる,破れさせる,やぶれさせられる,破れさせられる,やぶれろ,破れろ,やぶれよう,破れよう,
29,単語,9,よごれます [ふくが〜],汚れます Ⅱ [服が〜],〔衣服〕髒了,Verb,v-change,II,よごれる,汚れる,よごれる,汚れる,よごれます,汚れます,よごれます,汚れます,よごれました,汚れました,よごれません,汚れません,よごれて,汚れて,よごれた,汚れた,よごれない,汚れない,よごれなかった,汚れなかった,よごれ,汚れ,よごれれば,汚れれば,よごれられる,汚れられる,よごれられる,汚れられる,よごれさせる,汚れさせる,よごれさせられる,汚れさせられる,よごれろ,汚れろ,よごれよう,汚れよう,
29,単語,10,つきます [ポケットが〜],付きます Ⅰ,附有〔口袋〕,Verb,v-change,I,つく,付く,つく,付く,つきます,付きます,つきます,付きます,つきました,付きました,つきません,付きません,ついて,付いて,ついた,付いた,つかない,付かない,つかなかった,付かなかった,つか,付か,つけば,付けば,つける,付ける,つかれる,付かれる,つかせる,付かせる,つかせられる,付かせられる,つけ,付け,つこう,付こう,
29,単語,11,はずれます [ボタンが〜],外れます Ⅱ,〔鈕扣〕掉了,Verb,v-change,II,はずれる,外れる,はずれる,外れる,はずれます,外れます,はずれます,外れます,はずれました,外れました,はずれません,外れません,はずれて,外れて,はずれた,外れた,はずれない,外れない,はずれなかった,外れなかった,はずれ,外れ,はずれれば,外れれば,はずれられる,外れられる,はずれられる,外れられる,はずれさせる,外れさせる,はずれさせられる,外れさせられる,はずれろ,外れろ,はずれよう,外れよう,
29,単語,12,とまります [くるまが〜],止まります Ⅰ [車が〜],〔車〕停了、停著（車）,Verb,v-change,I,とまる,止まる,とまる,止まる,とまります,止まります,とまります,止まります,とまりました,止まりました,とまりません,止まりません,とまって,止まって,とまった,止まった,とまらない,止まらない,とまらなかった,止まらなかった,とまら,止まら,とまれば,止まれば,とまれる,止まれる,とまられる,止まられる,とまらせる,止まらせる,とまらせられる,止まらせられる,とまれ,止まれ,とまろう,止まろう,
29,単語,13,まちがえます,間違えます Ⅱ,弄錯,Verb,v-other,II,まちがえる,間違える,まちがえる,間違える,まちがえます,間違えます,まちがえます,間違えます,まちがえました,間違えました,まちがえません,間違えません,まちがえて,間違えて,まちがえた,間違えた,まちがえない,間違えない,まちがえなかった,間違えなかった,まちがえ,間違え,まちがえれば,間違えれば,まちがえられる,間違えられる,まちがえられる,間違えられる,まちがえさせる,間違えさせる,まちがえさせられる,間違えさせられる,まちがえろ,間違えろ,まちがえよう,間違えよう,
29,単語,14,おとします,落とします Ⅰ,落下、弄丟,Verb,v-handling,I,おとす,落とす,おとす,落とす,おとします,落とします,おとします,落とします,おとしました,落としました,おとしません,落としません,おとして,落として,おとした,落とした,おとさない,落とさない,おとさなかった,落とさなかった,おとさ,落とさ,おとせば,落とせば,おとせる,落とせる,おとされる,落とされる,おとさせる,落とさせる,おとさせられる,落とさせられる,おとせ,落とせ,おとそう,落とそう,
29,単語,15,かかります [かぎが〜],掛かります Ⅰ,上著〔鎖〕,Verb,v-other,I,かかる,掛かる,かかる,掛かる,かかります,掛かります,かかります,掛かります,かかりました,掛かりました,かかりません,掛かりません,かかって,掛かって,かかった,掛かった,かからない,掛からない,かからなかった,掛からなかった,かから,掛から,かかれば,掛かれば,かかれる,掛かれる,かかられる,掛かられる,かからせる,掛からせる,かからせられる,掛からせられる,かかれ,掛かれ,かかろう,掛かろう,
29,単語,16,ふきます,拭きます Ⅰ,擦,Verb,v-handling,I,ふく,拭く,ふく,拭く,ふきます,拭きます,ふきます,拭きます,ふきました,拭きました,ふきません,拭きません,ふいて,拭いて,ふいた,拭いた,ふかない,拭かない,ふかなかった,拭かなかった,ふか,拭か,ふけば,拭けば,ふける,拭ける,ふかれる,拭かれる,ふかせる,拭かせる,ふかせられる,拭かせられる,ふけ,拭け,ふこう,拭こう,
29,単語,17,とりかえます,取り替えます Ⅱ,更換,Verb,v-other,II,とりかえる,取り替える,とりかえる,取り替える,とりかえます,取り替えます,とりかえます,取り替えます,とりかえました,取り替えました,とりかえません,取り替えません,とりかえて,取り替えて,とりかえた,取り替えた,とりかえない,取り替えない,とりかえなかった,取り替えなかった,とりかえ,取り替え,とりかえれば,取り替えれば,とりかえられる,取り替えられる,とりかえられる,取り替えられる,とりかえさせる,取り替えさせる,とりかえさせられる,取り替えさせられる,とりかえろ,取り替えろ,とりかえよう,取り替えよう,
29,単語,18,かたづけます,片づけます Ⅱ,收拾,Verb,v-other,II,かたづける,片づける,かたづける,片づける,かたづけます,片づけます,かたづけます,片づけます,かたづけました,片づけました,かたづけません,片づけません,かたづけて,片づけて,かたづけた,片づけた,かたづけない,片づけない,かたづけなかった,片づけなかった,かたづけ,片づけ,かたづければ,片づければ,かたづけられる,片づけられる,かたづけられる,片づけられる,かたづけさせる,片づけさせる,かたづけさせられる,片づけさせられる,かたづけろ,片づけろ,かたづけよう,片づけよう,
29,単語,19,[お]さら,[お]皿,盤子、碟子,Noun,furniture,,,,,,,,,,,,,,,,,,,,,,,,,,,,,,,,,,,,,,
29,単語,20,[お]ちゃわん*,,飯碗、碗,Noun,food-drink,,,,,,,,,,,,,,,,,,,,,,,,,,,,,,,,,,,,,,
29,単語,21,コップ,,杯子,Noun,furniture,,,,,,,,,,,,,,,,,,,,,,,,,,,,,,,,,,,,,,
29,単語,22,ガラス,,玻璃,Noun,furniture,,,,,,,,,,,,,,,,,,,,,,,,,,,,,,,,,,,,,,
29,単語,23,ふくろ,袋,袋子,Noun,furniture,,,,,,,,,,,,,,,,,,,,,,,,,,,,,,,,,,,,,,
29,単語,24,しょるい,書類,文件、資料,Noun,object,,,,,,,,,,,,,,,,,,,,,,,,,,,,,,,,,,,,,,
29,単語,25,えだ,枝,樹枝,Noun,animals-plants,,,,,,,,,,,,,,,,,,,,,,,,,,,,,,,,,,,,,,
29,単語,26,えきいん,駅員,站務員,Noun,object,,,,,,,,,,,,,,,,,,,,,,,,,,,,,,,,,,,,,,
29,単語,27,こうばん,交番,派出所,Noun,object,,,,,,,,,,,,,,,,,,,,,,,,,,,,,,,,,,,,,,
29,単語,28,スピーチ,,演講（〜を します：演講）,Noun,object,,,,,,,,,,,,,,,,,,,,,,,,,,,,,,,,,,,,,,
29,単語,29,へんじ,返事,回信（〜を します：回信）,Noun,communication,,,,,,,,,,,,,,,,,,,,,,,,,,,,,,,,,,,,,,
29,単語,30,おさきに どうぞ。,お先に どうぞ。,您先請。,Phrase,expression,,,,,,,,,,,,,,,,,,,,,,,,,,,,,,,,,,,,,,
29,単語,31,※げんじものがたり,源氏物語,源氏物語（平安時代的長篇小說）,Noun,proper-noun,,,,,,,,,,,,,,,,,,,,,,,,,,,,,,,,,,,,,,
29,会話,1,いまの でんしゃ,今の 電車,剛才的電車,Phrase,expression,,,,,,,,,,,,,,,,,,,,,,,,,,,,,,,,,,,,,,
29,会話,2,わすれもの,忘れ物,遺失物品,Noun,object,,,,,,,,,,,,,,,,,,,,,,,,,,,,,,,,,,,,,,
29,会話,3,このくらい,,這樣大小的,Phrase,expression,,,,,,,,,,,,,,,,,,,,,,,,,,,,,,,,,,,,,,
29,会話,4,〜がわ,〜側,～側,Phrase,expression,,,,,,,,,,,,,,,,,,,,,,,,,,,,,,,,,,,,,,
29,会話,5,ポケット,,口袋,Noun,object,,,,,,,,,,,,,,,,,,,,,,,,,,,,,,,,,,,,,,
29,会話,6,〜へん,〜辺,～邊,Phrase,expression,,,,,,,,,,,,,,,,,,,,,,,,,,,,,,,,,,,,,,
29,会話,7,おぼえて いません。,覚えて いません。,不記得了。,Phrase,expression,,,,,,,,,,,,,,,,,,,,,,,,,,,,,,,,,,,,,,
29,会話,8,あみだな,網棚,行李網架,Noun,object,,,,,,,,,,,,,,,,,,,,,,,,,,,,,,,,,,,,,,
29,会話,9,たしか,確か,似乎是、大概是,Adverb,function,,,,,,,,,,,,,,,,,,,,,,,,,,,,,,,,,,,,,,
29,会話,10,[ああ、] よかった。,,〔啊，〕太好了。（用於表示安心時）,Phrase,expression,,,,,,,,,,,,,,,,,,,,,,,,,,,,,,,,,,,,,,
29,会話,11,※しんじゅく,新宿,新宿（東京的地名、車站名）,Noun,proper-noun,,,,,,,,,,,,,,,,,,,,,,,,,,,,,,,,,,,,,,
29,読み物,1,じしん,地震,地震,Noun,object,,,,,,,,,,,,,,,,,,,,,,,,,,,,,,,,,,,,,,
29,読み物,2,かべ,壁,牆壁,Noun,object,,,,,,,,,,,,,,,,,,,,,,,,,,,,,,,,,,,,,,
29,読み物,3,はり,針,（鐘錶的）指針,Noun,object,,,,,,,,,,,,,,,,,,,,,,,,,,,,,,,,,,,,,,
29,読み物,4,さします,指します Ⅰ,指,Verb,v-other,I,さす,指す,さす,指す,さします,指します,さします,指します,さしました,指しました,さしません,指しません,さして,指して,さした,指した,ささない,指さない,ささなかった,指さなかった,ささ,指さ,させば,指せば,させる,指せる,さされる,指される,ささせる,指させる,ささせられる,指させられる,させ,指せ,さそう,指そう,
29,読み物,5,えきまえ,駅前,車站前,Noun,place,,,,,,,,,,,,,,,,,,,,,,,,,,,,,,,,,,,,,,
29,読み物,6,たおれます,倒れます Ⅱ,倒、倒下,Verb,v-change,II,たおれる,倒れる,たおれる,倒れる,たおれます,倒れます,たおれます,倒れます,たおれました,倒れました,たおれません,倒れません,たおれて,倒れて,たおれた,倒れた,たおれない,倒れない,たおれなかった,倒れなかった,たおれ,倒れ,たおれれば,倒れれば,たおれられる,倒れられる,たおれられる,倒れられる,たおれさせる,倒れさせる,たおれさせられる,倒れさせられる,たおれろ,倒れろ,たおれよう,倒れよう,
29,読み物,7,にし,西,西,Noun,position,,,,,,,,,,,,,,,,,,,,,,,,,,,,,,,,,,,,,,
29,読み物,8,〜の ほう,〜の 方,～的方向,Phrase,expression,,,,,,,,,,,,,,,,,,,,,,,,,,,,,,,,,,,,,,
29,読み物,9,もえます,燃えます Ⅱ,燃燒,Verb,v-change,II,もえる,燃える,もえる,燃える,もえます,燃えます,もえます,燃えます,もえました,燃えました,もえません,燃えません,もえて,燃えて,もえた,燃えた,もえない,燃えない,もえなかった,燃えなかった,もえ,燃え,もえれば,燃えれば,もえられる,燃えられる,もえられる,燃えられる,もえさせる,燃えさせる,もえさせられる,燃えさせられる,もえろ,燃えろ,もえよう,燃えよう,
29,読み物,10,レポーター,,採訪記者,Noun,occupation,,,,,,,,,,,,,,,,,,,,,,,,,,,,,,,,,,,,,,
30,単語,1,はります,張ります Ⅰ,貼,Verb,v-handling,I,はる,張る,はる,張る,はります,張ります,はります,張ります,はりました,張りました,はりません,張りません,はって,張って,はった,張った,はらない,張らない,はらなかった,張らなかった,はら,張ら,はれば,張れば,はれる,張れる,はられる,張られる,はらせる,張らせる,はらせられる,張らせられる,はれ,張れ,はろう,張ろう,
30,単語,2,かけます,掛けます Ⅱ,掛,Verb,v-handling,II,かける,掛ける,かける,掛ける,かけます,掛けます,かけます,掛けます,かけました,掛けました,かけません,掛けません,かけて,掛けて,かけた,掛けた,かけない,掛けない,かけなかった,掛けなかった,かけ,掛け,かければ,掛ければ,かけられる,掛けられる,かけられる,掛けられる,かけさせる,掛けさせる,かけさせられる,掛けさせられる,かけろ,掛けろ,かけよう,掛けよう,
30,単語,3,かざります,飾ります Ⅰ,裝飾,Verb,v-handling,I,かざる,飾る,かざる,飾る,かざります,飾ります,かざります,飾ります,かざりました,飾りました,かざりません,飾りません,かざって,飾って,かざった,飾った,かざらない,飾らない,かざらなかった,飾らなかった,かざら,飾ら,かざれば,飾れば,かざれる,飾れる,かざられる,飾られる,かざらせる,飾らせる,かざらせられる,飾らせられる,かざれ,飾れ,かざろう,飾ろう,
30,単語,4,ならべます,並べます Ⅱ,排列,Verb,v-handling,II,ならべる,並べる,ならべる,並べる,ならべます,並べます,ならべます,並べます,ならべました,並べました,ならべません,並べません,ならべて,並べて,ならべた,並べた,ならべない,並べない,ならべなかった,並べなかった,ならべ,並べ,ならべれば,並べれば,ならべられる,並べられる,ならべられる,並べられる,ならべさせる,並べさせる,ならべさせられる,並べさせられる,ならべろ,並べろ,ならべよう,並べよう,
30,単語,5,うえます,植えます Ⅱ,種植,Verb,v-handling,II,うえる,植える,うえる,植える,うえます,植えます,うえます,植えます,うえました,植えました,うえません,植えません,うえて,植えて,うえた,植えた,うえない,植えない,うえなかった,植えなかった,うえ,植え,うえれば,植えれば,うえられる,植えられる,うえられる,植えられる,うえさせる,植えさせる,うえさせられる,植えさせられる,うえろ,植えろ,うえよう,植えよう,
30,単語,6,もどします,戻します Ⅰ,歸還、還原,Verb,v-transaction,I,もどす,戻す,もどす,戻す,もどします,戻します,もどします,戻します,もどしました,戻しました,もどしません,戻しません,もどして,戻して,もどした,戻した,もどさない,戻さない,もどさなかった,戻さなかった,もどさ,戻さ,もどせば,戻せば,もどせる,戻せる,もどされる,戻される,もどさせる,戻させる,もどさせられる,戻させられる,もどせ,戻せ,もどそう,戻そう,
30,単語,7,まとめます,纏めます Ⅱ,收拾、完成,Phrase,expression,II,,,,,,,,,,,,,,,,,,,,,,,,,,,,,,,,,,,,,
30,単語,8,しまいます,,整理、收拾,Verb,v-other,I,しまう,,しまう,,しまいます,,しまいます,,しまいました,,しまいません,,しまって,,しまった,,しまわない,,しまわなかった,,しまわ,,しまえば,,しまえる,,しまわれる,,しまわせる,,しまわせられる,,しまえ,,しまおう,,no-kanji
30,単語,9,きめます,決めます Ⅱ,決定,Verb,v-thinking,II,きめる,決める,きめる,決める,きめます,決めます,きめます,決めます,きめました,決めました,きめません,決めません,きめて,決めて,きめた,決めた,きめない,決めない,きめなかった,決めなかった,きめ,決め,きめれば,決めれば,きめられる,決められる,きめられる,決められる,きめさせる,決めさせる,きめさせられる,決めさせられる,きめろ,決めろ,きめよう,決めよう,
30,単語,10,よしゅうします,予習します Ⅲ,預習,Verb,v-workstudy,III,よしゅうする,予習する,よしゅうする,予習する,よしゅうします,予習します,よしゅうします,予習します,よしゅうしました,予習しました,よしゅうしません,予習しません,よしゅうして,予習して,よしゅうした,予習した,よしゅうしない,予習しない,よしゅうしなかった,予習しなかった,よしゅうし,予習し,よしゅうすれば,予習すれば,よしゅうできる,予習できる,よしゅうされる,予習される,よしゅうさせる,予習させる,よしゅうさせられる,予習させられる,よしゅうしろ,予習しろ,よしゅうしよう,予習しよう,irregular-override
30,単語,11,ふくしゅうします,復習します Ⅲ,複習,Verb,v-workstudy,III,ふくしゅうする,復習する,ふくしゅうする,復習する,ふくしゅうします,復習します,ふくしゅうします,復習します,ふくしゅうしました,復習しました,ふくしゅうしません,復習しません,ふくしゅうして,復習して,ふくしゅうした,復習した,ふくしゅうしない,復習しない,ふくしゅうしなかった,復習しなかった,ふくしゅうし,復習し,ふくしゅうすれば,復習すれば,ふくしゅうできる,復習できる,ふくしゅうされる,復習される,ふくしゅうさせる,復習させる,ふくしゅうさせられる,復習させられる,ふくしゅうしろ,復習しろ,ふくしゅうしよう,復習しよう,irregular-override
30,単語,12,そのままに します,,保持原狀,Phrase,expression,III,,,,,,,,,,,,,,,,,,,,,,,,,,,,,,,,,,,,,
30,単語,13,じゅぎょう,授業,課、課程,Noun,object,,,,,,,,,,,,,,,,,,,,,,,,,,,,,,,,,,,,,,
30,単語,14,こうぎ,講義,授課、上課,Noun,position,,,,,,,,,,,,,,,,,,,,,,,,,,,,,,,,,,,,,,
30,単語,15,ミーティング,,會議,Noun,object,,,,,,,,,,,,,,,,,,,,,,,,,,,,,,,,,,,,,,
30,単語,16,よてい,予定,預定、計畫,Noun,arts-media,,,,,,,,,,,,,,,,,,,,,,,,,,,,,,,,,,,,,,
30,単語,17,おしらせ,お知らせ,通知,Noun,communication,,,,,,,,,,,,,,,,,,,,,,,,,,,,,,,,,,,,,,
30,単語,18,ガイドブック,,指南,Noun,position,,,,,,,,,,,,,,,,,,,,,,,,,,,,,,,,,,,,,,
30,単語,19,カレンダー,,年曆、月曆、日曆,Noun,object,,,,,,,,,,,,,,,,,,,,,,,,,,,,,,,,,,,,,,
30,単語,20,ポスター,,海報,Noun,nature-weather,,,,,,,,,,,,,,,,,,,,,,,,,,,,,,,,,,,,,,
30,単語,21,よていひょう,予定表,計畫表、日程表,Noun,arts-media,,,,,,,,,,,,,,,,,,,,,,,,,,,,,,,,,,,,,,
30,単語,22,ごみばこ,ごみ箱,垃圾桶,Noun,object,,,,,,,,,,,,,,,,,,,,,,,,,,,,,,,,,,,,,,
30,単語,23,にんぎょう,人形,人偶,Noun,object,,,,,,,,,,,,,,,,,,,,,,,,,,,,,,,,,,,,,,
30,単語,24,かびん,花瓶,花瓶,Noun,animals-plants,,,,,,,,,,,,,,,,,,,,,,,,,,,,,,,,,,,,,,
30,単語,25,かがみ,鏡,鏡子,Noun,object,,,,,,,,,,,,,,,,,,,,,,,,,,,,,,,,,,,,,,
30,単語,26,ひきだし,引き出し,抽屜,Noun,object,,,,,,,,,,,,,,,,,,,,,,,,,,,,,,,,,,,,,,
30,単語,27,げんかん,玄関,玄關,Noun,object,,,,,,,,,,,,,,,,,,,,,,,,,,,,,,,,,,,,,,
30,単語,28,ろうか,廊下,走廊,Noun,object,,,,,,,,,,,,,,,,,,,,,,,,,,,,,,,,,,,,,,
30,単語,29,かべ,壁,牆壁,Noun,object,,,,,,,,,,,,,,,,,,,,,,,,,,,,,,,,,,,,,,
30,単語,30,いけ,池,池塘、水池,Noun,food-drink,,,,,,,,,,,,,,,,,,,,,,,,,,,,,,,,,,,,,,
30,単語,31,もとの ところ,元の 所,原處,Phrase,expression,,,,,,,,,,,,,,,,,,,,,,,,,,,,,,,,,,,,,,
30,単語,32,まわり,周り,周圍,Noun,object,,,,,,,,,,,,,,,,,,,,,,,,,,,,,,,,,,,,,,
30,単語,33,まんなか*,真ん中,正中間,Noun,position,,,,,,,,,,,,,,,,,,,,,,,,,,,,,,,,,,,,,,
30,単語,34,すみ,隅,角落,Noun,object,,,,,,,,,,,,,,,,,,,,,,,,,,,,,,,,,,,,,,
30,単語,35,まだ,,還、未,Adverb,function,,,,,,,,,,,,,,,,,,,,,,,,,,,,,,,,,,,,,,
30,会話,1,リュック,,帆布背包,Noun,object,,,,,,,,,,,,,,,,,,,,,,,,,,,,,,,,,,,,,,
30,会話,2,ひじょうぶくろ,非常袋,緊急避難包,Noun,object,,,,,,,,,,,,,,,,,,,,,,,,,,,,,,,,,,,,,,
30,会話,3,ひじょうじ,非常時,緊急情況,Noun,abstract,,,,,,,,,,,,,,,,,,,,,,,,,,,,,,,,,,,,,,
30,会話,4,せいかつします,生活します Ⅲ,生活,Verb,v-other,III,せいかつする,生活する,せいかつする,生活する,せいかつします,生活します,せいかつします,生活します,せいかつしました,生活しました,せいかつしません,生活しません,せいかつして,生活して,せいかつした,生活した,せいかつしない,生活しない,せいかつしなかった,生活しなかった,せいかつし,生活し,せいかつすれば,生活すれば,せいかつできる,生活できる,せいかつされる,生活される,せいかつさせる,生活させる,せいかつさせられる,生活させられる,せいかつしろ,生活しろ,せいかつしよう,生活しよう,irregular-override
30,会話,5,かいちゅうでんとう,懐中電灯,手電筒,Noun,object,,,,,,,,,,,,,,,,,,,,,,,,,,,,,,,,,,,,,,
30,会話,6,〜とか、〜とか,,～啦～啦（表示列舉）,Phrase,expression,,,,,,,,,,,,,,,,,,,,,,,,,,,,,,,,,,,,,,
30,読み物,1,まるい,丸い,圓的,i-Adjective,descriptive,,,,,,,,,,,,,,,,,,,,,,,,,,,,,,,,,,,,,,
30,読み物,2,ある〜,,某～、某個～,Prenominal,function,,,,,,,,,,,,,,,,,,,,,,,,,,,,,,,,,,,,,,
30,読み物,3,ゆめを みます,夢を 見ます Ⅱ,做夢,Phrase,expression,II,,,,,,,,,,,,,,,,,,,,,,,,,,,,,,,,,,,,,
30,読み物,4,うれしい,,高興,i-Adjective,descriptive,,,,,,,,,,,,,,,,,,,,,,,,,,,,,,,,,,,,,,
30,読み物,5,いや [な],嫌 [な],討厭、不喜歡,na-Adjective,descriptive,,,,,,,,,,,,,,,,,,,,,,,,,,,,,,,,,,,,,,
30,読み物,6,すると,,於是,Phrase,expression,,,,,,,,,,,,,,,,,,,,,,,,,,,,,,,,,,,,,,
30,読み物,7,めが さめます,目が 覚めます Ⅱ,醒來,Phrase,expression,II,,,,,,,,,,,,,,,,,,,,,,,,,,,,,,,,,,,,,
31,単語,1,つづけます,続けます Ⅱ,繼續,Verb,v-change,II,つづける,続ける,つづける,続ける,つづけます,続けます,つづけます,続けます,つづけました,続けました,つづけません,続けません,つづけて,続けて,つづけた,続けた,つづけない,続けない,つづけなかった,続けなかった,つづけ,続け,つづければ,続ければ,つづけられる,続けられる,つづけられる,続けられる,つづけさせる,続けさせる,つづけさせられる,続けさせられる,つづけろ,続けろ,つづけよう,続けよう,
31,単語,2,みつけます,見つけます Ⅱ,找、尋找,Verb,v-other,II,みつける,見つける,みつける,見つける,みつけます,見つけます,みつけます,見つけます,みつけました,見つけました,みつけません,見つけません,みつけて,見つけて,みつけた,見つけた,みつけない,見つけない,みつけなかった,見つけなかった,みつけ,見つけ,みつければ,見つければ,みつけられる,見つけられる,みつけられる,見つけられる,みつけさせる,見つけさせる,みつけさせられる,見つけさせられる,みつけろ,見つけろ,みつけよう,見つけよう,
31,単語,3,とります [やすみを〜],取ります Ⅰ [休みを〜],取得〔休假〕,Verb,v-handling,I,とる,取る,とる,取る,とります,取ります,とります,取ります,とりました,取りました,とりません,取りません,とって,取って,とった,取った,とらない,取らない,とらなかった,取らなかった,とら,取ら,とれば,取れば,とれる,取れる,とられる,取られる,とらせる,取らせる,とらせられる,取らせられる,とれ,取れ,とろう,取ろう,
31,単語,4,うけます [しけんを〜],受けます Ⅱ [試験を〜],參加〔考試〕,Verb,v-workstudy,II,うける,受ける,うける,受ける,うけます,受けます,うけます,受けます,うけました,受けました,うけません,受けません,うけて,受けて,うけた,受けた,うけない,受けない,うけなかった,受けなかった,うけ,受け,うければ,受ければ,うけられる,受けられる,うけられる,受けられる,うけさせる,受けさせる,うけさせられる,受けさせられる,うけろ,受けろ,うけよう,受けよう,
31,単語,5,もうしこみます,申し込みます Ⅰ,申請,Verb,v-transaction,I,もうしこむ,申し込む,もうしこむ,申し込む,もうしこみます,申し込みます,もうしこみます,申し込みます,もうしこみました,申し込みました,もうしこみません,申し込みません,もうしこんで,申し込んで,もうしこんだ,申し込んだ,もうしこまない,申し込まない,もうしこまなかった,申し込まなかった,もうしこま,申し込ま,もうしこめば,申し込めば,もうしこめる,申し込める,もうしこまれる,申し込まれる,もうしこませる,申し込ませる,もうしこませられる,申し込ませられる,もうしこめ,申し込め,もうしこもう,申し込もう,
31,単語,6,きゅうけいします,休憩します Ⅲ,休息,Verb,v-daily,III,きゅうけいする,休憩する,きゅうけいする,休憩する,きゅうけいします,休憩します,きゅうけいします,休憩します,きゅうけいしました,休憩しました,きゅうけいしません,休憩しません,きゅうけいして,休憩して,きゅうけいした,休憩した,きゅうけいしない,休憩しない,きゅうけいしなかった,休憩しなかった,きゅうけいし,休憩し,きゅうけいすれば,休憩すれば,きゅうけいできる,休憩できる,きゅうけいされる,休憩される,きゅうけいさせる,休憩させる,きゅうけいさせられる,休憩させられる,きゅうけいしろ,休憩しろ,きゅうけいしよう,休憩しよう,irregular-override
31,単語,7,れんきゅう,連休,連假,Noun,time,,,,,,,,,,,,,,,,,,,,,,,,,,,,,,,,,,,,,,
31,単語,8,さくぶん,作文,作文、寫作,Noun,object,,,,,,,,,,,,,,,,,,,,,,,,,,,,,,,,,,,,,,
31,単語,9,はっぴょう,発表,發表、公布（〜します：發表、發佈）,Noun,object,,,,,,,,,,,,,,,,,,,,,,,,,,,,,,,,,,,,,,
31,単語,10,てんらんかい,展覧会,展覽會,Noun,object,,,,,,,,,,,,,,,,,,,,,,,,,,,,,,,,,,,,,,
31,単語,11,けっこんしき,結婚式,結婚典禮,Noun,object,,,,,,,,,,,,,,,,,,,,,,,,,,,,,,,,,,,,,,
31,単語,12,[お]そうしき*,[お]葬式,葬禮,Noun,object,,,,,,,,,,,,,,,,,,,,,,,,,,,,,,,,,,,,,,
31,単語,13,しき*,式,典禮、儀式,Noun,object,,,,,,,,,,,,,,,,,,,,,,,,,,,,,,,,,,,,,,
31,単語,14,ほんしゃ,本社,總公司、本公司,Noun,place,,,,,,,,,,,,,,,,,,,,,,,,,,,,,,,,,,,,,,
31,単語,15,してん,支店,分公司、分店,Noun,place,,,,,,,,,,,,,,,,,,,,,,,,,,,,,,,,,,,,,,
31,単語,16,きょうかい,教会,教會,Noun,object,,,,,,,,,,,,,,,,,,,,,,,,,,,,,,,,,,,,,,
31,単語,17,だいがくいん,大学院,研究所,Noun,language-study,,,,,,,,,,,,,,,,,,,,,,,,,,,,,,,,,,,,,,
31,単語,18,どうぶつえん,動物園,動物園,Noun,animals-plants,,,,,,,,,,,,,,,,,,,,,,,,,,,,,,,,,,,,,,
31,単語,19,おんせん,温泉,溫泉,Noun,object,,,,,,,,,,,,,,,,,,,,,,,,,,,,,,,,,,,,,,
31,単語,20,かえり,帰り,回來,Noun,object,,,,,,,,,,,,,,,,,,,,,,,,,,,,,,,,,,,,,,
31,単語,21,おこさん,お子さん,（別人的）孩子,Noun,object,,,,,,,,,,,,,,,,,,,,,,,,,,,,,,,,,,,,,,
31,単語,22,〜ごう,〜号,…號（電車車輛的編號、颱風的編號）,Phrase,expression,,,,,,,,,,,,,,,,,,,,,,,,,,,,,,,,,,,,,,
31,単語,23,〜の ほう,〜の 方,～方面、～方,Phrase,expression,,,,,,,,,,,,,,,,,,,,,,,,,,,,,,,,,,,,,,
31,単語,24,ずっと,,一直,Adverb,function,,,,,,,,,,,,,,,,,,,,,,,,,,,,,,,,,,,,,,
31,単語,25,※バリ,,巴里島（印尼的島嶼）,Noun,proper-noun,,,,,,,,,,,,,,,,,,,,,,,,,,,,,,,,,,,,,,
31,単語,26,※ピカソ,,畢卡索（西班牙畫家、1881～1973）,Noun,proper-noun,,,,,,,,,,,,,,,,,,,,,,,,,,,,,,,,,,,,,,
31,単語,27,※のぞみ,,希望號（新幹線名稱，～42号：希望42號）,Noun,proper-noun,,,,,,,,,,,,,,,,,,,,,,,,,,,,,,,,,,,,,,
31,単語,28,※しんこうべ,新神戸,新神戶（兵庫縣的車站名）,Noun,proper-noun,,,,,,,,,,,,,,,,,,,,,,,,,,,,,,,,,,,,,,
31,会話,1,のこります,残ります Ⅰ,留下、剩下,Verb,v-change,I,のこる,残る,のこる,残る,のこります,残ります,のこります,残ります,のこりました,残りました,のこりません,残りません,のこって,残って,のこった,残った,のこらない,残らない,のこらなかった,残らなかった,のこら,残ら,のこれば,残れば,のこれる,残れる,のこられる,残られる,のこらせる,残らせる,のこらせられる,残らせられる,のこれ,残れ,のころう,残ろう,
31,会話,2,にゅうがくしけん,入学試験,入學考試,Noun,language-study,,,,,,,,,,,,,,,,,,,,,,,,,,,,,,,,,,,,,,
31,会話,3,つきに,月に,每個月、每月,Phrase,expression,,,,,,,,,,,,,,,,,,,,,,,,,,,,,,,,,,,,,,
31,読み物,1,むら,村,村、村莊,Noun,object,,,,,,,,,,,,,,,,,,,,,,,,,,,,,,,,,,,,,,
31,読み物,2,そつぎょうします,卒業します Ⅲ,畢業,Verb,v-workstudy,III,そつぎょうする,卒業する,そつぎょうする,卒業する,そつぎょうします,卒業します,そつぎょうします,卒業します,そつぎょうしました,卒業しました,そつぎょうしません,卒業しません,そつぎょうして,卒業して,そつぎょうした,卒業した,そつぎょうしない,卒業しない,そつぎょうしなかった,卒業しなかった,そつぎょうし,卒業し,そつぎょうすれば,卒業すれば,そつぎょうできる,卒業できる,そつぎょうされる,卒業される,そつぎょうさせる,卒業させる,そつぎょうさせられる,卒業させられる,そつぎょうしろ,卒業しろ,そつぎょうしよう,卒業しよう,irregular-override
31,読み物,3,えいがかん,映画館,電影院,Noun,arts-media,,,,,,,,,,,,,,,,,,,,,,,,,,,,,,,,,,,,,,
31,読み物,4,いや [な],嫌 [な],討厭、不喜歡,na-Adjective,descriptive,,,,,,,,,,,,,,,,,,,,,,,,,,,,,,,,,,,,,,
31,読み物,5,そら,空,天空,Noun,nature-weather,,,,,,,,,,,,,,,,,,,,,,,,,,,,,,,,,,,,,,
31,読み物,6,とじます,閉じます Ⅱ,閉上、關上,Verb,v-other,II,とじる,閉じる,とじる,閉じる,とじます,閉じます,とじます,閉じます,とじました,閉じました,とじません,閉じません,とじて,閉じて,とじた,閉じた,とじない,閉じない,とじなかった,閉じなかった,とじ,閉じ,とじれば,閉じれば,とじられる,閉じられる,とじられる,閉じられる,とじさせる,閉じさせる,とじさせられる,閉じさせられる,とじろ,閉じろ,とじよう,閉じよう,
31,読み物,7,とかい,都会,都會、城市,Noun,object,,,,,,,,,,,,,,,,,,,,,,,,,,,,,,,,,,,,,,
31,読み物,8,こどもたち,子どもたち,孩子們,Noun,family,,,,,,,,,,,,,,,,,,,,,,,,,,,,,,,,,,,,,,
31,読み物,9,じゆうに,自由に,自由地、隨意地,Adverb,function,,,,,,,,,,,,,,,,,,,,,,,,,,,,,,,,,,,,,,
32,単語,1,うんどうします,運動します Ⅲ,運動,Verb,v-other,III,うんどうする,運動する,うんどうする,運動する,うんどうします,運動します,うんどうします,運動します,うんどうしました,運動しました,うんどうしません,運動しません,うんどうして,運動して,うんどうした,運動した,うんどうしない,運動しない,うんどうしなかった,運動しなかった,うんどうし,運動し,うんどうすれば,運動すれば,うんどうできる,運動できる,うんどうされる,運動される,うんどうさせる,運動させる,うんどうさせられる,運動させられる,うんどうしろ,運動しろ,うんどうしよう,運動しよう,irregular-override
32,単語,2,せいこうします,成功します Ⅲ,成功,Verb,v-other,III,せいこうする,成功する,せいこうする,成功する,せいこうします,成功します,せいこうします,成功します,せいこうしました,成功しました,せいこうしません,成功しません,せいこうして,成功して,せいこうした,成功した,せいこうしない,成功しない,せいこうしなかった,成功しなかった,せいこうし,成功し,せいこうすれば,成功すれば,せいこうできる,成功できる,せいこうされる,成功される,せいこうさせる,成功させる,せいこうさせられる,成功させられる,せいこうしろ,成功しろ,せいこうしよう,成功しよう,irregular-override
32,単語,3,しっぱいします * [しけんに〜],失敗します Ⅲ [試験に〜],〔考試〕失敗,Verb,v-workstudy,III,しっぱいする,失敗する,しっぱいする,失敗する,しっぱいします,失敗します,しっぱいします,失敗します,しっぱいしました,失敗しました,しっぱいしません,失敗しません,しっぱいして,失敗して,しっぱいした,失敗した,しっぱいしない,失敗しない,しっぱいしなかった,失敗しなかった,しっぱいし,失敗し,しっぱいすれば,失敗すれば,しっぱいできる,失敗できる,しっぱいされる,失敗される,しっぱいさせる,失敗させる,しっぱいさせられる,失敗させられる,しっぱいしろ,失敗しろ,しっぱいしよう,失敗しよう,irregular-override
32,単語,4,ごうかくします [しけんに〜],合格します Ⅲ [試験に〜],通過〔考試〕、合格,Verb,v-motion,III,ごうかくする,合格する,ごうかくする,合格する,ごうかくします,合格します,ごうかくします,合格します,ごうかくしました,合格しました,ごうかくしません,合格しません,ごうかくして,合格して,ごうかくした,合格した,ごうかくしない,合格しない,ごうかくしなかった,合格しなかった,ごうかくし,合格し,ごうかくすれば,合格すれば,ごうかくできる,合格できる,ごうかくされる,合格される,ごうかくさせる,合格させる,ごうかくさせられる,合格させられる,ごうかくしろ,合格しろ,ごうかくしよう,合格しよう,irregular-override
32,単語,5,やみます [あめが〜],,〔雨〕停了,Verb,v-other,I,やむ,,やむ,,やみます,,やみます,,やみました,,やみません,,やんで,,やんだ,,やまない,,やまなかった,,やま,,やめば,,やめる,,やまれる,,やませる,,やませられる,,やめ,,やもう,,no-kanji
32,単語,6,はれます,晴れます Ⅱ,晴朗,Verb,v-change,II,はれる,晴れる,はれる,晴れる,はれます,晴れます,はれます,晴れます,はれました,晴れました,はれません,晴れません,はれて,晴れて,はれた,晴れた,はれない,晴れない,はれなかった,晴れなかった,はれ,晴れ,はれれば,晴れれば,はれられる,晴れられる,はれられる,晴れられる,はれさせる,晴れさせる,はれさせられる,晴れさせられる,はれろ,晴れろ,はれよう,晴れよう,
32,単語,7,くもります,曇ります Ⅰ,陰天,Verb,v-change,I,くもる,曇る,くもる,曇る,くもります,曇ります,くもります,曇ります,くもりました,曇りました,くもりません,曇りません,くもって,曇って,くもった,曇った,くもらない,曇らない,くもらなかった,曇らなかった,くもら,曇ら,くもれば,曇れば,くもれる,曇れる,くもられる,曇られる,くもらせる,曇らせる,くもらせられる,曇らせられる,くもれ,曇れ,くもろう,曇ろう,
32,単語,8,つづきます [ねつが〜],続きます Ⅰ [熱が〜],持續〔發燒〕,Phrase,expression,I,,,,,,,,,,,,,,,,,,,,,,,,,,,,,,,,,,,,,
32,単語,9,ひきます [かぜを〜],,患〔感冒〕,Verb,v-other,I,ひく,,ひく,,ひきます,,ひきます,,ひきました,,ひきません,,ひいて,,ひいた,,ひかない,,ひかなかった,,ひか,,ひけば,,ひける,,ひかれる,,ひかせる,,ひかせられる,,ひけ,,ひこう,,no-kanji
32,単語,10,ひやします,冷やします Ⅰ,使～涼下來、冰鎮,Verb,v-motion,I,ひやす,冷やす,ひやす,冷やす,ひやします,冷やします,ひやします,冷やします,ひやしました,冷やしました,ひやしません,冷やしません,ひやして,冷やして,ひやした,冷やした,ひやさない,冷やさない,ひやさなかった,冷やさなかった,ひやさ,冷やさ,ひやせば,冷やせば,ひやせる,冷やせる,ひやされる,冷やされる,ひやさせる,冷やさせる,ひやさせられる,冷やさせられる,ひやせ,冷やせ,ひやそう,冷やそう,
32,単語,11,こみます [みちが〜],込みます Ⅰ [道が〜],〔道路〕擁擠,Verb,v-other,I,こむ,込む,こむ,込む,こみます,込みます,こみます,込みます,こみました,込みました,こみません,込みません,こんで,込んで,こんだ,込んだ,こまない,込まない,こまなかった,込まなかった,こま,込ま,こめば,込めば,こめる,込める,こまれる,込まれる,こませる,込ませる,こませられる,込ませられる,こめ,込め,こもう,込もう,
32,単語,12,すきます [みちが〜],,〔道路〕空,Verb,v-other,I,すく,,すく,,すきます,,すきます,,すきました,,すきません,,すいて,,すいた,,すかない,,すかなかった,,すか,,すけば,,すける,,すかれる,,すかせる,,すかせられる,,すけ,,すこう,,no-kanji
32,単語,13,でます [しあいに〜],出ます Ⅱ [試合に〜],參加〔比賽〕,Verb,v-workstudy,II,でる,出る,でる,出る,でます,出ます,でます,出ます,でました,出ました,でません,出ません,でて,出て,でた,出た,でない,出ない,でなかった,出なかった,で,出,でれば,出れば,でられる,出られる,でられる,出られる,でさせる,出させる,でさせられる,出させられる,でろ,出ろ,でよう,出よう,
32,単語,14,むりを します,無理を します Ⅲ,勉強,Phrase,expression,III,,,,,,,,,,,,,,,,,,,,,,,,,,,,,,,,,,,,,
32,単語,15,じゅうぶん [な],十分 [な],充分、足夠,na-Adjective,descriptive,,,,,,,,,,,,,,,,,,,,,,,,,,,,,,,,,,,,,,
32,単語,16,おかしい,,奇怪、可疑,i-Adjective,descriptive,,,,,,,,,,,,,,,,,,,,,,,,,,,,,,,,,,,,,,
32,単語,17,うるさい,,吵鬧、煩人,i-Adjective,descriptive,,,,,,,,,,,,,,,,,,,,,,,,,,,,,,,,,,,,,,
32,単語,18,せんせい,先生,醫生,Noun,occupation,,,,,,,,,,,,,,,,,,,,,,,,,,,,,,,,,,,,,,
32,単語,19,やけど,,燙傷、燒傷（～を します：燒傷、燙傷）,Noun,object,,,,,,,,,,,,,,,,,,,,,,,,,,,,,,,,,,,,,,
32,単語,20,けが,,傷（～を します：受傷）,Noun,object,,,,,,,,,,,,,,,,,,,,,,,,,,,,,,,,,,,,,,
32,単語,21,せき,,咳嗽（～を します／～が でます：咳嗽）,Noun,object,,,,,,,,,,,,,,,,,,,,,,,,,,,,,,,,,,,,,,
32,単語,22,インフルエンザ,,流行性感冒,Noun,body-health,,,,,,,,,,,,,,,,,,,,,,,,,,,,,,,,,,,,,,
32,単語,23,そら,空,天空,Noun,nature-weather,,,,,,,,,,,,,,,,,,,,,,,,,,,,,,,,,,,,,,
32,単語,24,たいよう*,太陽,太陽,Noun,object,,,,,,,,,,,,,,,,,,,,,,,,,,,,,,,,,,,,,,
32,単語,25,ほし,星,星星,Noun,object,,,,,,,,,,,,,,,,,,,,,,,,,,,,,,,,,,,,,,
32,単語,26,かぜ*,風,風,Noun,object,,,,,,,,,,,,,,,,,,,,,,,,,,,,,,,,,,,,,,
32,単語,27,ひがし,東,東,Noun,position,,,,,,,,,,,,,,,,,,,,,,,,,,,,,,,,,,,,,,
32,単語,28,にし,西,西,Noun,position,,,,,,,,,,,,,,,,,,,,,,,,,,,,,,,,,,,,,,
32,単語,29,みなみ,南,南,Noun,position,,,,,,,,,,,,,,,,,,,,,,,,,,,,,,,,,,,,,,
32,単語,30,きた*,北,北,Noun,position,,,,,,,,,,,,,,,,,,,,,,,,,,,,,,,,,,,,,,
32,単語,31,こくさい〜,国際〜,國際～,Noun,object,,,,,,,,,,,,,,,,,,,,,,,,,,,,,,,,,,,,,,
32,単語,32,すいどう,水道,自來水、自來水管,Noun,food-drink,,,,,,,,,,,,,,,,,,,,,,,,,,,,,,,,,,,,,,
32,単語,33,エンジン,,引擎,Noun,object,,,,,,,,,,,,,,,,,,,,,,,,,,,,,,,,,,,,,,
32,単語,34,チーム,,隊、團隊,Noun,object,,,,,,,,,,,,,,,,,,,,,,,,,,,,,,,,,,,,,,
32,単語,35,こんや,今夜,今天晚上、今晚,Noun,position,,,,,,,,,,,,,,,,,,,,,,,,,,,,,,,,,,,,,,
32,単語,36,ゆうがた,夕方,黃昏、傍晚,Noun,object,,,,,,,,,,,,,,,,,,,,,,,,,,,,,,,,,,,,,,
32,単語,37,まえ,,以前、之前,Noun,position,,,,,,,,,,,,,,,,,,,,,,,,,,,,,,,,,,,,,,
32,単語,38,おそく,遅く,晚（時間）,Adverb,function,,,,,,,,,,,,,,,,,,,,,,,,,,,,,,,,,,,,,,
32,単語,39,こんなに*,,這麼（程度相當厲害）,Adverb,function,,,,,,,,,,,,,,,,,,,,,,,,,,,,,,,,,,,,,,
32,単語,40,そんなに*,,那麼（與聽者有關的事，程度相當厲害）,Phrase,expression,,,,,,,,,,,,,,,,,,,,,,,,,,,,,,,,,,,,,,
32,単語,41,あんなに,,那麼（與說話者、聽者都無關的事，程度相當厲害）,Adverb,function,,,,,,,,,,,,,,,,,,,,,,,,,,,,,,,,,,,,,,
32,単語,42,※ヨーロッパ,,歐洲,Noun,proper-noun,,,,,,,,,,,,,,,,,,,,,,,,,,,,,,,,,,,,,,
32,会話,1,げんき,元気,精神、健康,Noun,object,,,,,,,,,,,,,,,,,,,,,,,,,,,,,,,,,,,,,,
32,会話,2,い,胃,胃,Noun,object,,,,,,,,,,,,,,,,,,,,,,,,,,,,,,,,,,,,,,
32,会話,3,ストレス,,壓力,Noun,object,,,,,,,,,,,,,,,,,,,,,,,,,,,,,,,,,,,,,,
32,会話,4,それは いけませんね。,,那可不太好。,Phrase,expression,,,,,,,,,,,,,,,,,,,,,,,,,,,,,,,,,,,,,,
32,読み物,1,ほしうらない,星占い,占星術、星相,Noun,object,,,,,,,,,,,,,,,,,,,,,,,,,,,,,,,,,,,,,,
32,読み物,2,おうしざ,牡牛座,金牛座,Noun,object,,,,,,,,,,,,,,,,,,,,,,,,,,,,,,,,,,,,,,
32,読み物,3,はたらきすぎ,働きすぎ,工作過度,Noun,object,,,,,,,,,,,,,,,,,,,,,,,,,,,,,,,,,,,,,,
32,読み物,4,こまります,困ります Ⅰ,為難、困擾,Verb,v-other,I,こまる,困る,こまる,困る,こまります,困ります,こまります,困ります,こまりました,困りました,こまりません,困りません,こまって,困って,こまった,困った,こまらない,困らない,こまらなかった,困らなかった,こまら,困ら,こまれば,困れば,こまれる,困れる,こまられる,困られる,こまらせる,困らせる,こまらせられる,困らせられる,こまれ,困れ,こまろう,困ろう,
32,読み物,5,たからくじ,宝くじ,彩券,Noun,object,,,,,,,,,,,,,,,,,,,,,,,,,,,,,,,,,,,,,,
32,読み物,6,あたります [たからくじが〜],当たります Ⅰ [宝くじが〜],中〔彩券〕,Verb,v-other,I,あたる,当たる,あたる,当たる,あたります,当たります,あたります,当たります,あたりました,当たりました,あたりません,当たりません,あたって,当たって,あたった,当たった,あたらない,当たらない,あたらなかった,当たらなかった,あたら,当たら,あたれば,当たれば,あたれる,当たれる,あたられる,当たられる,あたらせる,当たらせる,あたらせられる,当たらせられる,あたれ,当たれ,あたろう,当たろう,
32,読み物,7,けんこう,健康,健康,Noun,object,,,,,,,,,,,,,,,,,,,,,,,,,,,,,,,,,,,,,,
32,読み物,8,れんあい,恋愛,戀愛,Noun,abstract,,,,,,,,,,,,,,,,,,,,,,,,,,,,,,,,,,,,,,
32,読み物,9,こいびと,恋人,戀人,Noun,object,,,,,,,,,,,,,,,,,,,,,,,,,,,,,,,,,,,,,,
32,読み物,10,ラッキーアイテム,,吉利物,Noun,object,,,,,,,,,,,,,,,,,,,,,,,,,,,,,,,,,,,,,,
32,読み物,11,いし,石,石頭,Noun,body-health,,,,,,,,,,,,,,,,,,,,,,,,,,,,,,,,,,,,,,
33,単語,1,にげます,逃げます Ⅱ,逃走,Verb,v-motion,II,にげる,逃げる,にげる,逃げる,にげます,逃げます,にげます,逃げます,にげました,逃げました,にげません,逃げません,にげて,逃げて,にげた,逃げた,にげない,逃げない,にげなかった,逃げなかった,にげ,逃げ,にげれば,逃げれば,にげられる,逃げられる,にげられる,逃げられる,にげさせる,逃げさせる,にげさせられる,逃げさせられる,にげろ,逃げろ,にげよう,逃げよう,
33,単語,2,さわぎます,騒ぎます Ⅰ,吵鬧、喧嘩,Verb,v-other,I,さわぐ,騒ぐ,さわぐ,騒ぐ,さわぎます,騒ぎます,さわぎます,騒ぎます,さわぎました,騒ぎました,さわぎません,騒ぎません,さわいで,騒いで,さわいだ,騒いだ,さわがない,騒がない,さわがなかった,騒がなかった,さわが,騒が,さわげば,騒げば,さわげる,騒げる,さわがれる,騒がれる,さわがせる,騒がせる,さわがせられる,騒がせられる,さわげ,騒げ,さわごう,騒ごう,
33,単語,3,あきらめます,,放棄、死心,Verb,v-handling,II,あきらめる,,あきらめる,,あきらめます,,あきらめます,,あきらめました,,あきらめません,,あきらめて,,あきらめた,,あきらめない,,あきらめなかった,,あきらめ,,あきらめれば,,あきらめられる,,あきらめられる,,あきらめさせる,,あきらめさせられる,,あきらめろ,,あきらめよう,,no-kanji
33,単語,4,なげます,投げます Ⅱ,扔、投,Verb,v-handling,II,なげる,投げる,なげる,投げる,なげます,投げます,なげます,投げます,なげました,投げました,なげません,投げません,なげて,投げて,なげた,投げた,なげない,投げない,なげなかった,投げなかった,なげ,投げ,なげれば,投げれば,なげられる,投げられる,なげられる,投げられる,なげさせる,投げさせる,なげさせられる,投げさせられる,なげろ,投げろ,なげよう,投げよう,
33,単語,5,まもります,守ります Ⅰ,遵守,Verb,v-other,I,まもる,守る,まもる,守る,まもります,守ります,まもります,守ります,まもりました,守りました,まもりません,守りません,まもって,守って,まもった,守った,まもらない,守らない,まもらなかった,守らなかった,まもら,守ら,まもれば,守れば,まもれる,守れる,まもられる,守られる,まもらせる,守らせる,まもらせられる,守らせられる,まもれ,守れ,まもろう,守ろう,
33,単語,6,はじまります [しきが〜],始まります Ⅰ [式が〜],〔典禮〕開始,Verb,v-change,I,はじまる,始まる,はじまる,始まる,はじまります,始まります,はじまります,始まります,はじまりました,始まりました,はじまりません,始まりません,はじまって,始まって,はじまった,始まった,はじまらない,始まらない,はじまらなかった,始まらなかった,はじまら,始まら,はじまれば,始まれば,はじまれる,始まれる,はじまられる,始まられる,はじまらせる,始まらせる,はじまらせられる,始まらせられる,はじまれ,始まれ,はじまろう,始まろう,
33,単語,7,しゅっせきします [かいぎに〜],出席します Ⅲ [会議に〜],出席〔會議〕,Verb,v-workstudy,III,しゅっせきする,出席する,しゅっせきする,出席する,しゅっせきします,出席します,しゅっせきします,出席します,しゅっせきしました,出席しました,しゅっせきしません,出席しません,しゅっせきして,出席して,しゅっせきした,出席した,しゅっせきしない,出席しない,しゅっせきしなかった,出席しなかった,しゅっせきし,出席し,しゅっせきすれば,出席すれば,しゅっせきできる,出席できる,しゅっせきされる,出席される,しゅっせきさせる,出席させる,しゅっせきさせられる,出席させられる,しゅっせきしろ,出席しろ,しゅっせきしよう,出席しよう,irregular-override
33,単語,8,つたえます,伝えます Ⅱ,傳達、轉告,Verb,v-communication,II,つたえる,伝える,つたえる,伝える,つたえます,伝えます,つたえます,伝えます,つたえました,伝えました,つたえません,伝えません,つたえて,伝えて,つたえた,伝えた,つたえない,伝えない,つたえなかった,伝えなかった,つたえ,伝え,つたえれば,伝えれば,つたえられる,伝えられる,つたえられる,伝えられる,つたえさせる,伝えさせる,つたえさせられる,伝えさせられる,つたえろ,伝えろ,つたえよう,伝えよう,
33,単語,9,ちゅういします [くるまに〜],注意します Ⅲ [車に〜],注意、小心〔汽車〕,Verb,v-other,III,ちゅういする,注意する,ちゅういする,注意する,ちゅういします,注意します,ちゅういします,注意します,ちゅういしました,注意しました,ちゅういしません,注意しません,ちゅういして,注意して,ちゅういした,注意した,ちゅういしない,注意しない,ちゅういしなかった,注意しなかった,ちゅういし,注意し,ちゅういすれば,注意すれば,ちゅういできる,注意できる,ちゅういされる,注意される,ちゅういさせる,注意させる,ちゅういさせられる,注意させられる,ちゅういしろ,注意しろ,ちゅういしよう,注意しよう,irregular-override
33,単語,10,はずします [せきを〜],外します Ⅰ [席を〜],離開〔座位〕,Verb,v-motion,I,はずす,外す,はずす,外す,はずします,外します,はずします,外します,はずしました,外しました,はずしません,外しません,はずして,外して,はずした,外した,はずさない,外さない,はずさなかった,外さなかった,はずさ,外さ,はずせば,外せば,はずせる,外せる,はずされる,外される,はずさせる,外させる,はずさせられる,外させられる,はずせ,外せ,はずそう,外そう,
33,単語,11,もどります,戻ります Ⅰ,回來、返回,Verb,v-motion,I,もどる,戻る,もどる,戻る,もどります,戻ります,もどります,戻ります,もどりました,戻りました,もどりません,戻りません,もどって,戻って,もどった,戻った,もどらない,戻らない,もどらなかった,戻らなかった,もどら,戻ら,もどれば,戻れば,もどれる,戻れる,もどられる,戻られる,もどらせる,戻らせる,もどらせられる,戻らせられる,もどれ,戻れ,もどろう,戻ろう,
33,単語,12,あります [でんわが〜],,有〔電話〕,Verb,v-other,I,ある,,ある,,あります,,あります,,ありました,,ありません,,あって,,あった,,ない,,なかった,,,,あれば,,あれる,,あられる,,あらせる,,あらせられる,,あれ,,あろう,,irregular-override; no-kanji
33,単語,13,リサイクルします,,再利用、資源回收,Verb,v-handling,III,リサイクルする,,リサイクルする,,リサイクルします,,リサイクルします,,リサイクルしました,,リサイクルしません,,リサイクルして,,リサイクルした,,リサイクルしない,,リサイクルしなかった,,リサイクルし,,リサイクルすれば,,リサイクルできる,,リサイクルされる,,リサイクルさせる,,リサイクルさせられる,,リサイクルしろ,,リサイクルしよう,,irregular-override; no-kanji
33,単語,14,だめ [な],,不行、不可能,na-Adjective,descriptive,,,,,,,,,,,,,,,,,,,,,,,,,,,,,,,,,,,,,,
33,単語,15,おなじ,同じ,一樣、同樣,Prenominal,function,,,,,,,,,,,,,,,,,,,,,,,,,,,,,,,,,,,,,,
33,単語,16,けいさつ,警察,警察、警察局,Noun,occupation,,,,,,,,,,,,,,,,,,,,,,,,,,,,,,,,,,,,,,
33,単語,17,せき,席,座位,Noun,object,,,,,,,,,,,,,,,,,,,,,,,,,,,,,,,,,,,,,,
33,単語,18,マーク,,標記、標誌,Noun,object,,,,,,,,,,,,,,,,,,,,,,,,,,,,,,,,,,,,,,
33,単語,19,ボール,,球,Noun,object,,,,,,,,,,,,,,,,,,,,,,,,,,,,,,,,,,,,,,
33,単語,20,しめきり,締め切り,截止、截止日期,Noun,time,,,,,,,,,,,,,,,,,,,,,,,,,,,,,,,,,,,,,,
33,単語,21,きそく,規則,規則,Noun,abstract,,,,,,,,,,,,,,,,,,,,,,,,,,,,,,,,,,,,,,
33,単語,22,きけん,危険,危險,Noun,object,,,,,,,,,,,,,,,,,,,,,,,,,,,,,,,,,,,,,,
33,単語,23,しようきんし,使用禁止,禁止使用,Noun,object,,,,,,,,,,,,,,,,,,,,,,,,,,,,,,,,,,,,,,
33,単語,24,たちいりきんし,立入禁止,禁止入內,Noun,object,,,,,,,,,,,,,,,,,,,,,,,,,,,,,,,,,,,,,,
33,単語,25,じょこう,徐行,慢行,Noun,object,,,,,,,,,,,,,,,,,,,,,,,,,,,,,,,,,,,,,,
33,単語,26,いりぐち,入口,入口,Noun,object,,,,,,,,,,,,,,,,,,,,,,,,,,,,,,,,,,,,,,
33,単語,27,でぐち,出口,出口,Noun,object,,,,,,,,,,,,,,,,,,,,,,,,,,,,,,,,,,,,,,
33,単語,28,ひじょうぐち,非常口,緊急出口,Noun,object,,,,,,,,,,,,,,,,,,,,,,,,,,,,,,,,,,,,,,
33,単語,29,むりょう,無料,免費,Noun,object,,,,,,,,,,,,,,,,,,,,,,,,,,,,,,,,,,,,,,
33,単語,30,わりびき,割引,折扣,Noun,object,,,,,,,,,,,,,,,,,,,,,,,,,,,,,,,,,,,,,,
33,単語,31,のみほうだい,飲み放題,無限暢飲,Phrase,expression,,,,,,,,,,,,,,,,,,,,,,,,,,,,,,,,,,,,,,
33,単語,32,しようちゅう,使用中,正在使用,Noun,object,,,,,,,,,,,,,,,,,,,,,,,,,,,,,,,,,,,,,,
33,単語,33,ぼしゅうちゅう,募集中,正在招募,Noun,object,,,,,,,,,,,,,,,,,,,,,,,,,,,,,,,,,,,,,,
33,単語,34,〜ちゅう,〜中,正在～,Phrase,expression,,,,,,,,,,,,,,,,,,,,,,,,,,,,,,,,,,,,,,
33,単語,35,どういう 〜,,怎樣的～、什麼樣的～,Phrase,expression,,,,,,,,,,,,,,,,,,,,,,,,,,,,,,,,,,,,,,
33,単語,36,いくら [〜ても],,怎麼～也～、無論～也～,Phrase,expression,,,,,,,,,,,,,,,,,,,,,,,,,,,,,,,,,,,,,,
33,単語,37,もう,,已經、再（與否定形一起使用）,Adverb,function,,,,,,,,,,,,,,,,,,,,,,,,,,,,,,,,,,,,,,
33,単語,38,あと 〜,,還有～,Phrase,expression,,,,,,,,,,,,,,,,,,,,,,,,,,,,,,,,,,,,,,
33,単語,39,〜ほど,,大概～、大約～,Phrase,expression,,,,,,,,,,,,,,,,,,,,,,,,,,,,,,,,,,,,,,
33,会話,1,ちゅうしゃいはん,駐車違反,違規停車,Noun,object,,,,,,,,,,,,,,,,,,,,,,,,,,,,,,,,,,,,,,
33,会話,2,ばっきん,罰金,罰款,Noun,object,,,,,,,,,,,,,,,,,,,,,,,,,,,,,,,,,,,,,,
33,読み物,1,じしん,地震,地震,Noun,object,,,,,,,,,,,,,,,,,,,,,,,,,,,,,,,,,,,,,,
33,読み物,2,おきます,起きます Ⅱ,發生,Verb,v-other,II,おきる,起きる,おきる,起きる,おきます,起きます,おきます,起きます,おきました,起きました,おきません,起きません,おきて,起きて,おきた,起きた,おきない,起きない,おきなかった,起きなかった,おき,起き,おきれば,起きれば,おきられる,起きられる,おきられる,起きられる,おきさせる,起きさせる,おきさせられる,起きさせられる,おきろ,起きろ,おきよう,起きよう,
33,読み物,3,たすけあいます,助け合います Ⅰ,互助,Verb,v-communication,I,たすけあう,助け合う,たすけあう,助け合う,たすけあいます,助け合います,たすけあいます,助け合います,たすけあいました,助け合いました,たすけあいません,助け合いません,たすけあって,助け合って,たすけあった,助け合った,たすけあわない,助け合わない,たすけあわなかった,助け合わなかった,たすけあわ,助け合わ,たすけあえば,助け合えば,たすけあえる,助け合える,たすけあわれる,助け合われる,たすけあわせる,助け合わせる,たすけあわせられる,助け合わせられる,たすけあえ,助け合え,たすけあおう,助け合おう,
33,読み物,4,もともと,元々,原本、原來,Noun,object,,,,,,,,,,,,,,,,,,,,,,,,,,,,,,,,,,,,,,
33,読み物,5,かなしい,悲しい,悲傷,i-Adjective,descriptive,,,,,,,,,,,,,,,,,,,,,,,,,,,,,,,,,,,,,,
33,読み物,6,もっと,,更加,Adverb,function,,,,,,,,,,,,,,,,,,,,,,,,,,,,,,,,,,,,,,
33,読み物,7,あいさつ,,寒暄、問候（〜を します：寒暄）,Noun,object,,,,,,,,,,,,,,,,,,,,,,,,,,,,,,,,,,,,,,
33,読み物,8,あいて,相手,對方,Noun,object,,,,,,,,,,,,,,,,,,,,,,,,,,,,,,,,,,,,,,
33,読み物,9,きもち,気持ち,心情、情緒,Noun,object,,,,,,,,,,,,,,,,,,,,,,,,,,,,,,,,,,,,,,
34,単語,1,みがきます [はを〜],磨きます Ⅰ [歯を〜],刷〔牙〕,Verb,v-daily,I,みがく,磨く,みがく,磨く,みがきます,磨きます,みがきます,磨きます,みがきました,磨きました,みがきません,磨きません,みがいて,磨いて,みがいた,磨いた,みがかない,磨かない,みがかなかった,磨かなかった,みがか,磨か,みがけば,磨けば,みがける,磨ける,みがかれる,磨かれる,みがかせる,磨かせる,みがかせられる,磨かせられる,みがけ,磨け,みがこう,磨こう,
34,単語,2,くみたてます,組み立てます Ⅱ,組裝,Verb,v-handling,II,くみたてる,組み立てる,くみたてる,組み立てる,くみたてます,組み立てます,くみたてます,組み立てます,くみたてました,組み立てました,くみたてません,組み立てません,くみたてて,組み立てて,くみたてた,組み立てた,くみたてない,組み立てない,くみたてなかった,組み立てなかった,くみたて,組み立て,くみたてれば,組み立てれば,くみたてられる,組み立てられる,くみたてられる,組み立てられる,くみたてさせる,組み立てさせる,くみたてさせられる,組み立てさせられる,くみたてろ,組み立てろ,くみたてよう,組み立てよう,
34,単語,3,おります,折ります Ⅰ,摺、折彎,Verb,v-handling,I,おる,折る,おる,折る,おります,折ります,おります,折ります,おりました,折りました,おりません,折りません,おって,折って,おった,折った,おらない,折らない,おらなかった,折らなかった,おら,折ら,おれば,折れば,おれる,折れる,おられる,折られる,おらせる,折らせる,おらせられる,折らせられる,おれ,折れ,おろう,折ろう,
34,単語,4,きが つきます [わすれものに〜],気が つきます Ⅰ [忘れ物に〜],發現、發覺〔遺失物品〕,Verb,v-thinking,I,きがつく,気がつく,きがつく,気がつく,きがつきます,気がつきます,きがつきます,気がつきます,きがつきました,気がつきました,きがつきません,気がつきません,きがついて,気がついて,きがついた,気がついた,きがつかない,気がつかない,きがつかなかった,気がつかなかった,きがつか,気がつか,きがつけば,気がつけば,きがつける,気がつける,きがつかれる,気がつかれる,きがつかせる,気がつかせる,きがつかせられる,気がつかせられる,きがつけ,気がつけ,きがつこう,気がつこう,
34,単語,5,つけます [しょうゆを〜],,沾〔醬油〕,Verb,v-handling,II,つける,,つける,,つけます,,つけます,,つけました,,つけません,,つけて,,つけた,,つけない,,つけなかった,,つけ,,つければ,,つけられる,,つけられる,,つけさせる,,つけさせられる,,つけろ,,つけよう,,no-kanji
34,単語,6,みつかります [かぎが〜],見つかります Ⅰ [かぎが〜],找到〔鑰匙〕,Verb,v-other,I,みつかる,見つかる,みつかる,見つかる,みつかります,見つかります,みつかります,見つかります,みつかりました,見つかりました,みつかりません,見つかりません,みつかって,見つかって,みつかった,見つかった,みつからない,見つからない,みつからなかった,見つからなかった,みつから,見つから,みつかれば,見つかれば,みつかれる,見つかれる,みつかられる,見つかられる,みつからせる,見つからせる,みつからせられる,見つからせられる,みつかれ,見つかれ,みつかろう,見つかろう,
34,単語,7,しつもんします,質問します Ⅲ,提問,Verb,v-communication,III,しつもんする,質問する,しつもんする,質問する,しつもんします,質問します,しつもんします,質問します,しつもんしました,質問しました,しつもんしません,質問しません,しつもんして,質問して,しつもんした,質問した,しつもんしない,質問しない,しつもんしなかった,質問しなかった,しつもんし,質問し,しつもんすれば,質問すれば,しつもんできる,質問できる,しつもんされる,質問される,しつもんさせる,質問させる,しつもんさせられる,質問させられる,しつもんしろ,質問しろ,しつもんしよう,質問しよう,irregular-override
34,単語,8,さします [かさを〜],さします Ⅰ [傘を〜],撐〔傘〕,Verb,v-handling,I,さす,,さす,,さします,,さします,,さしました,,さしません,,さして,,さした,,ささない,,ささなかった,,ささ,,させば,,させる,,さされる,,ささせる,,ささせられる,,させ,,さそう,,
34,単語,9,スポーツクラブ,,運動俱樂部,Noun,hobby-sport,,,,,,,,,,,,,,,,,,,,,,,,,,,,,,,,,,,,,,
34,単語,10,[お]しろ,[お]城,城,Noun,object,,,,,,,,,,,,,,,,,,,,,,,,,,,,,,,,,,,,,,
34,単語,11,せつめいしょ,説明書,說明書,Noun,language-study,,,,,,,,,,,,,,,,,,,,,,,,,,,,,,,,,,,,,,
34,単語,12,ず,図,圖,Noun,object,,,,,,,,,,,,,,,,,,,,,,,,,,,,,,,,,,,,,,
34,単語,13,せん,線,線,Noun,object,,,,,,,,,,,,,,,,,,,,,,,,,,,,,,,,,,,,,,
34,単語,14,やじるし,矢印,箭頭（記號）,Noun,body-health,,,,,,,,,,,,,,,,,,,,,,,,,,,,,,,,,,,,,,
34,単語,15,くろ,黒,黑色（名詞）,Noun,object,,,,,,,,,,,,,,,,,,,,,,,,,,,,,,,,,,,,,,
34,単語,16,しろ*,白,白色（名詞）,Noun,object,,,,,,,,,,,,,,,,,,,,,,,,,,,,,,,,,,,,,,
34,単語,17,あか*,赤,紅色（名詞）,Noun,object,,,,,,,,,,,,,,,,,,,,,,,,,,,,,,,,,,,,,,
34,単語,18,あお*,青,藍色（名詞）,Noun,object,,,,,,,,,,,,,,,,,,,,,,,,,,,,,,,,,,,,,,
34,単語,19,こん,紺,深藍色（名詞）,Noun,object,,,,,,,,,,,,,,,,,,,,,,,,,,,,,,,,,,,,,,
34,単語,20,きいろ*,黄色,黃色（名詞）,Noun,object,,,,,,,,,,,,,,,,,,,,,,,,,,,,,,,,,,,,,,
34,単語,21,ちゃいろ*,茶色,棕色（名詞）,Noun,object,,,,,,,,,,,,,,,,,,,,,,,,,,,,,,,,,,,,,,
34,単語,22,しょうゆ,,醬油,Noun,food-drink,,,,,,,,,,,,,,,,,,,,,,,,,,,,,,,,,,,,,,
34,単語,23,ソース,,醬汁,Noun,object,,,,,,,,,,,,,,,,,,,,,,,,,,,,,,,,,,,,,,
34,単語,24,おきゃく[さん],お客[さん],顧客、客戶,Noun,object,,,,,,,,,,,,,,,,,,,,,,,,,,,,,,,,,,,,,,
34,単語,25,〜か 〜,,～或～,Phrase,expression,,,,,,,,,,,,,,,,,,,,,,,,,,,,,,,,,,,,,,
34,単語,26,ゆうべ,,昨晚,Noun,object,,,,,,,,,,,,,,,,,,,,,,,,,,,,,,,,,,,,,,
34,単語,27,さっき,,剛才,Noun,object,,,,,,,,,,,,,,,,,,,,,,,,,,,,,,,,,,,,,,
34,会話,1,さどう,茶道,茶道,Noun,food-drink,,,,,,,,,,,,,,,,,,,,,,,,,,,,,,,,,,,,,,
34,会話,2,おちゃを たてます,お茶を たてます Ⅱ,（茶道的）泡茶、沏茶,Phrase,expression,II,,,,,,,,,,,,,,,,,,,,,,,,,,,,,,,,,,,,,
34,会話,3,さきに,先に,先、首先,Adverb,function,,,,,,,,,,,,,,,,,,,,,,,,,,,,,,,,,,,,,,
34,会話,4,のせます,載せます Ⅱ,放上,Verb,v-handling,II,のせる,載せる,のせる,載せる,のせます,載せます,のせます,載せます,のせました,載せました,のせません,載せません,のせて,載せて,のせた,載せた,のせない,載せない,のせなかった,載せなかった,のせ,載せ,のせれば,載せれば,のせられる,載せられる,のせられる,載せられる,のせさせる,載せさせる,のせさせられる,載せさせられる,のせろ,載せろ,のせよう,載せよう,
34,会話,5,これで いいですか。,,這樣可以嗎？,Phrase,expression,,,,,,,,,,,,,,,,,,,,,,,,,,,,,,,,,,,,,,
34,会話,6,いかがですか。,,怎麼樣？,Phrase,expression,,,,,,,,,,,,,,,,,,,,,,,,,,,,,,,,,,,,,,
34,会話,7,にがい,苦い,苦,i-Adjective,descriptive,,,,,,,,,,,,,,,,,,,,,,,,,,,,,,,,,,,,,,
34,読み物,1,おやこどんぶり,親子どんぶり,雞肉雞蛋蓋飯（把雞肉和雞蛋放在米飯上面的蓋飯）,Noun,food-drink,,,,,,,,,,,,,,,,,,,,,,,,,,,,,,,,,,,,,,
34,読み物,2,ざいりょう,材料,材料,Noun,object,,,,,,,,,,,,,,,,,,,,,,,,,,,,,,,,,,,,,,
34,読み物,3,〜ぶん,〜分,…分（表示分量）,Phrase,expression,,,,,,,,,,,,,,,,,,,,,,,,,,,,,,,,,,,,,,
34,読み物,4,〜グラム,,…克,Phrase,expression,,,,,,,,,,,,,,,,,,,,,,,,,,,,,,,,,,,,,,
34,読み物,5,〜こ,〜個,…個（數小件物品時使用的量詞）,Noun,object,,,,,,,,,,,,,,,,,,,,,,,,,,,,,,,,,,,,,,
34,読み物,6,たまねぎ,,洋蔥,Noun,object,,,,,,,,,,,,,,,,,,,,,,,,,,,,,,,,,,,,,,
34,読み物,7,よんぶんのいち,4分の1 (1/4),四分之一,Phrase,expression,,,,,,,,,,,,,,,,,,,,,,,,,,,,,,,,,,,,,,
34,読み物,8,ちょうみりょう,調味料,調味料,Noun,object,,,,,,,,,,,,,,,,,,,,,,,,,,,,,,,,,,,,,,
34,読み物,9,てきとうな おおきさに,適当な 大きさに,適當的大小,Phrase,expression,,,,,,,,,,,,,,,,,,,,,,,,,,,,,,,,,,,,,,
34,読み物,10,なべ,,鍋,Noun,object,,,,,,,,,,,,,,,,,,,,,,,,,,,,,,,,,,,,,,
34,読み物,11,ひ,火,火,Noun,object,,,,,,,,,,,,,,,,,,,,,,,,,,,,,,,,,,,,,,
34,読み物,12,ひに かけます,火に かけます Ⅱ,加熱,Phrase,expression,II,,,,,,,,,,,,,,,,,,,,,,,,,,,,,,,,,,,,,
34,読み物,13,にます,煮ます Ⅱ,煮、燉,Verb,v-handling,II,にる,煮る,にる,煮る,にます,煮ます,にます,煮ます,にました,煮ました,にません,煮ません,にて,煮て,にた,煮た,にない,煮ない,になかった,煮なかった,に,煮,にれば,煮れば,にられる,煮られる,にられる,煮られる,にさせる,煮させる,にさせられる,煮させられる,にろ,煮ろ,によう,煮よう,
34,読み物,14,にえます,煮えます Ⅱ,煮熟,Verb,v-handling,II,にえる,煮える,にえる,煮える,にえます,煮えます,にえます,煮えます,にえました,煮えました,にえません,煮えません,にえて,煮えて,にえた,煮えた,にえない,煮えない,にえなかった,煮えなかった,にえ,煮え,にえれば,煮えれば,にえられる,煮えられる,にえられる,煮えられる,にえさせる,煮えさせる,にえさせられる,煮えさせられる,にえろ,煮えろ,にえよう,煮えよう,
34,読み物,15,どんぶり,,大碗,Noun,object,,,,,,,,,,,,,,,,,,,,,,,,,,,,,,,,,,,,,,
34,読み物,16,たちます,,流逝、過去,Verb,v-motion,I,たつ,,たつ,,たちます,,たちます,,たちました,,たちません,,たって,,たった,,たたない,,たたなかった,,たた,,たてば,,たてる,,たたれる,,たたせる,,たたせられる,,たて,,たとう,,no-kanji
35,単語,1,さきます [はなが〜],咲きます Ⅰ [花が〜],開〔花〕,Verb,v-other,I,さく,咲く,さく,咲く,さきます,咲きます,さきます,咲きます,さきました,咲きました,さきません,咲きません,さいて,咲いて,さいた,咲いた,さかない,咲かない,さかなかった,咲かなかった,さか,咲か,さけば,咲けば,さける,咲ける,さかれる,咲かれる,さかせる,咲かせる,さかせられる,咲かせられる,さけ,咲け,さこう,咲こう,
35,単語,2,かわります [いろが〜],変わります Ⅰ [色が〜],變〔色〕,Verb,v-change,I,かわる,変わる,かわる,変わる,かわります,変わります,かわります,変わります,かわりました,変わりました,かわりません,変わりません,かわって,変わって,かわった,変わった,かわらない,変わらない,かわらなかった,変わらなかった,かわら,変わら,かわれば,変われば,かわれる,変われる,かわられる,変わられる,かわらせる,変わらせる,かわらせられる,変わらせられる,かわれ,変われ,かわろう,変わろう,
35,単語,3,こまります,困ります Ⅰ,為難、困難,Verb,v-other,I,こまる,困る,こまる,困る,こまります,困ります,こまります,困ります,こまりました,困りました,こまりません,困りません,こまって,困って,こまった,困った,こまらない,困らない,こまらなかった,困らなかった,こまら,困ら,こまれば,困れば,こまれる,困れる,こまられる,困られる,こまらせる,困らせる,こまらせられる,困らせられる,こまれ,困れ,こまろう,困ろう,
35,単語,4,つけます [まるを〜],付けます Ⅱ [丸を〜],加上、畫〔圈〕,Verb,v-handling,II,つける,付ける,つける,付ける,つけます,付けます,つけます,付けます,つけました,付けました,つけません,付けません,つけて,付けて,つけた,付けた,つけない,付けない,つけなかった,付けなかった,つけ,付け,つければ,付ければ,つけられる,付けられる,つけられる,付けられる,つけさせる,付けさせる,つけさせられる,付けさせられる,つけろ,付けろ,つけよう,付けよう,
35,単語,5,なおります [びょうきが〜],治ります、直ります Ⅰ [病気が〜],〔病〕痊癒、治好,Verb,v-change,I,なおる,治ります、直る,なおる,治ります、直る,なおります,治ります、直ります,なおります,治ります、直ります,なおりました,治ります、直りました,なおりません,治ります、直りません,なおって,治ります、直って,なおった,治ります、直った,なおらない,治ります、直らない,なおらなかった,治ります、直らなかった,なおら,治ります、直ら,なおれば,治ります、直れば,なおれる,治ります、直れる,なおられる,治ります、直られる,なおらせる,治ります、直らせる,なおらせられる,治ります、直らせられる,なおれ,治ります、直れ,なおろう,治ります、直ろう,
35,単語,6,クリックします,,點擊,Verb,v-handling,III,クリックする,,クリックする,,クリックします,,クリックします,,クリックしました,,クリックしません,,クリックして,,クリックした,,クリックしない,,クリックしなかった,,クリックし,,クリックすれば,,クリックできる,,クリックされる,,クリックさせる,,クリックさせられる,,クリックしろ,,クリックしよう,,irregular-override; no-kanji
35,単語,7,にゅうりょくします,入力します Ⅲ,輸入,Verb,v-other,III,にゅうりょくする,入力する,にゅうりょくする,入力する,にゅうりょくします,入力します,にゅうりょくします,入力します,にゅうりょくしました,入力しました,にゅうりょくしません,入力しません,にゅうりょくして,入力して,にゅうりょくした,入力した,にゅうりょくしない,入力しない,にゅうりょくしなかった,入力しなかった,にゅうりょくし,入力し,にゅうりょくすれば,入力すれば,にゅうりょくできる,入力できる,にゅうりょくされる,入力される,にゅうりょくさせる,入力させる,にゅうりょくさせられる,入力させられる,にゅうりょくしろ,入力しろ,にゅうりょくしよう,入力しよう,irregular-override
35,単語,8,ただしい,正しい,正確,i-Adjective,descriptive,,,,,,,,,,,,,,,,,,,,,,,,,,,,,,,,,,,,,,
35,単語,9,むこう,向こう,對面、那邊,Noun,position,,,,,,,,,,,,,,,,,,,,,,,,,,,,,,,,,,,,,,
35,単語,10,しま,島,島,Noun,object,,,,,,,,,,,,,,,,,,,,,,,,,,,,,,,,,,,,,,
35,単語,11,みなと,港,港口,Noun,object,,,,,,,,,,,,,,,,,,,,,,,,,,,,,,,,,,,,,,
35,単語,12,きんじょ,近所,附近、鄰居,Noun,position,,,,,,,,,,,,,,,,,,,,,,,,,,,,,,,,,,,,,,
35,単語,13,おくじょう,屋上,屋頂,Noun,object,,,,,,,,,,,,,,,,,,,,,,,,,,,,,,,,,,,,,,
35,単語,14,かいがい,海外,海外,Noun,nature-weather,,,,,,,,,,,,,,,,,,,,,,,,,,,,,,,,,,,,,,
35,単語,15,やまのぼり,山登り,登山,Noun,nature-weather,,,,,,,,,,,,,,,,,,,,,,,,,,,,,,,,,,,,,,
35,単語,16,れきし,歴史,歷史,Noun,object,,,,,,,,,,,,,,,,,,,,,,,,,,,,,,,,,,,,,,
35,単語,17,きかい,機会,機會,Noun,abstract,,,,,,,,,,,,,,,,,,,,,,,,,,,,,,,,,,,,,,
35,単語,18,きょか,許可,許可,Noun,object,,,,,,,,,,,,,,,,,,,,,,,,,,,,,,,,,,,,,,
35,単語,19,まる,丸,圓、圈,Noun,object,,,,,,,,,,,,,,,,,,,,,,,,,,,,,,,,,,,,,,
35,単語,20,ふりがな,,標注假名,Noun,object,,,,,,,,,,,,,,,,,,,,,,,,,,,,,,,,,,,,,,
35,単語,21,せつび,設備,設備,Noun,object,,,,,,,,,,,,,,,,,,,,,,,,,,,,,,,,,,,,,,
35,単語,22,レバー,,把手、操縱桿,Noun,object,,,,,,,,,,,,,,,,,,,,,,,,,,,,,,,,,,,,,,
35,単語,23,キー,,鍵,Noun,object,,,,,,,,,,,,,,,,,,,,,,,,,,,,,,,,,,,,,,
35,単語,24,カーテン,,窗簾,Noun,furniture,,,,,,,,,,,,,,,,,,,,,,,,,,,,,,,,,,,,,,
35,単語,25,ひも,,繩子,Noun,object,,,,,,,,,,,,,,,,,,,,,,,,,,,,,,,,,,,,,,
35,単語,26,すいはんき,炊飯器,電鍋,Noun,object,,,,,,,,,,,,,,,,,,,,,,,,,,,,,,,,,,,,,,
35,単語,27,は,葉,葉子,Particle,function,,,,,,,,,,,,,,,,,,,,,,,,,,,,,,,,,,,,,,
35,単語,28,むかし,昔,過去、以前,Noun,position,,,,,,,,,,,,,,,,,,,,,,,,,,,,,,,,,,,,,,
35,単語,29,もっと,,更、更加,Adverb,function,,,,,,,,,,,,,,,,,,,,,,,,,,,,,,,,,,,,,,
35,単語,30,これで おわりましょう。,,到此結束吧。,Phrase,expression,,,,,,,,,,,,,,,,,,,,,,,,,,,,,,,,,,,,,,
35,単語,31,※はこね,箱根,箱根（位於神奈川縣的觀光地、旅遊景點）,Noun,proper-noun,,,,,,,,,,,,,,,,,,,,,,,,,,,,,,,,,,,,,,
35,単語,32,※にっこう,日光,日光（位於栃木縣的旅遊景點）,Noun,proper-noun,,,,,,,,,,,,,,,,,,,,,,,,,,,,,,,,,,,,,,
35,単語,33,※アフリカ,,非洲,Noun,proper-noun,,,,,,,,,,,,,,,,,,,,,,,,,,,,,,,,,,,,,,
35,単語,34,※マンガミュージアム,,京都漫畫博物館,Noun,proper-noun,,,,,,,,,,,,,,,,,,,,,,,,,,,,,,,,,,,,,,
35,単語,35,※みんなの がっこう,みんなの 学校,大家的學校（虛構的日語學校）,Phrase,proper-noun,,,,,,,,,,,,,,,,,,,,,,,,,,,,,,,,,,,,,,
35,単語,36,※だいていこくずし,大黒ずし,大黑壽司（虛構的壽司店）,Phrase,proper-noun,,,,,,,,,,,,,,,,,,,,,,,,,,,,,,,,,,,,,,
35,単語,37,※アイエムシーパソコンきょうしつ,IMC パソコン教室,IMC電腦教室（虛構的電腦教室）,Phrase,proper-noun,,,,,,,,,,,,,,,,,,,,,,,,,,,,,,,,,,,,,,
35,単語,38,※ははの あじ,母の 味,媽媽的味道（虛構的書店名）,Phrase,proper-noun,,,,,,,,,,,,,,,,,,,,,,,,,,,,,,,,,,,,,,
35,単語,39,※はる,,春（虛構的美容院）,Noun,proper-noun,,,,,,,,,,,,,,,,,,,,,,,,,,,,,,,,,,,,,,
35,単語,40,※さとうしか,佐藤歯科,佐藤牙科（虛構的牙醫）,Noun,proper-noun,,,,,,,,,,,,,,,,,,,,,,,,,,,,,,,,,,,,,,
35,単語,41,※まいにちクッキング,毎日クッキング,每日烹飪教室（虛構的料理教室）,Phrase,proper-noun,,,,,,,,,,,,,,,,,,,,,,,,,,,,,,,,,,,,,,
35,会話,1,それなら,,那樣的話、如果是那樣,Phrase,expression,,,,,,,,,,,,,,,,,,,,,,,,,,,,,,,,,,,,,,
35,会話,2,やこうバス,夜行バス,夜行巴士,Noun,transport,,,,,,,,,,,,,,,,,,,,,,,,,,,,,,,,,,,,,,
35,会話,3,さあ,,哎（用於對一些情況不太清楚時）,Phrase,expression,,,,,,,,,,,,,,,,,,,,,,,,,,,,,,,,,,,,,,
35,会話,4,りょこうしゃ,旅行社,旅行社,Noun,hobby-sport,,,,,,,,,,,,,,,,,,,,,,,,,,,,,,,,,,,,,,
35,会話,5,くわしい,詳しい,詳細,i-Adjective,descriptive,,,,,,,,,,,,,,,,,,,,,,,,,,,,,,,,,,,,,,
35,会話,6,スキーじょう,スキー場,滑雪場,Noun,nature-weather,,,,,,,,,,,,,,,,,,,,,,,,,,,,,,,,,,,,,,
35,会話,7,くさつ,草津,草津（位於群馬縣的療養地）,Noun,animals-plants,,,,,,,,,,,,,,,,,,,,,,,,,,,,,,,,,,,,,,
35,会話,8,※しがこうげん,志賀高原,志賀高原（位於長野縣一個國立公園內的高原）,Noun,proper-noun,,,,,,,,,,,,,,,,,,,,,,,,,,,,,,,,,,,,,,
35,読み物,1,しゅ,朱,朱、紅色,Noun,object,,,,,,,,,,,,,,,,,,,,,,,,,,,,,,,,,,,,,,
35,読み物,2,まじわります,交わります Ⅰ,來往、交際,Verb,v-motion,I,まじわる,交わる,まじわる,交わる,まじわります,交わります,まじわります,交わります,まじわりました,交わりました,まじわりません,交わりません,まじわって,交わって,まじわった,交わった,まじわらない,交わらない,まじわらなかった,交わらなかった,まじわら,交わら,まじわれば,交われば,まじわれる,交われる,まじわられる,交わられる,まじわらせる,交わらせる,まじわらせられる,交わらせられる,まじわれ,交われ,まじわろう,交わろう,
35,読み物,3,ことわざ,,諺語,Noun,object,,,,,,,,,,,,,,,,,,,,,,,,,,,,,,,,,,,,,,
35,読み物,4,かんけい,関係,關係,Noun,abstract,,,,,,,,,,,,,,,,,,,,,,,,,,,,,,,,,,,,,,
35,読み物,5,なかよく します,仲よく します Ⅲ,友好交往,Phrase,expression,III,,,,,,,,,,,,,,,,,,,,,,,,,,,,,,,,,,,,,
35,読み物,6,ひつよう [な],必要 [な],必要、需要,na-Adjective,descriptive,,,,,,,,,,,,,,,,,,,,,,,,,,,,,,,,,,,,,,
36,単語,1,あいます [じこに〜],,遇到〔事故〕,Verb,v-other,I,あう,,あう,,あいます,,あいます,,あいました,,あいません,,あって,,あった,,あわない,,あわなかった,,あわ,,あえば,,あえる,,あわれる,,あわせる,,あわせられる,,あえ,,あおう,,no-kanji
36,単語,2,ちょきんします,貯金します,存錢,Verb,v-transaction,III,ちょきんする,貯金する,ちょきんする,貯金する,ちょきんします,貯金します,ちょきんします,貯金します,ちょきんしました,貯金しました,ちょきんしません,貯金しません,ちょきんして,貯金して,ちょきんした,貯金した,ちょきんしない,貯金しない,ちょきんしなかった,貯金しなかった,ちょきんし,貯金し,ちょきんすれば,貯金すれば,ちょきんできる,貯金できる,ちょきんされる,貯金される,ちょきんさせる,貯金させる,ちょきんさせられる,貯金させられる,ちょきんしろ,貯金しろ,ちょきんしよう,貯金しよう,irregular-override
36,単語,3,すぎます [しちじを〜],過ぎます,過〔七點〕,Verb,v-other,II,すぎる,過ぎる,すぎる,過ぎる,すぎます,過ぎます,すぎます,過ぎます,すぎました,過ぎました,すぎません,過ぎません,すぎて,過ぎて,すぎた,過ぎた,すぎない,過ぎない,すぎなかった,過ぎなかった,すぎ,過ぎ,すぎれば,過ぎれば,すぎられる,過ぎられる,すぎられる,過ぎられる,すぎさせる,過ぎさせる,すぎさせられる,過ぎさせられる,すぎろ,過ぎろ,すぎよう,過ぎよう,
36,単語,4,なれます [しごとに〜],慣れます,習慣〔工作〕,Verb,v-workstudy,II,なれる,慣れる,なれる,慣れる,なれます,慣れます,なれます,慣れます,なれました,慣れました,なれません,慣れません,なれて,慣れて,なれた,慣れた,なれない,慣れない,なれなかった,慣れなかった,なれ,慣れ,なれれば,慣れれば,なれられる,慣れられる,なれられる,慣れられる,なれさせる,慣れさせる,なれさせられる,慣れさせられる,なれろ,慣れろ,なれよう,慣れよう,
36,単語,5,くさります [たべものが〜],腐ります,〔食物〕腐爛,Verb,v-change,I,くさる,腐る,くさる,腐る,くさります,腐ります,くさります,腐ります,くさりました,腐りました,くさりません,腐りません,くさって,腐って,くさった,腐った,くさらない,腐らない,くさらなかった,腐らなかった,くさら,腐ら,くされば,腐れば,くされる,腐れる,くさられる,腐られる,くさらせる,腐らせる,くさらせられる,腐らせられる,くされ,腐れ,くさろう,腐ろう,
36,単語,6,けんどう,剣道,劍道,Noun,hobby-sport,,,,,,,,,,,,,,,,,,,,,,,,,,,,,,,,,,,,,,
36,単語,7,じゅうどう*,柔道,柔道,Noun,hobby-sport,,,,,,,,,,,,,,,,,,,,,,,,,,,,,,,,,,,,,,
36,単語,8,ラッシュ,,上下班高峰時間、交通尖峰時間,Noun,transport,,,,,,,,,,,,,,,,,,,,,,,,,,,,,,,,,,,,,,
36,単語,9,うちゅう,宇宙,宇宙,Noun,nature-weather,,,,,,,,,,,,,,,,,,,,,,,,,,,,,,,,,,,,,,
36,単語,10,きょく,曲,曲子,Noun,object,,,,,,,,,,,,,,,,,,,,,,,,,,,,,,,,,,,,,,
36,単語,11,まいしゅう,毎週,每週、每星期,Noun,time,,,,,,,,,,,,,,,,,,,,,,,,,,,,,,,,,,,,,,
36,単語,12,まいつき,毎月,每月,Noun,object,,,,,,,,,,,,,,,,,,,,,,,,,,,,,,,,,,,,,,
36,単語,13,まいとし* (まいねん),毎年,每年,Noun,object,,,,,,,,,,,,,,,,,,,,,,,,,,,,,,,,,,,,,,
36,単語,14,このごろ,,這些日子、最近,Noun,time,,,,,,,,,,,,,,,,,,,,,,,,,,,,,,,,,,,,,,
36,単語,15,やっと,,終於、總算,Adverb,function,,,,,,,,,,,,,,,,,,,,,,,,,,,,,,,,,,,,,,
36,単語,16,かなり,,相當,Adverb,function,,,,,,,,,,,,,,,,,,,,,,,,,,,,,,,,,,,,,,
36,単語,17,かならず,必ず,一定,Phrase,expression,,,,,,,,,,,,,,,,,,,,,,,,,,,,,,,,,,,,,,
36,単語,18,ぜったいに,絶対に,絕對地,Adverb,function,,,,,,,,,,,,,,,,,,,,,,,,,,,,,,,,,,,,,,
36,単語,19,じょうずに,上手に,好、熟練、擅長,Adverb,function,,,,,,,,,,,,,,,,,,,,,,,,,,,,,,,,,,,,,,
36,単語,20,できるだけ,,盡可能、盡量,Phrase,expression,,,,,,,,,,,,,,,,,,,,,,,,,,,,,,,,,,,,,,
36,単語,21,ほとんど,,幾乎（肯定句）、幾乎完全（否定句）,Adverb,function,,,,,,,,,,,,,,,,,,,,,,,,,,,,,,,,,,,,,,
36,単語,22,※ショパン,,蕭邦（波蘭的音樂家，1810～1849）,Noun,proper-noun,,,,,,,,,,,,,,,,,,,,,,,,,,,,,,,,,,,,,,
36,会話,1,おきゃくさま,お客様,顧客、客戶（「おきゃくさん」的尊敬語）,Noun,object,,,,,,,,,,,,,,,,,,,,,,,,,,,,,,,,,,,,,,
36,会話,2,とくべつ [な],特別 [な],特別,na-Adjective,descriptive,,,,,,,,,,,,,,,,,,,,,,,,,,,,,,,,,,,,,,
36,会話,3,して いらっしゃいます,,正在做～（「して います」的尊敬語）,Verb,v-other,I,していらっしゃう,,していらっしゃう,,していらっしゃいます,,していらっしゃいます,,していらっしゃいました,,していらっしゃいません,,していらっしゃって,,していらっしゃった,,していらっしゃわない,,していらっしゃわなかった,,していらっしゃわ,,していらっしゃえば,,していらっしゃえる,,していらっしゃわれる,,していらっしゃわせる,,していらっしゃわせられる,,していらっしゃえ,,していらっしゃおう,,inferred-group; no-kanji
36,会話,4,すいえい,水泳,游泳,Noun,hobby-sport,,,,,,,,,,,,,,,,,,,,,,,,,,,,,,,,,,,,,,
36,会話,5,ちがいます,違います,不同、不一樣,Verb,v-other,I,ちがう,違う,ちがう,違う,ちがいます,違います,ちがいます,違います,ちがいました,違いました,ちがいません,違いません,ちがって,違って,ちがった,違った,ちがわない,違わない,ちがわなかった,違わなかった,ちがわ,違わ,ちがえば,違えば,ちがえる,違える,ちがわれる,違われる,ちがわせる,違わせる,ちがわせられる,違わせられる,ちがえ,違え,ちがおう,違おう,
36,会話,6,つかって いらっしゃるんですね。,,使用～啊（「つかっているんですね」的尊敬語）,Phrase,expression,,,,,,,,,,,,,,,,,,,,,,,,,,,,,,,,,,,,,,
36,会話,7,チャレンジします,,挑戰,Verb,v-other,III,チャレンジする,,チャレンジする,,チャレンジします,,チャレンジします,,チャレンジしました,,チャレンジしません,,チャレンジして,,チャレンジした,,チャレンジしない,,チャレンジしなかった,,チャレンジし,,チャレンジすれば,,チャレンジできる,,チャレンジされる,,チャレンジさせる,,チャレンジさせられる,,チャレンジしろ,,チャレンジしよう,,irregular-override; no-kanji
36,会話,8,きもち,気持ち,心情、情緒,Noun,object,,,,,,,,,,,,,,,,,,,,,,,,,,,,,,,,,,,,,,
36,読み物,1,のりもの,乗り物,交通工具,Noun,transport,,,,,,,,,,,,,,,,,,,,,,,,,,,,,,,,,,,,,,
36,読み物,2,〜せいき,〜世紀,…世紀,Phrase,expression,,,,,,,,,,,,,,,,,,,,,,,,,,,,,,,,,,,,,,
36,読み物,3,とおく,遠く,遠處,Adverb,function,,,,,,,,,,,,,,,,,,,,,,,,,,,,,,,,,,,,,,
36,読み物,4,めずらしい,珍しい,珍奇、罕見,i-Adjective,descriptive,,,,,,,,,,,,,,,,,,,,,,,,,,,,,,,,,,,,,,
36,読み物,5,きしゃ,汽車,火車,Noun,transport,,,,,,,,,,,,,,,,,,,,,,,,,,,,,,,,,,,,,,
36,読み物,6,きせん,汽船,汽船,Noun,transport,,,,,,,,,,,,,,,,,,,,,,,,,,,,,,,,,,,,,,
36,読み物,7,おおぜいの 〜,大勢の 〜,很多的～（人）,Phrase,expression,,,,,,,,,,,,,,,,,,,,,,,,,,,,,,,,,,,,,,
36,読み物,8,はこびます,運びます,運送,Verb,v-other,I,はこぶ,運ぶ,はこぶ,運ぶ,はこびます,運びます,はこびます,運びます,はこびました,運びました,はこびません,運びません,はこんで,運んで,はこんだ,運んだ,はこばない,運ばない,はこばなかった,運ばなかった,はこば,運ば,はこべば,運べば,はこべる,運べる,はこばれる,運ばれる,はこばせる,運ばせる,はこばせられる,運ばせられる,はこべ,運べ,はこぼう,運ぼう,
36,読み物,9,りようします,利用します,利用,Verb,v-other,III,りようする,利用する,りようする,利用する,りようします,利用します,りようします,利用します,りようしました,利用しました,りようしません,利用しません,りようして,利用して,りようした,利用した,りようしない,利用しない,りようしなかった,利用しなかった,りようし,利用し,りようすれば,利用すれば,りようできる,利用できる,りようされる,利用される,りようさせる,利用させる,りようさせられる,利用させられる,りようしろ,利用しろ,りようしよう,利用しよう,irregular-override
36,読み物,10,じゆうに,自由に,自由地、隨意地,Adverb,function,,,,,,,,,,,,,,,,,,,,,,,,,,,,,,,,,,,,,,
37,単語,1,ほめます,褒めます Ⅱ,讚美、表揚,Verb,v-other,II,ほめる,褒める,ほめる,褒める,ほめます,褒めます,ほめます,褒めます,ほめました,褒めました,ほめません,褒めません,ほめて,褒めて,ほめた,褒めた,ほめない,褒めない,ほめなかった,褒めなかった,ほめ,褒め,ほめれば,褒めれば,ほめられる,褒められる,ほめられる,褒められる,ほめさせる,褒めさせる,ほめさせられる,褒めさせられる,ほめろ,褒めろ,ほめよう,褒めよう,
37,単語,2,しかります,,責罵,Verb,v-other,I,しかる,,しかる,,しかります,,しかります,,しかりました,,しかりません,,しかって,,しかった,,しからない,,しからなかった,,しから,,しかれば,,しかれる,,しかられる,,しからせる,,しからせられる,,しかれ,,しかろう,,no-kanji
37,単語,3,さそいます,誘います Ⅰ,邀請,Verb,v-communication,I,さそう,誘う,さそう,誘う,さそいます,誘います,さそいます,誘います,さそいました,誘いました,さそいません,誘いません,さそって,誘って,さそった,誘った,さそわない,誘わない,さそわなかった,誘わなかった,さそわ,誘わ,さそえば,誘えば,さそえる,誘える,さそわれる,誘われる,さそわせる,誘わせる,さそわせられる,誘わせられる,さそえ,誘え,さそおう,誘おう,
37,単語,4,しょうたいします,招待します Ⅲ,邀請,Verb,v-communication,III,しょうたいする,招待する,しょうたいする,招待する,しょうたいします,招待します,しょうたいします,招待します,しょうたいしました,招待しました,しょうたいしません,招待しません,しょうたいして,招待して,しょうたいした,招待した,しょうたいしない,招待しない,しょうたいしなかった,招待しなかった,しょうたいし,招待し,しょうたいすれば,招待すれば,しょうたいできる,招待できる,しょうたいされる,招待される,しょうたいさせる,招待させる,しょうたいさせられる,招待させられる,しょうたいしろ,招待しろ,しょうたいしよう,招待しよう,irregular-override
37,単語,5,たのみます,頼みます Ⅰ,請求、委託,Verb,v-other,I,たのむ,頼む,たのむ,頼む,たのみます,頼みます,たのみます,頼みます,たのみました,頼みました,たのみません,頼みません,たのんで,頼んで,たのんだ,頼んだ,たのまない,頼まない,たのまなかった,頼まなかった,たのま,頼ま,たのめば,頼めば,たのめる,頼める,たのまれる,頼まれる,たのませる,頼ませる,たのませられる,頼ませられる,たのめ,頼め,たのもう,頼もう,
37,単語,6,ちゅういします,注意します Ⅲ,提醒、警告,Verb,v-other,III,ちゅういする,注意する,ちゅういする,注意する,ちゅういします,注意します,ちゅういします,注意します,ちゅういしました,注意しました,ちゅういしません,注意しません,ちゅういして,注意して,ちゅういした,注意した,ちゅういしない,注意しない,ちゅういしなかった,注意しなかった,ちゅういし,注意し,ちゅういすれば,注意すれば,ちゅういできる,注意できる,ちゅういされる,注意される,ちゅういさせる,注意させる,ちゅういさせられる,注意させられる,ちゅういしろ,注意しろ,ちゅういしよう,注意しよう,irregular-override
37,単語,7,とります,,偷、搶,Verb,v-other,I,とる,,とる,,とります,,とります,,とりました,,とりません,,とって,,とった,,とらない,,とらなかった,,とら,,とれば,,とれる,,とられる,,とらせる,,とらせられる,,とれ,,とろう,,no-kanji
37,単語,8,ふみます,踏みます Ⅰ,踩,Verb,v-other,I,ふむ,踏む,ふむ,踏む,ふみます,踏みます,ふみます,踏みます,ふみました,踏みました,ふみません,踏みません,ふんで,踏んで,ふんだ,踏んだ,ふまない,踏まない,ふまなかった,踏まなかった,ふま,踏ま,ふめば,踏めば,ふめる,踏める,ふまれる,踏まれる,ふませる,踏ませる,ふませられる,踏ませられる,ふめ,踏め,ふもう,踏もう,
37,単語,9,こわします,壊します Ⅰ,弄壞,Verb,v-change,I,こわす,壊す,こわす,壊す,こわします,壊します,こわします,壊します,こわしました,壊しました,こわしません,壊しません,こわして,壊して,こわした,壊した,こわさない,壊さない,こわさなかった,壊さなかった,こわさ,壊さ,こわせば,壊せば,こわせる,壊せる,こわされる,壊される,こわさせる,壊させる,こわさせられる,壊させられる,こわせ,壊せ,こわそう,壊そう,
37,単語,10,よごします,汚します Ⅰ,弄髒,Verb,v-change,I,よごす,汚す,よごす,汚す,よごします,汚します,よごします,汚します,よごしました,汚しました,よごしません,汚しません,よごして,汚して,よごした,汚した,よごさない,汚さない,よごさなかった,汚さなかった,よごさ,汚さ,よごせば,汚せば,よごせる,汚せる,よごされる,汚される,よごさせる,汚させる,よごさせられる,汚させられる,よごせ,汚せ,よごそう,汚そう,
37,単語,11,おこないます,行います Ⅰ,舉行、舉辦,Verb,v-other,I,おこなう,行う,おこなう,行う,おこないます,行います,おこないます,行います,おこないました,行いました,おこないません,行いません,おこなって,行って,おこなった,行った,おこなわない,行わない,おこなわなかった,行わなかった,おこなわ,行わ,おこなえば,行えば,おこなえる,行える,おこなわれる,行われる,おこなわせる,行わせる,おこなわせられる,行わせられる,おこなえ,行え,おこなおう,行おう,
37,単語,12,ゆしゅつします,輸出します Ⅲ,出口,Verb,v-other,III,ゆしゅつする,輸出する,ゆしゅつする,輸出する,ゆしゅつします,輸出します,ゆしゅつします,輸出します,ゆしゅつしました,輸出しました,ゆしゅつしません,輸出しません,ゆしゅつして,輸出して,ゆしゅつした,輸出した,ゆしゅつしない,輸出しない,ゆしゅつしなかった,輸出しなかった,ゆしゅつし,輸出し,ゆしゅつすれば,輸出すれば,ゆしゅつできる,輸出できる,ゆしゅつされる,輸出される,ゆしゅつさせる,輸出させる,ゆしゅつさせられる,輸出させられる,ゆしゅつしろ,輸出しろ,ゆしゅつしよう,輸出しよう,irregular-override
37,単語,13,ゆにゅうします,輸入します Ⅲ,進口,Verb,v-other,III,ゆにゅうする,輸入する,ゆにゅうする,輸入する,ゆにゅうします,輸入します,ゆにゅうします,輸入します,ゆにゅうしました,輸入しました,ゆにゅうしません,輸入しません,ゆにゅうして,輸入して,ゆにゅうした,輸入した,ゆにゅうしない,輸入しない,ゆにゅうしなかった,輸入しなかった,ゆにゅうし,輸入し,ゆにゅうすれば,輸入すれば,ゆにゅうできる,輸入できる,ゆにゅうされる,輸入される,ゆにゅうさせる,輸入させる,ゆにゅうさせられる,輸入させられる,ゆにゅうしろ,輸入しろ,ゆにゅうしよう,輸入しよう,irregular-override
37,単語,14,ほんやくします,翻訳します Ⅲ,翻譯,Verb,v-communication,III,ほんやくする,翻訳する,ほんやくする,翻訳する,ほんやくします,翻訳します,ほんやくします,翻訳します,ほんやくしました,翻訳しました,ほんやくしません,翻訳しません,ほんやくして,翻訳して,ほんやくした,翻訳した,ほんやくしない,翻訳しない,ほんやくしなかった,翻訳しなかった,ほんやくし,翻訳し,ほんやくすれば,翻訳すれば,ほんやくできる,翻訳できる,ほんやくされる,翻訳される,ほんやくさせる,翻訳させる,ほんやくさせられる,翻訳させられる,ほんやくしろ,翻訳しろ,ほんやくしよう,翻訳しよう,irregular-override
37,単語,15,はつめいします,発明します Ⅲ,發明,Verb,v-other,III,はつめいする,発明する,はつめいする,発明する,はつめいします,発明します,はつめいします,発明します,はつめいしました,発明しました,はつめいしません,発明しません,はつめいして,発明して,はつめいした,発明した,はつめいしない,発明しない,はつめいしなかった,発明しなかった,はつめいし,発明し,はつめいすれば,発明すれば,はつめいできる,発明できる,はつめいされる,発明される,はつめいさせる,発明させる,はつめいさせられる,発明させられる,はつめいしろ,発明しろ,はつめいしよう,発明しよう,irregular-override
37,単語,16,はっけんします,発見します Ⅲ,發現,Verb,v-thinking,III,はっけんする,発見する,はっけんする,発見する,はっけんします,発見します,はっけんします,発見します,はっけんしました,発見しました,はっけんしません,発見しません,はっけんして,発見して,はっけんした,発見した,はっけんしない,発見しない,はっけんしなかった,発見しなかった,はっけんし,発見し,はっけんすれば,発見すれば,はっけんできる,発見できる,はっけんされる,発見される,はっけんさせる,発見させる,はっけんさせられる,発見させられる,はっけんしろ,発見しろ,はっけんしよう,発見しよう,irregular-override
37,単語,17,こめ*,米,稻米,Noun,object,,,,,,,,,,,,,,,,,,,,,,,,,,,,,,,,,,,,,,
37,単語,18,むぎ,麦,麥子,Noun,object,,,,,,,,,,,,,,,,,,,,,,,,,,,,,,,,,,,,,,
37,単語,19,せきゆ,石油,石油,Noun,object,,,,,,,,,,,,,,,,,,,,,,,,,,,,,,,,,,,,,,
37,単語,20,げんりょう,原料,原料,Noun,object,,,,,,,,,,,,,,,,,,,,,,,,,,,,,,,,,,,,,,
37,単語,21,インスタントラーメン,,泡麵、速食麵,Noun,food-drink,,,,,,,,,,,,,,,,,,,,,,,,,,,,,,,,,,,,,,
37,単語,22,デート,,約會,Noun,object,,,,,,,,,,,,,,,,,,,,,,,,,,,,,,,,,,,,,,
37,単語,23,どろぼう,泥棒,小偷,Noun,object,,,,,,,,,,,,,,,,,,,,,,,,,,,,,,,,,,,,,,
37,単語,24,けいかん,警官,警官,Noun,object,,,,,,,,,,,,,,,,,,,,,,,,,,,,,,,,,,,,,,
37,単語,25,せかいじゅう,世界中,全世界,Phrase,expression,,,,,,,,,,,,,,,,,,,,,,,,,,,,,,,,,,,,,,
37,単語,26,〜じゅう,〜中,全～、整個～,Phrase,expression,,,,,,,,,,,,,,,,,,,,,,,,,,,,,,,,,,,,,,
37,単語,27,〜せいき,〜世紀,…世紀,Phrase,expression,,,,,,,,,,,,,,,,,,,,,,,,,,,,,,,,,,,,,,
37,単語,28,なにご,何語,哪種語言,Noun,language-study,,,,,,,,,,,,,,,,,,,,,,,,,,,,,,,,,,,,,,
37,単語,29,だれか,誰か,有誰,Noun,object,,,,,,,,,,,,,,,,,,,,,,,,,,,,,,,,,,,,,,
37,単語,30,よかったですね。,,太好了。,Phrase,expression,,,,,,,,,,,,,,,,,,,,,,,,,,,,,,,,,,,,,,
37,単語,31,※オリンピック,,奧林匹克運動會,Noun,proper-noun,,,,,,,,,,,,,,,,,,,,,,,,,,,,,,,,,,,,,,
37,単語,32,※ワールドカップ,,世界杯,Noun,proper-noun,,,,,,,,,,,,,,,,,,,,,,,,,,,,,,,,,,,,,,
37,単語,33,※とうだいじ,東大寺,東大寺,Noun,proper-noun,,,,,,,,,,,,,,,,,,,,,,,,,,,,,,,,,,,,,,
37,単語,34,※だいぶつ,大仏,大佛,Noun,proper-noun,,,,,,,,,,,,,,,,,,,,,,,,,,,,,,,,,,,,,,
37,単語,35,※えどじだい,江戸時代,江戶時代（1603～1868）,Noun,proper-noun,,,,,,,,,,,,,,,,,,,,,,,,,,,,,,,,,,,,,,
37,単語,36,※ポルトガル,,葡萄牙,Noun,proper-noun,,,,,,,,,,,,,,,,,,,,,,,,,,,,,,,,,,,,,,
37,単語,37,※サウジアラビア,,沙烏地阿拉伯,Noun,proper-noun,,,,,,,,,,,,,,,,,,,,,,,,,,,,,,,,,,,,,,
37,単語,38,※ロシア,,俄羅斯,Noun,proper-noun,,,,,,,,,,,,,,,,,,,,,,,,,,,,,,,,,,,,,,
37,会話,1,みなさま,皆様,各位（「みなさん」的尊敬語）,Noun,object,,,,,,,,,,,,,,,,,,,,,,,,,,,,,,,,,,,,,,
37,会話,2,やけます [うちが〜],焼けます Ⅱ,〔房子〕起火、燃燒,Verb,v-change,II,やける,焼ける,やける,焼ける,やけます,焼けます,やけます,焼けます,やけました,焼けました,やけません,焼けません,やけて,焼けて,やけた,焼けた,やけない,焼けない,やけなかった,焼けなかった,やけ,焼け,やければ,焼ければ,やけられる,焼けられる,やけられる,焼けられる,やけさせる,焼けさせる,やけさせられる,焼けさせられる,やけろ,焼けろ,やけよう,焼けよう,
37,会話,3,そのご,その後,之後、後來,Phrase,expression,,,,,,,,,,,,,,,,,,,,,,,,,,,,,,,,,,,,,,
37,会話,4,せかいいさん,世界遺産,世界遺產,Noun,nature-weather,,,,,,,,,,,,,,,,,,,,,,,,,,,,,,,,,,,,,,
37,会話,5,〜の ひとつ,〜の 一つ,～之一,Phrase,expression,,,,,,,,,,,,,,,,,,,,,,,,,,,,,,,,,,,,,,
37,会話,6,きんいろ,金色,金色,Noun,object,,,,,,,,,,,,,,,,,,,,,,,,,,,,,,,,,,,,,,
37,会話,7,ほんもの,本物,真貨、真的,Noun,object,,,,,,,,,,,,,,,,,,,,,,,,,,,,,,,,,,,,,,
37,会話,8,きん,金,金子,Noun,object,,,,,,,,,,,,,,,,,,,,,,,,,,,,,,,,,,,,,,
37,会話,9,〜キロ,,…公斤、…公里,Phrase,expression,,,,,,,,,,,,,,,,,,,,,,,,,,,,,,,,,,,,,,
37,会話,10,うつくしい,美しい,美麗、好看,i-Adjective,descriptive,,,,,,,,,,,,,,,,,,,,,,,,,,,,,,,,,,,,,,
37,読み物,1,ごうか [な],豪華 [な],豪華,na-Adjective,descriptive,,,,,,,,,,,,,,,,,,,,,,,,,,,,,,,,,,,,,,
37,読み物,2,ちょうこく,彫刻,雕刻,Noun,abstract,,,,,,,,,,,,,,,,,,,,,,,,,,,,,,,,,,,,,,
37,読み物,3,いいつたえ,言い伝え,傳說,Noun,object,,,,,,,,,,,,,,,,,,,,,,,,,,,,,,,,,,,,,,
37,読み物,4,ねむります,眠ります Ⅰ,睡、睡眠,Verb,v-daily,I,ねむる,眠る,ねむる,眠る,ねむります,眠ります,ねむります,眠ります,ねむりました,眠りました,ねむりません,眠りません,ねむって,眠って,ねむった,眠った,ねむらない,眠らない,ねむらなかった,眠らなかった,ねむら,眠ら,ねむれば,眠れば,ねむれる,眠れる,ねむられる,眠られる,ねむらせる,眠らせる,ねむらせられる,眠らせられる,ねむれ,眠れ,ねむろう,眠ろう,
37,読み物,5,ほります,彫ります Ⅰ,雕,Verb,v-other,I,ほる,彫る,ほる,彫る,ほります,彫ります,ほります,彫ります,ほりました,彫りました,ほりません,彫りません,ほって,彫って,ほった,彫った,ほらない,彫らない,ほらなかった,彫らなかった,ほら,彫ら,ほれば,彫れば,ほれる,彫れる,ほられる,彫られる,ほらせる,彫らせる,ほらせられる,彫らせられる,ほれ,彫れ,ほろう,彫ろう,
37,読み物,6,なかま,仲間,朋友、夥伴,Noun,object,,,,,,,,,,,,,,,,,,,,,,,,,,,,,,,,,,,,,,
37,読み物,7,しかし,,但是,Conjunction,function,,,,,,,,,,,,,,,,,,,,,,,,,,,,,,,,,,,,,,
37,読み物,8,その あと,,之後、後來,Phrase,expression,,,,,,,,,,,,,,,,,,,,,,,,,,,,,,,,,,,,,,
37,読み物,9,いっしょうけんめい,一生懸命,努力、拚命,Phrase,expression,,,,,,,,,,,,,,,,,,,,,,,,,,,,,,,,,,,,,,
37,読み物,10,ねずみ,,老鼠,Noun,object,,,,,,,,,,,,,,,,,,,,,,,,,,,,,,,,,,,,,,
37,読み物,11,いっぴきも いません。,一匹も いません。,一隻也沒有。,Phrase,expression,,,,,,,,,,,,,,,,,,,,,,,,,,,,,,,,,,,,,,
37,読み物,12,※とうしょうぐう,東照宮,東照宮（位於栃木縣日光，祭祀德川家康的神社）,Noun,proper-noun,,,,,,,,,,,,,,,,,,,,,,,,,,,,,,,,,,,,,,
37,読み物,13,※ねむりねこ,眠り猫,睡貓（雕刻的名稱）,Noun,proper-noun,,,,,,,,,,,,,,,,,,,,,,,,,,,,,,,,,,,,,,
37,読み物,14,※ひだりじんごろう,左甚五郎,左甚五郎（江戶時代的著名雕刻家，1594～1651）,Noun,proper-noun,,,,,,,,,,,,,,,,,,,,,,,,,,,,,,,,,,,,,,
38,単語,1,さんかします [りょこうに〜],参加します Ⅲ [旅行に〜],參加〔旅行〕,Verb,v-workstudy,III,さんかする,参加する,さんかする,参加する,さんかします,参加します,さんかします,参加します,さんかしました,参加しました,さんかしません,参加しません,さんかして,参加して,さんかした,参加した,さんかしない,参加しない,さんかしなかった,参加しなかった,さんかし,参加し,さんかすれば,参加すれば,さんかできる,参加できる,さんかされる,参加される,さんかさせる,参加させる,さんかさせられる,参加させられる,さんかしろ,参加しろ,さんかしよう,参加しよう,irregular-override
38,単語,2,そだてます,育てます Ⅱ,培育、撫養,Verb,v-other,II,そだてる,育てる,そだてる,育てる,そだてます,育てます,そだてます,育てます,そだてました,育てました,そだてません,育てません,そだてて,育てて,そだてた,育てた,そだてない,育てない,そだてなかった,育てなかった,そだて,育て,そだてれば,育てれば,そだてられる,育てられる,そだてられる,育てられる,そだてさせる,育てさせる,そだてさせられる,育てさせられる,そだてろ,育てろ,そだてよう,育てよう,
38,単語,3,はこびます,運びます Ⅰ,搬、搬運,Verb,v-other,I,はこぶ,運ぶ,はこぶ,運ぶ,はこびます,運びます,はこびます,運びます,はこびました,運びました,はこびません,運びません,はこんで,運んで,はこんだ,運んだ,はこばない,運ばない,はこばなかった,運ばなかった,はこば,運ば,はこべば,運べば,はこべる,運べる,はこばれる,運ばれる,はこばせる,運ばせる,はこばせられる,運ばせられる,はこべ,運べ,はこぼう,運ぼう,
38,単語,4,にゅういんします,入院します Ⅲ,住院,Verb,v-other,III,にゅういんする,入院する,にゅういんする,入院する,にゅういんします,入院します,にゅういんします,入院します,にゅういんしました,入院しました,にゅういんしません,入院しません,にゅういんして,入院して,にゅういんした,入院した,にゅういんしない,入院しない,にゅういんしなかった,入院しなかった,にゅういんし,入院し,にゅういんすれば,入院すれば,にゅういんできる,入院できる,にゅういんされる,入院される,にゅういんさせる,入院させる,にゅういんさせられる,入院させられる,にゅういんしろ,入院しろ,にゅういんしよう,入院しよう,irregular-override
38,単語,5,たいいんします,退院します Ⅲ,出院,Verb,v-other,III,たいいんする,退院する,たいいんする,退院する,たいいんします,退院します,たいいんします,退院します,たいいんしました,退院しました,たいいんしません,退院しません,たいいんして,退院して,たいいんした,退院した,たいいんしない,退院しない,たいいんしなかった,退院しなかった,たいいんし,退院し,たいいんすれば,退院すれば,たいいんできる,退院できる,たいいんされる,退院される,たいいんさせる,退院させる,たいいんさせられる,退院させられる,たいいんしろ,退院しろ,たいいんしよう,退院しよう,irregular-override
38,単語,6,いれます * [でんげんを〜],入れます Ⅱ* [電源を〜],打開〔電源〕,Verb,v-other,II,いれる,入れる,いれる,入れる,いれます,入れます,いれます,入れます,いれました,入れました,いれません,入れません,いれて,入れて,いれた,入れた,いれない,入れない,いれなかった,入れなかった,いれ,入れ,いれれば,入れれば,いれられる,入れられる,いれられる,入れられる,いれさせる,入れさせる,いれさせられる,入れさせられる,いれろ,入れろ,いれよう,入れよう,
38,単語,7,きります [でんげんを〜],切ります Ⅰ [電源を〜],關上〔電源〕,Verb,v-other,I,きる,切る,きる,切る,きります,切ります,きります,切ります,きりました,切りました,きりません,切りません,きって,切って,きった,切った,きらない,切らない,きらなかった,切らなかった,きら,切ら,きれば,切れば,きれる,切れる,きられる,切られる,きらせる,切らせる,きらせられる,切らせられる,きれ,切れ,きろう,切ろう,
38,単語,8,かけます [かぎを〜],掛けます Ⅱ,上〔鎖〕,Verb,v-other,II,かける,掛ける,かける,掛ける,かけます,掛けます,かけます,掛けます,かけました,掛けました,かけません,掛けません,かけて,掛けて,かけた,掛けた,かけない,掛けない,かけなかった,掛けなかった,かけ,掛け,かければ,掛ければ,かけられる,掛けられる,かけられる,掛けられる,かけさせる,掛けさせる,かけさせられる,掛けさせられる,かけろ,掛けろ,かけよう,掛けよう,
38,単語,9,つきます [うそを〜],,說〔謊〕,Verb,v-communication,I,つく,,つく,,つきます,,つきます,,つきました,,つきません,,ついて,,ついた,,つかない,,つかなかった,,つか,,つけば,,つける,,つかれる,,つかせる,,つかせられる,,つけ,,つこう,,no-kanji
38,単語,10,きもちが いい,気持ちが いい,舒服,Phrase,expression,,,,,,,,,,,,,,,,,,,,,,,,,,,,,,,,,,,,,,
38,単語,11,きもちが わるい*,気持ちが 悪い,不舒服,Phrase,expression,,,,,,,,,,,,,,,,,,,,,,,,,,,,,,,,,,,,,,
38,単語,12,おおきな 〜,大きな 〜,大的～,Prenominal,function,,,,,,,,,,,,,,,,,,,,,,,,,,,,,,,,,,,,,,
38,単語,13,ちいさな 〜,小さな 〜,小的～,Prenominal,function,,,,,,,,,,,,,,,,,,,,,,,,,,,,,,,,,,,,,,
38,単語,14,あかちゃん,赤ちゃん,嬰兒,Noun,object,,,,,,,,,,,,,,,,,,,,,,,,,,,,,,,,,,,,,,
38,単語,15,しょうがっこう,小学校,小學,Noun,object,,,,,,,,,,,,,,,,,,,,,,,,,,,,,,,,,,,,,,
38,単語,16,ちゅうがっこう*,中学校,中學,Noun,object,,,,,,,,,,,,,,,,,,,,,,,,,,,,,,,,,,,,,,
38,単語,17,えきまえ,駅前,車站前,Noun,place,,,,,,,,,,,,,,,,,,,,,,,,,,,,,,,,,,,,,,
38,単語,18,かいがん,海岸,海岸,Noun,nature-weather,,,,,,,,,,,,,,,,,,,,,,,,,,,,,,,,,,,,,,
38,単語,19,こうじょう,工場,工廠,Noun,place,,,,,,,,,,,,,,,,,,,,,,,,,,,,,,,,,,,,,,
38,単語,20,むら,村,村、村莊,Noun,object,,,,,,,,,,,,,,,,,,,,,,,,,,,,,,,,,,,,,,
38,単語,21,かな,,假名（日文字母）,Phrase,expression,,,,,,,,,,,,,,,,,,,,,,,,,,,,,,,,,,,,,,
38,単語,22,ゆびわ,指輪,戒指,Noun,object,,,,,,,,,,,,,,,,,,,,,,,,,,,,,,,,,,,,,,
38,単語,23,でんげん,電源,電源,Noun,object,,,,,,,,,,,,,,,,,,,,,,,,,,,,,,,,,,,,,,
38,単語,24,しゅうかん,習慣,習慣,Noun,object,,,,,,,,,,,,,,,,,,,,,,,,,,,,,,,,,,,,,,
38,単語,25,けんこう,健康,健康,Noun,object,,,,,,,,,,,,,,,,,,,,,,,,,,,,,,,,,,,,,,
38,単語,26,〜せい,〜製,～製造,Suffix,function,,,,,,,,,,,,,,,,,,,,,,,,,,,,,,,,,,,,,,
38,単語,27,おととし,一昨年,前年,Noun,position,,,,,,,,,,,,,,,,,,,,,,,,,,,,,,,,,,,,,,
38,単語,28,[あ、] いけない。,,〔啊，〕糟了。（用於做錯了什麼事的時候）,Phrase,expression,,,,,,,,,,,,,,,,,,,,,,,,,,,,,,,,,,,,,,
38,単語,29,おさきに [しつれいします]。,お先に [失礼します]。,我先告辭了。／我先走了。,Phrase,greeting,,,,,,,,,,,,,,,,,,,,,,,,,,,,,,,,,,,,,,
38,単語,30,※げんばくドーム,原爆ドーム,廣島原爆爆炸紀念館（為紀念美軍投擲原子彈而設置的紀念館）,Noun,proper-noun,,,,,,,,,,,,,,,,,,,,,,,,,,,,,,,,,,,,,,
38,単語,31,※いずもたいしゃ,出雲大社,出雲大社（位於島根縣出雲市的著名神社）,Phrase,proper-noun,,,,,,,,,,,,,,,,,,,,,,,,,,,,,,,,,,,,,,
38,単語,32,※チェンマイ,,清邁（泰國）,Noun,proper-noun,,,,,,,,,,,,,,,,,,,,,,,,,,,,,,,,,,,,,,
38,会話,1,かいらん,回覧,通知、傳閱,Noun,communication,,,,,,,,,,,,,,,,,,,,,,,,,,,,,,,,,,,,,,
38,会話,2,けんきゅうしつ,研究室,研究室,Noun,language-study,,,,,,,,,,,,,,,,,,,,,,,,,,,,,,,,,,,,,,
38,会話,3,きちんと,,整齊地,Adverb,function,,,,,,,,,,,,,,,,,,,,,,,,,,,,,,,,,,,,,,
38,会話,4,せいりします,整理します Ⅲ,整理、收拾,Verb,v-other,III,せいりする,整理する,せいりする,整理する,せいりします,整理します,せいりします,整理します,せいりしました,整理しました,せいりしません,整理しません,せいりして,整理して,せいりした,整理した,せいりしない,整理しない,せいりしなかった,整理しなかった,せいりし,整理し,せいりすれば,整理すれば,せいりできる,整理できる,せいりされる,整理される,せいりさせる,整理させる,せいりさせられる,整理させられる,せいりしろ,整理しろ,せいりしよう,整理しよう,irregular-override
38,会話,5,ほうほう,方法,方法,Noun,abstract,,,,,,,,,,,,,,,,,,,,,,,,,,,,,,,,,,,,,,
38,会話,6,〜と いう,,叫～、名為～,Phrase,expression,,,,,,,,,,,,,,,,,,,,,,,,,,,,,,,,,,,,,,
38,会話,7,〜さつ,〜冊,…本…冊,Noun,object,,,,,,,,,,,,,,,,,,,,,,,,,,,,,,,,,,,,,,
38,会話,8,はんこ,,章、印章,Noun,object,,,,,,,,,,,,,,,,,,,,,,,,,,,,,,,,,,,,,,
38,会話,9,おします [はんこを〜],押します Ⅰ [はんこを〜],蓋〔章〕,Verb,v-handling,I,おす,押す,おす,押す,おします,押します,おします,押します,おしました,押しました,おしません,押しません,おして,押して,おした,押した,おさない,押さない,おさなかった,押さなかった,おさ,押さ,おせば,押せば,おせる,押せる,おされる,押される,おさせる,押させる,おさせられる,押させられる,おせ,押せ,おそう,押そう,
38,読み物,1,ふたご,双子,雙胞胎,Noun,object,,,,,,,,,,,,,,,,,,,,,,,,,,,,,,,,,,,,,,
38,読み物,2,しまい,姉妹,姊妹,Noun,family,,,,,,,,,,,,,,,,,,,,,,,,,,,,,,,,,,,,,,
38,読み物,3,５ねんせい,5年生,五年級學生,Noun,occupation,,,,,,,,,,,,,,,,,,,,,,,,,,,,,,,,,,,,,,
38,読み物,4,にています,似ています Ⅱ,相似、相像,Phrase,expression,II,,,,,,,,,,,,,,,,,,,,,,,,,,,,,,,,,,,,,
38,読み物,5,せいかく,性格,性格,Noun,object,,,,,,,,,,,,,,,,,,,,,,,,,,,,,,,,,,,,,,
38,読み物,6,おとなしい,,文靜、老實、溫順,i-Adjective,descriptive,,,,,,,,,,,,,,,,,,,,,,,,,,,,,,,,,,,,,,
38,読み物,7,やさしい,優しい,溫柔、親切,i-Adjective,descriptive,,,,,,,,,,,,,,,,,,,,,,,,,,,,,,,,,,,,,,
38,読み物,8,せわを します,世話を します Ⅲ,照顧、照料,Phrase,expression,III,,,,,,,,,,,,,,,,,,,,,,,,,,,,,,,,,,,,,
38,読み物,9,じかんが たちます,時間が たちます Ⅰ,時間流逝,Phrase,expression,I,,,,,,,,,,,,,,,,,,,,,,,,,,,,,,,,,,,,,
38,読み物,10,だいすき [な],大好き [な],非常喜歡,na-Adjective,descriptive,,,,,,,,,,,,,,,,,,,,,,,,,,,,,,,,,,,,,,
38,読み物,11,〜てん,〜点,…分（考試的分數）,Phrase,expression,,,,,,,,,,,,,,,,,,,,,,,,,,,,,,,,,,,,,,
38,読み物,12,きが つよい,気が 強い,好強、剛強,Phrase,expression,,,,,,,,,,,,,,,,,,,,,,,,,,,,,,,,,,,,,,
38,読み物,13,けんかします,,吵架、打架,Verb,v-other,III,けんかする,,けんかする,,けんかします,,けんかします,,けんかしました,,けんかしません,,けんかして,,けんかした,,けんかしない,,けんかしなかった,,けんかし,,けんかすれば,,けんかできる,,けんかされる,,けんかさせる,,けんかさせられる,,けんかしろ,,けんかしよう,,irregular-override; no-kanji
38,読み物,14,ふしぎ [な],不思議 [な],不可思議,na-Adjective,descriptive,,,,,,,,,,,,,,,,,,,,,,,,,,,,,,,,,,,,,,
38,読み物,15,ねんれい,年齢,年齡,Noun,object,,,,,,,,,,,,,,,,,,,,,,,,,,,,,,,,,,,,,,
38,読み物,16,しかた,仕方,方法、辦法,Noun,abstract,,,,,,,,,,,,,,,,,,,,,,,,,,,,,,,,,,,,,,
39,単語,1,こたえます [しつもんに〜],答えます Ⅱ [質問に〜],回答〔問題〕,Verb,v-motion,II,こたえる,答える,こたえる,答える,こたえます,答えます,こたえます,答えます,こたえました,答えました,こたえません,答えません,こたえて,答えて,こたえた,答えた,こたえない,答えない,こたえなかった,答えなかった,こたえ,答え,こたえれば,答えれば,こたえられる,答えられる,こたえられる,答えられる,こたえさせる,答えさせる,こたえさせられる,答えさせられる,こたえろ,答えろ,こたえよう,答えよう,
39,単語,2,たおれます [ビルが〜],倒れます Ⅱ [ビルが〜],〔大樓〕倒塌,Verb,v-change,II,たおれる,倒れる,たおれる,倒れる,たおれます,倒れます,たおれます,倒れます,たおれました,倒れました,たおれません,倒れません,たおれて,倒れて,たおれた,倒れた,たおれない,倒れない,たおれなかった,倒れなかった,たおれ,倒れ,たおれれば,倒れれば,たおれられる,倒れられる,たおれられる,倒れられる,たおれさせる,倒れさせる,たおれさせられる,倒れさせられる,たおれろ,倒れろ,たおれよう,倒れよう,
39,単語,3,とおります [みちを〜],通ります Ⅰ [道を〜],通過、過〔街道〕,Verb,v-motion,I,とおる,通る,とおる,通る,とおります,通ります,とおります,通ります,とおりました,通りました,とおりません,通りません,とおって,通って,とおった,通った,とおらない,通らない,とおらなかった,通らなかった,とおら,通ら,とおれば,通れば,とおれる,通れる,とおられる,通られる,とおらせる,通らせる,とおらせられる,通らせられる,とおれ,通れ,とおろう,通ろう,
39,単語,4,しにます,死にます Ⅰ,死,Verb,v-other,I,しぬ,死ぬ,しぬ,死ぬ,しにます,死にます,しにます,死にます,しにました,死にました,しにません,死にません,しんで,死んで,しんだ,死んだ,しなない,死なない,しななかった,死ななかった,しな,死な,しねば,死ねば,しねる,死ねる,しなれる,死なれる,しなせる,死なせる,しなせられる,死なせられる,しね,死ね,しのう,死のう,
39,単語,5,びっくりします,,吃驚,Verb,v-daily,III,びっくりする,,びっくりする,,びっくりします,,びっくりします,,びっくりしました,,びっくりしません,,びっくりして,,びっくりした,,びっくりしない,,びっくりしなかった,,びっくりし,,びっくりすれば,,びっくりできる,,びっくりされる,,びっくりさせる,,びっくりさせられる,,びっくりしろ,,びっくりしよう,,irregular-override; no-kanji
39,単語,6,がっかりします,,失望,Verb,v-other,III,がっかりする,,がっかりする,,がっかりします,,がっかりします,,がっかりしました,,がっかりしません,,がっかりして,,がっかりした,,がっかりしない,,がっかりしなかった,,がっかりし,,がっかりすれば,,がっかりできる,,がっかりされる,,がっかりさせる,,がっかりさせられる,,がっかりしろ,,がっかりしよう,,irregular-override; no-kanji
39,単語,7,あんしんします,安心します Ⅲ,安心、放心,Verb,v-handling,III,あんしんする,安心する,あんしんする,安心する,あんしんします,安心します,あんしんします,安心します,あんしんしました,安心しました,あんしんしません,安心しません,あんしんして,安心して,あんしんした,安心した,あんしんしない,安心しない,あんしんしなかった,安心しなかった,あんしんし,安心し,あんしんすれば,安心すれば,あんしんできる,安心できる,あんしんされる,安心される,あんしんさせる,安心させる,あんしんさせられる,安心させられる,あんしんしろ,安心しろ,あんしんしよう,安心しよう,irregular-override
39,単語,8,けんかします,,吵架、打架,Verb,v-other,III,けんかする,,けんかする,,けんかします,,けんかします,,けんかしました,,けんかしません,,けんかして,,けんかした,,けんかしない,,けんかしなかった,,けんかし,,けんかすれば,,けんかできる,,けんかされる,,けんかさせる,,けんかさせられる,,けんかしろ,,けんかしよう,,irregular-override; no-kanji
39,単語,9,りこんします,離婚します Ⅲ,離婚,Verb,v-other,III,りこんする,離婚する,りこんする,離婚する,りこんします,離婚します,りこんします,離婚します,りこんしました,離婚しました,りこんしません,離婚しません,りこんして,離婚して,りこんした,離婚した,りこんしない,離婚しない,りこんしなかった,離婚しなかった,りこんし,離婚し,りこんすれば,離婚すれば,りこんできる,離婚できる,りこんされる,離婚される,りこんさせる,離婚させる,りこんさせられる,離婚させられる,りこんしろ,離婚しろ,りこんしよう,離婚しよう,irregular-override
39,単語,10,ふとります,太ります Ⅰ,胖,Verb,v-other,I,ふとる,太る,ふとる,太る,ふとります,太ります,ふとります,太ります,ふとりました,太りました,ふとりません,太りません,ふとって,太って,ふとった,太った,ふとらない,太らない,ふとらなかった,太らなかった,ふとら,太ら,ふとれば,太れば,ふとれる,太れる,ふとられる,太られる,ふとらせる,太らせる,ふとらせられる,太らせられる,ふとれ,太れ,ふとろう,太ろう,
39,単語,11,やせます *,,瘦,Verb,v-other,II,やせる,,やせる,,やせます,,やせます,,やせました,,やせません,,やせて,,やせた,,やせない,,やせなかった,,やせ,,やせれば,,やせられる,,やせられる,,やせさせる,,やせさせられる,,やせろ,,やせよう,,no-kanji
39,単語,12,ふくざつ [な],複雑 [な],複雜,na-Adjective,descriptive,,,,,,,,,,,,,,,,,,,,,,,,,,,,,,,,,,,,,,
39,単語,13,じゃま [な],邪魔 [な],妨礙、打攪,na-Adjective,descriptive,,,,,,,,,,,,,,,,,,,,,,,,,,,,,,,,,,,,,,
39,単語,14,かたい,硬い,硬、堅硬,i-Adjective,descriptive,,,,,,,,,,,,,,,,,,,,,,,,,,,,,,,,,,,,,,
39,単語,15,やわらかい*,軟らかい,軟、柔軟,i-Adjective,descriptive,,,,,,,,,,,,,,,,,,,,,,,,,,,,,,,,,,,,,,
39,単語,16,きたない,汚い,髒、骯髒,i-Adjective,descriptive,,,,,,,,,,,,,,,,,,,,,,,,,,,,,,,,,,,,,,
39,単語,17,うれしい,,高興,i-Adjective,descriptive,,,,,,,,,,,,,,,,,,,,,,,,,,,,,,,,,,,,,,
39,単語,18,かなしい,悲しい,悲傷,i-Adjective,descriptive,,,,,,,,,,,,,,,,,,,,,,,,,,,,,,,,,,,,,,
39,単語,19,はずかしい,恥ずかしい,害羞、不好意思,i-Adjective,descriptive,,,,,,,,,,,,,,,,,,,,,,,,,,,,,,,,,,,,,,
39,単語,20,しゅしょう,首相,首相,Noun,object,,,,,,,,,,,,,,,,,,,,,,,,,,,,,,,,,,,,,,
39,単語,21,じしん,地震,地震,Noun,object,,,,,,,,,,,,,,,,,,,,,,,,,,,,,,,,,,,,,,
39,単語,22,つなみ,津波,海嘯,Noun,nature-weather,,,,,,,,,,,,,,,,,,,,,,,,,,,,,,,,,,,,,,
39,単語,23,たいふう,台風,颱風,Noun,object,,,,,,,,,,,,,,,,,,,,,,,,,,,,,,,,,,,,,,
39,単語,24,かみなり,雷,雷,Noun,object,,,,,,,,,,,,,,,,,,,,,,,,,,,,,,,,,,,,,,
39,単語,25,かじ,火事,火災,Noun,nature-weather,,,,,,,,,,,,,,,,,,,,,,,,,,,,,,,,,,,,,,
39,単語,26,じこ,事故,事故,Noun,abstract,,,,,,,,,,,,,,,,,,,,,,,,,,,,,,,,,,,,,,
39,単語,27,ハイキング,,遠足、徒步旅行,Noun,hobby-sport,,,,,,,,,,,,,,,,,,,,,,,,,,,,,,,,,,,,,,
39,単語,28,[お]みあい,[お]見合い,相親,Noun,object,,,,,,,,,,,,,,,,,,,,,,,,,,,,,,,,,,,,,,
39,単語,29,そうさ,操作,操作（〜します：操作）,Noun,object,,,,,,,,,,,,,,,,,,,,,,,,,,,,,,,,,,,,,,
39,単語,30,かいじょう,会場,會場,Noun,place,,,,,,,,,,,,,,,,,,,,,,,,,,,,,,,,,,,,,,
39,単語,31,〜だい,〜代,～費,Suffix,function,,,,,,,,,,,,,,,,,,,,,,,,,,,,,,,,,,,,,,
39,単語,32,〜や,〜屋,～店,Suffix,function,,,,,,,,,,,,,,,,,,,,,,,,,,,,,,,,,,,,,,
39,単語,33,フロント,,（飯店等的）櫃台、詢問處,Noun,place,,,,,,,,,,,,,,,,,,,,,,,,,,,,,,,,,,,,,,
39,単語,34,〜ごうしつ,〜号室,…號房間,Suffix,function,,,,,,,,,,,,,,,,,,,,,,,,,,,,,,,,,,,,,,
39,単語,35,タオル,,毛巾,Noun,object,,,,,,,,,,,,,,,,,,,,,,,,,,,,,,,,,,,,,,
39,単語,36,せっけん,せっけん,肥皂、香皂,Noun,object,,,,,,,,,,,,,,,,,,,,,,,,,,,,,,,,,,,,,,
39,単語,37,おおぜい,大勢,很多（人）,Noun,object,,,,,,,,,,,,,,,,,,,,,,,,,,,,,,,,,,,,,,
39,単語,38,おつかれさまでした。,お疲れさまでした。,您辛苦了。（慰勞同事或部下時的話）,Phrase,greeting,,,,,,,,,,,,,,,,,,,,,,,,,,,,,,,,,,,,,,
39,単語,39,うかがいます。,伺います。,去／拜訪。（「いきます」的謙讓語）,Verb,v-motion,I,うかがう,伺う,うかがう,伺う,うかがいます,伺います,うかがいます,伺います,うかがいました,伺いました,うかがいません,伺いません,うかがって,伺って,うかがった,伺った,うかがわない,伺わない,うかがわなかった,伺わなかった,うかがわ,伺わ,うかがえば,伺えば,うかがえる,伺える,うかがわれる,伺われる,うかがわせる,伺わせる,うかがわせられる,伺わせられる,うかがえ,伺え,うかがおう,伺おう,inferred-group
39,会話,1,とちゅうで,途中で,〔在〕途中、路上、半途,Adverb,function,,,,,,,,,,,,,,,,,,,,,,,,,,,,,,,,,,,,,,
39,会話,2,トラック,,卡車,Noun,transport,,,,,,,,,,,,,,,,,,,,,,,,,,,,,,,,,,,,,,
39,会話,3,ぶつかります,,撞、碰,Verb,v-other,I,ぶつかる,,ぶつかる,,ぶつかります,,ぶつかります,,ぶつかりました,,ぶつかりません,,ぶつかって,,ぶつかった,,ぶつからない,,ぶつからなかった,,ぶつから,,ぶつかれば,,ぶつかれる,,ぶつかられる,,ぶつからせる,,ぶつからせられる,,ぶつかれ,,ぶつかろう,,no-kanji
39,読み物,1,おとな,大人,大人、成年人,Noun,object,,,,,,,,,,,,,,,,,,,,,,,,,,,,,,,,,,,,,,
39,読み物,2,しかし,,但是,Conjunction,function,,,,,,,,,,,,,,,,,,,,,,,,,,,,,,,,,,,,,,
39,読み物,3,また,,還有、且,Conjunction,function,,,,,,,,,,,,,,,,,,,,,,,,,,,,,,,,,,,,,,
39,読み物,4,ようふく,洋服,西式服裝,Noun,clothing,,,,,,,,,,,,,,,,,,,,,,,,,,,,,,,,,,,,,,
39,読み物,5,せいようかします,西洋化します Ⅲ,西化,Verb,v-other,III,せいようかする,西洋化する,せいようかする,西洋化する,せいようかします,西洋化します,せいようかします,西洋化します,せいようかしました,西洋化しました,せいようかしません,西洋化しません,せいようかして,西洋化して,せいようかした,西洋化した,せいようかしない,西洋化しない,せいようかしなかった,西洋化しなかった,せいようかし,西洋化し,せいようかすれば,西洋化すれば,せいようかできる,西洋化できる,せいようかされる,西洋化される,せいようかさせる,西洋化させる,せいようかさせられる,西洋化させられる,せいようかしろ,西洋化しろ,せいようかしよう,西洋化しよう,irregular-override
39,読み物,6,あいます,合います Ⅰ,適合、合適,Verb,v-other,I,あう,合う,あう,合う,あいます,合います,あいます,合います,あいました,合いました,あいません,合いません,あって,合って,あった,合った,あわない,合わない,あわなかった,合わなかった,あわ,合わ,あえば,合えば,あえる,合える,あわれる,合われる,あわせる,合わせる,あわせられる,合わせられる,あえ,合え,あおう,合おう,
39,読み物,7,いまでも,今では,現在,Adverb,function,,,,,,,,,,,,,,,,,,,,,,,,,,,,,,,,,,,,,,
39,読み物,8,せいじんしき,成人式,成人式,Noun,object,,,,,,,,,,,,,,,,,,,,,,,,,,,,,,,,,,,,,,
39,読み物,9,でんとうてき [な],伝統的 [な],傳統的,na-Adjective,descriptive,,,,,,,,,,,,,,,,,,,,,,,,,,,,,,,,,,,,,,
40,単語,1,かぞえます,数えます Ⅱ,數,Verb,v-other,II,かぞえる,数える,かぞえる,数える,かぞえます,数えます,かぞえます,数えます,かぞえました,数えました,かぞえません,数えません,かぞえて,数えて,かぞえた,数えた,かぞえない,数えない,かぞえなかった,数えなかった,かぞえ,数え,かぞえれば,数えれば,かぞえられる,数えられる,かぞえられる,数えられる,かぞえさせる,数えさせる,かぞえさせられる,数えさせられる,かぞえろ,数えろ,かぞえよう,数えよう,
40,単語,2,はかります,測ります、量ります Ⅰ,測量、秤,Verb,v-other,I,はかる,測ります、量る,はかる,測ります、量る,はかります,測ります、量ります,はかります,測ります、量ります,はかりました,測ります、量りました,はかりません,測ります、量りません,はかって,測ります、量って,はかった,測ります、量った,はからない,測ります、量らない,はからなかった,測ります、量らなかった,はから,測ります、量ら,はかれば,測ります、量れば,はかれる,測ります、量れる,はかられる,測ります、量られる,はからせる,測ります、量らせる,はからせられる,測ります、量らせられる,はかれ,測ります、量れ,はかろう,測ります、量ろう,
40,単語,3,たしかめます,確かめます Ⅱ,確認,Verb,v-other,II,たしかめる,確かめる,たしかめる,確かめる,たしかめます,確かめます,たしかめます,確かめます,たしかめました,確かめました,たしかめません,確かめません,たしかめて,確かめて,たしかめた,確かめた,たしかめない,確かめない,たしかめなかった,確かめなかった,たしかめ,確かめ,たしかめれば,確かめれば,たしかめられる,確かめられる,たしかめられる,確かめられる,たしかめさせる,確かめさせる,たしかめさせられる,確かめさせられる,たしかめろ,確かめろ,たしかめよう,確かめよう,
40,単語,4,あいます [サイズが〜],合います Ⅰ,〔尺寸〕合適,Verb,v-other,I,あう,合う,あう,合う,あいます,合います,あいます,合います,あいました,合いました,あいません,合いません,あって,合って,あった,合った,あわない,合わない,あわなかった,合わなかった,あわ,合わ,あえば,合えば,あえる,合える,あわれる,合われる,あわせる,合わせる,あわせられる,合わせられる,あえ,合え,あおう,合おう,
40,単語,5,しゅっぱつします *,出発します Ⅲ,出發,Verb,v-motion,III,しゅっぱつする,出発する,しゅっぱつする,出発する,しゅっぱつします,出発します,しゅっぱつします,出発します,しゅっぱつしました,出発しました,しゅっぱつしません,出発しません,しゅっぱつして,出発して,しゅっぱつした,出発した,しゅっぱつしない,出発しない,しゅっぱつしなかった,出発しなかった,しゅっぱつし,出発し,しゅっぱつすれば,出発すれば,しゅっぱつできる,出発できる,しゅっぱつされる,出発される,しゅっぱつさせる,出発させる,しゅっぱつさせられる,出発させられる,しゅっぱつしろ,出発しろ,しゅっぱつしよう,出発しよう,irregular-override
40,単語,6,とうちゃくします,到着します Ⅲ,到達,Verb,v-motion,III,とうちゃくする,到着する,とうちゃくする,到着する,とうちゃくします,到着します,とうちゃくします,到着します,とうちゃくしました,到着しました,とうちゃくしません,到着しません,とうちゃくして,到着して,とうちゃくした,到着した,とうちゃくしない,到着しない,とうちゃくしなかった,到着しなかった,とうちゃくし,到着し,とうちゃくすれば,到着すれば,とうちゃくできる,到着できる,とうちゃくされる,到着される,とうちゃくさせる,到着させる,とうちゃくさせられる,到着させられる,とうちゃくしろ,到着しろ,とうちゃくしよう,到着しよう,irregular-override
40,単語,7,よいます,酔います Ⅰ,醉,Verb,v-other,I,よう,酔う,よう,酔う,よいます,酔います,よいます,酔います,よいました,酔いました,よいません,酔いません,よって,酔って,よった,酔った,よわない,酔わない,よわなかった,酔わなかった,よわ,酔わ,よえば,酔えば,よえる,酔える,よわれる,酔われる,よわせる,酔わせる,よわせられる,酔わせられる,よえ,酔え,よおう,酔おう,
40,単語,8,うまくいきます,,進展順利,Verb,v-other,I,うまくいく,,うまくいく,,うまくいきます,,うまくいきます,,うまくいきました,,うまくいきません,,うまくいいて,,うまくいいた,,うまくいかない,,うまくいかなかった,,うまくいか,,うまくいけば,,うまくいける,,うまくいかれる,,うまくいかせる,,うまくいかせられる,,うまくいけ,,うまくいこう,,no-kanji
40,単語,9,でます [もんだいが〜],出ます Ⅱ [問題が〜],出〔考題〕,Verb,v-other,II,でる,出る,でる,出る,でます,出ます,でます,出ます,でました,出ました,でません,出ません,でて,出て,でた,出た,でない,出ない,でなかった,出なかった,で,出,でれば,出れば,でられる,出られる,でられる,出られる,でさせる,出させる,でさせられる,出させられる,でろ,出ろ,でよう,出よう,
40,単語,10,そうだんします,相談します Ⅲ,商量、商議,Verb,v-other,III,そうだんする,相談する,そうだんする,相談する,そうだんします,相談します,そうだんします,相談します,そうだんしました,相談しました,そうだんしません,相談しません,そうだんして,相談して,そうだんした,相談した,そうだんしない,相談しない,そうだんしなかった,相談しなかった,そうだんし,相談し,そうだんすれば,相談すれば,そうだんできる,相談できる,そうだんされる,相談される,そうだんさせる,相談させる,そうだんさせられる,相談させられる,そうだんしろ,相談しろ,そうだんしよう,相談しよう,irregular-override
40,単語,11,ひつよう [な],必要 [な],必要、需要,na-Adjective,descriptive,,,,,,,,,,,,,,,,,,,,,,,,,,,,,,,,,,,,,,
40,単語,12,てんきよほう,天気予報,天氣預報,Noun,nature-weather,,,,,,,,,,,,,,,,,,,,,,,,,,,,,,,,,,,,,,
40,単語,13,ぼうねんかい,忘年会,尾牙,Noun,body-health,,,,,,,,,,,,,,,,,,,,,,,,,,,,,,,,,,,,,,
40,単語,14,しんねんかい*,新年会,春酒,Noun,food-drink,,,,,,,,,,,,,,,,,,,,,,,,,,,,,,,,,,,,,,
40,単語,15,にじかい,二次会,第二攤,Noun,object,,,,,,,,,,,,,,,,,,,,,,,,,,,,,,,,,,,,,,
40,単語,16,はっぴょうかい,発表会,發表會,Noun,object,,,,,,,,,,,,,,,,,,,,,,,,,,,,,,,,,,,,,,
40,単語,17,たいかい,大会,大會,Noun,object,,,,,,,,,,,,,,,,,,,,,,,,,,,,,,,,,,,,,,
40,単語,18,マラソン,,馬拉松,Noun,animals-plants,,,,,,,,,,,,,,,,,,,,,,,,,,,,,,,,,,,,,,
40,単語,19,コンテスト,,比賽、競賽,Noun,abstract,,,,,,,,,,,,,,,,,,,,,,,,,,,,,,,,,,,,,,
40,単語,20,おもて,表,表面、正面,Noun,position,,,,,,,,,,,,,,,,,,,,,,,,,,,,,,,,,,,,,,
40,単語,21,うら*,裏,背面、反面,Noun,position,,,,,,,,,,,,,,,,,,,,,,,,,,,,,,,,,,,,,,
40,単語,22,まちがい,,錯誤、反面,Noun,object,,,,,,,,,,,,,,,,,,,,,,,,,,,,,,,,,,,,,,
40,単語,23,きず,傷,傷、刮痕,Noun,object,,,,,,,,,,,,,,,,,,,,,,,,,,,,,,,,,,,,,,
40,単語,24,ズボン,,褲、褲子,Noun,clothing,,,,,,,,,,,,,,,,,,,,,,,,,,,,,,,,,,,,,,
40,単語,25,[お]としより,[お]年寄り,老人,Noun,object,,,,,,,,,,,,,,,,,,,,,,,,,,,,,,,,,,,,,,
40,単語,26,ながさ*,長さ,長度,Noun,object,,,,,,,,,,,,,,,,,,,,,,,,,,,,,,,,,,,,,,
40,単語,27,おもさ,重さ,重量,Noun,object,,,,,,,,,,,,,,,,,,,,,,,,,,,,,,,,,,,,,,
40,単語,28,たかさ,高さ,高度,Noun,object,,,,,,,,,,,,,,,,,,,,,,,,,,,,,,,,,,,,,,
40,単語,29,おおきさ*,大きさ,大小,Noun,object,,,,,,,,,,,,,,,,,,,,,,,,,,,,,,,,,,,,,,
40,単語,30,[〜]びん,[〜]便,[〜]班機,Suffix,function,,,,,,,,,,,,,,,,,,,,,,,,,,,,,,,,,,,,,,
40,単語,31,〜こ*,〜個,…個（數小物品時的量詞）,Suffix,function,,,,,,,,,,,,,,,,,,,,,,,,,,,,,,,,,,,,,,
40,単語,32,〜ほん (〜ぽん、〜ぼん)*,〜本,…根、…條（數細長物品的量詞）,Suffix,function,,,,,,,,,,,,,,,,,,,,,,,,,,,,,,,,,,,,,,
40,単語,33,〜はい (〜ぱい、〜ばい)*,〜杯,…杯（數玻璃杯等的量詞）,Suffix,function,,,,,,,,,,,,,,,,,,,,,,,,,,,,,,,,,,,,,,
40,単語,34,〜センチ*,,…公分,Suffix,function,,,,,,,,,,,,,,,,,,,,,,,,,,,,,,,,,,,,,,
40,単語,35,〜ミリ*,,…公釐,Suffix,function,,,,,,,,,,,,,,,,,,,,,,,,,,,,,,,,,,,,,,
40,単語,36,〜グラム*,,…公克,Suffix,function,,,,,,,,,,,,,,,,,,,,,,,,,,,,,,,,,,,,,,
40,単語,37,〜いじょう*,〜以上,～以上、超過～,Suffix,function,,,,,,,,,,,,,,,,,,,,,,,,,,,,,,,,,,,,,,
40,単語,38,〜いか,〜以下,～以下、低於～,Suffix,function,,,,,,,,,,,,,,,,,,,,,,,,,,,,,,,,,,,,,,
40,単語,39,※ながさき,※長崎,長崎,Noun,proper-noun,,,,,,,,,,,,,,,,,,,,,,,,,,,,,,,,,,,,,,
40,単語,40,※せんだい,※仙台,仙台,Noun,proper-noun,,,,,,,,,,,,,,,,,,,,,,,,,,,,,,,,,,,,,,
40,単語,41,※ジェーエル,※JL,日本航空公司,Noun,proper-noun,,,,,,,,,,,,,,,,,,,,,,,,,,,,,,,,,,,,,,
40,単語,42,※たなばたまつり,※七夕祭り,七夕祭典,Noun,proper-noun,,,,,,,,,,,,,,,,,,,,,,,,,,,,,,,,,,,,,,
40,単語,43,※とうしょうぐう,※東照宮,東照宮（位於栃木縣日光，祭祀德川家康的神社）,Noun,proper-noun,,,,,,,,,,,,,,,,,,,,,,,,,,,,,,,,,,,,,,
40,会話,1,どうでしょうか。,,怎麼樣？（「どうですか」的禮貌語）,Phrase,expression,,,,,,,,,,,,,,,,,,,,,,,,,,,,,,,,,,,,,,
40,会話,2,テスト,,測驗、考試,Noun,language-study,,,,,,,,,,,,,,,,,,,,,,,,,,,,,,,,,,,,,,
40,会話,3,せいせき,成績,成績,Noun,language-study,,,,,,,,,,,,,,,,,,,,,,,,,,,,,,,,,,,,,,
40,会話,4,ところで,,（轉換話題）話說,Conjunction,function,,,,,,,,,,,,,,,,,,,,,,,,,,,,,,,,,,,,,,
40,会話,5,いらっしゃいます,,來（「きます」的尊敬語）,Verb,v-motion,I,いらっしゃる,,いらっしゃる,,いらっしゃいます,,いらっしゃいます,,いらっしゃいました,,いらっしゃいません,,いらっしゃって,,いらっしゃった,,いらっしゃらない,,いらっしゃらなかった,,いらっしゃら,,いらっしゃれば,,いらっしゃれる,,いらっしゃられる,,いらっしゃらせる,,いらっしゃらせられる,,いらっしゃい,,いらっしゃろう,,irregular-override; no-kanji
40,会話,6,ようす,様子,樣子、情況、情形,Noun,abstract,,,,,,,,,,,,,,,,,,,,,,,,,,,,,,,,,,,,,,
40,読み物,1,じけん,事件,事件、案件,Noun,abstract,,,,,,,,,,,,,,,,,,,,,,,,,,,,,,,,,,,,,,
40,読み物,2,オートバイ,,摩托車,Noun,transport,,,,,,,,,,,,,,,,,,,,,,,,,,,,,,,,,,,,,,
40,読み物,3,ばくだん,爆弾,炸彈,Noun,object,,,,,,,,,,,,,,,,,,,,,,,,,,,,,,,,,,,,,,
40,読み物,4,つみます,積みます Ⅰ,堆積、裝,Verb,v-other,I,つむ,積む,つむ,積む,つみます,積みます,つみます,積みます,つみました,積みました,つみません,積みません,つんで,積んで,つんだ,積んだ,つまない,積まない,つまなかった,積まなかった,つま,積ま,つめば,積めば,つめる,積める,つまれる,積まれる,つませる,積ませる,つませられる,積ませられる,つめ,積め,つもう,積もう,
40,読み物,5,うんてんしゅ,運転手,司機,Noun,occupation,,,,,,,,,,,,,,,,,,,,,,,,,,,,,,,,,,,,,,
40,読み物,6,はなれた,離れた,相距,Verb,v-other,II,,,,,,,,,,,,,,,,,,,,,,,,,,,,,,,,,,,,,failed: not in ます-form
40,読み物,7,きゅうに,急に,突然地,Adverb,function,,,,,,,,,,,,,,,,,,,,,,,,,,,,,,,,,,,,,,
40,読み物,8,うごかします,動かします Ⅰ,開動、發動,Verb,v-other,I,うごかす,動かす,うごかす,動かす,うごかします,動かします,うごかします,動かします,うごかしました,動かしました,うごかしません,動かしません,うごかして,動かして,うごかした,動かした,うごかさない,動かさない,うごかさなかった,動かさなかった,うごかさ,動かさ,うごかせば,動かせば,うごかせる,動かせる,うごかされる,動かされる,うごかさせる,動かさせる,うごかさせられる,動かさせられる,うごかせ,動かせ,うごかそう,動かそう,
40,読み物,9,いっしょうけんめい,一生懸命,努力、拚命,Adverb,function,,,,,,,,,,,,,,,,,,,,,,,,,,,,,,,,,,,,,,
40,読み物,10,はんにん,犯人,犯人,Noun,object,,,,,,,,,,,,,,,,,,,,,,,,,,,,,,,,,,,,,,
40,読み物,11,おとこ,男,男人,Noun,object,,,,,,,,,,,,,,,,,,,,,,,,,,,,,,,,,,,,,,
40,読み物,12,てに いれます,手に 入れます Ⅱ,到手、得到,Verb,v-transaction,II,てにいれる,手に入れる,てにいれる,手に入れる,てにいれます,手に入れます,てにいれます,手に入れます,てにいれました,手に入れました,てにいれません,手に入れません,てにいれて,手に入れて,てにいれた,手に入れた,てにいれない,手に入れない,てにいれなかった,手に入れなかった,てにいれ,手に入れ,てにいれれば,手に入れれば,てにいれられる,手に入れられる,てにいれられる,手に入れられる,てにいれさせる,手に入れさせる,てにいれさせられる,手に入れさせられる,てにいれろ,手に入れろ,てにいれよう,手に入れよう,
40,読み物,13,いまでも,今でも,現在也,Adverb,function,,,,,,,,,,,,,,,,,,,,,,,,,,,,,,,,,,,,,,
41,単語,1,いただきます,,得到、收到（「もらいます」的謙讓語）,Verb,v-transaction,I,いただく,,いただく,,いただきます,,いただきます,,いただきました,,いただきません,,いただいて,,いただいた,,いただかない,,いただかなかった,,いただか,,いただけば,,いただける,,いただかれる,,いただかせる,,いただかせられる,,いただけ,,いただこう,,no-kanji
41,単語,2,くださいます,,給（我）（「くれます」的尊敬語）,Verb,v-transaction,I,くださる,,くださる,,くださいます,,くださいます,,くださいました,,くださいません,,くださって,,くださった,,くださらない,,くださらなかった,,くださら,,くだされば,,くだされる,,くださられる,,くださらせる,,くださらせられる,,ください,,くださろう,,irregular-override; no-kanji
41,単語,3,やります,,給（用於給比自己年紀小、職位低以及動植物等時）,Verb,v-transaction,I,やる,,やる,,やります,,やります,,やりました,,やりません,,やって,,やった,,やらない,,やらなかった,,やら,,やれば,,やれる,,やられる,,やらせる,,やらせられる,,やれ,,やろう,,no-kanji
41,単語,4,あげます,上げます Ⅱ,提高,Verb,v-other,II,あげる,上げる,あげる,上げる,あげます,上げます,あげます,上げます,あげました,上げました,あげません,上げません,あげて,上げて,あげた,上げた,あげない,上げない,あげなかった,上げなかった,あげ,上げ,あげれば,上げれば,あげられる,上げられる,あげられる,上げられる,あげさせる,上げさせる,あげさせられる,上げさせられる,あげろ,上げろ,あげよう,上げよう,
41,単語,5,さげます *,下げます Ⅱ,降低,Verb,v-other,II,さげる,下げる,さげる,下げる,さげます,下げます,さげます,下げます,さげました,下げました,さげません,下げません,さげて,下げて,さげた,下げた,さげない,下げない,さげなかった,下げなかった,さげ,下げ,さげれば,下げれば,さげられる,下げられる,さげられる,下げられる,さげさせる,下げさせる,さげさせられる,下げさせられる,さげろ,下げろ,さげよう,下げよう,
41,単語,6,しんせつに します,親切に します Ⅲ,對～和氣、友善,Verb,v-other,III,しんせつにする,親切にする,しんせつにする,親切にする,しんせつにします,親切にします,しんせつにします,親切にします,しんせつにしました,親切にしました,しんせつにしません,親切にしません,しんせつにして,親切にして,しんせつにした,親切にした,しんせつにしない,親切にしない,しんせつにしなかった,親切にしなかった,しんせつにし,親切にし,しんせつにすれば,親切にすれば,しんせつにできる,親切にできる,しんせつにされる,親切にされる,しんせつにさせる,親切にさせる,しんせつにさせられる,親切にさせられる,しんせつにしろ,親切にしろ,しんせつにしよう,親切にしよう,irregular-override
41,単語,7,かわいい,,可愛,i-Adjective,descriptive,,,,,,,,,,,,,,,,,,,,,,,,,,,,,,,,,,,,,,
41,単語,8,めずらしい,珍しい,珍奇、罕見,i-Adjective,descriptive,,,,,,,,,,,,,,,,,,,,,,,,,,,,,,,,,,,,,,
41,単語,9,おいわい,お祝い,祝賀、賀禮（表示行為和物品兩種意思。～を します：祝賀、送禮）,Noun,abstract,,,,,,,,,,,,,,,,,,,,,,,,,,,,,,,,,,,,,,
41,単語,10,おとしだま,お年玉,壓歲錢,Noun,money-shopping,,,,,,,,,,,,,,,,,,,,,,,,,,,,,,,,,,,,,,
41,単語,11,[お]みまい,[お]見舞い,探視（病人）、慰問品（表示行為和物品兩種意思）,Noun,abstract,,,,,,,,,,,,,,,,,,,,,,,,,,,,,,,,,,,,,,
41,単語,12,きょうみ,興味,愛好、興趣（「[コンピューターに]～が あります」：對〔電腦〕有興趣）,Noun,electronics,,,,,,,,,,,,,,,,,,,,,,,,,,,,,,,,,,,,,,
41,単語,13,じょうほう,情報,資訊,Noun,communication,,,,,,,,,,,,,,,,,,,,,,,,,,,,,,,,,,,,,,
41,単語,14,ぶんぽう,文法,文法,Noun,language-study,,,,,,,,,,,,,,,,,,,,,,,,,,,,,,,,,,,,,,
41,単語,15,はつおん,発音,發音,Noun,language-study,,,,,,,,,,,,,,,,,,,,,,,,,,,,,,,,,,,,,,
41,単語,16,さる,猿,猴子,Noun,animals-plants,,,,,,,,,,,,,,,,,,,,,,,,,,,,,,,,,,,,,,
41,単語,17,えさ,,飼料,Noun,object,,,,,,,,,,,,,,,,,,,,,,,,,,,,,,,,,,,,,,
41,単語,18,おもちゃ,,玩具,Noun,object,,,,,,,,,,,,,,,,,,,,,,,,,,,,,,,,,,,,,,
41,単語,19,えほん,絵本,繪本、畫冊,Noun,arts-media,,,,,,,,,,,,,,,,,,,,,,,,,,,,,,,,,,,,,,
41,単語,20,えはがき,絵はがき,風景明信片,Noun,stationery,,,,,,,,,,,,,,,,,,,,,,,,,,,,,,,,,,,,,,
41,単語,21,ドライバー,,螺絲起子,Noun,object,,,,,,,,,,,,,,,,,,,,,,,,,,,,,,,,,,,,,,
41,単語,22,ハンカチ,,手帕,Noun,clothing,,,,,,,,,,,,,,,,,,,,,,,,,,,,,,,,,,,,,,
41,単語,23,くつした,靴下,襪子,Noun,clothing,,,,,,,,,,,,,,,,,,,,,,,,,,,,,,,,,,,,,,
41,単語,24,てぶくろ,手袋,手套,Noun,clothing,,,,,,,,,,,,,,,,,,,,,,,,,,,,,,,,,,,,,,
41,単語,25,ようちえん,幼稚園,幼稚園,Noun,place,,,,,,,,,,,,,,,,,,,,,,,,,,,,,,,,,,,,,,
41,単語,26,だんぼう,暖房,暖氣,Noun,electronics,,,,,,,,,,,,,,,,,,,,,,,,,,,,,,,,,,,,,,
41,単語,27,れいぼう*,冷房,冷氣,Noun,electronics,,,,,,,,,,,,,,,,,,,,,,,,,,,,,,,,,,,,,,
41,単語,28,おんど,温度,溫度,Noun,object,,,,,,,,,,,,,,,,,,,,,,,,,,,,,,,,,,,,,,
41,単語,29,そふ*,祖父,（自己的）祖父、外祖父,Noun,family,,,,,,,,,,,,,,,,,,,,,,,,,,,,,,,,,,,,,,
41,単語,30,そぼ,祖母,（自己的）祖母、外祖母,Noun,family,,,,,,,,,,,,,,,,,,,,,,,,,,,,,,,,,,,,,,
41,単語,31,まご,孫,（自己的）孫子、外孫,Noun,family,,,,,,,,,,,,,,,,,,,,,,,,,,,,,,,,,,,,,,
41,単語,32,おまごさん,お孫さん,（別人的）孫子、外孫,Noun,family,,,,,,,,,,,,,,,,,,,,,,,,,,,,,,,,,,,,,,
41,単語,33,おじ*,叔父、伯父,（自己的）叔叔、伯父、舅舅、姨丈,Noun,family,,,,,,,,,,,,,,,,,,,,,,,,,,,,,,,,,,,,,,
41,単語,34,おじさん*,,（別人的）叔叔、伯父、舅舅、姨丈,Noun,family,,,,,,,,,,,,,,,,,,,,,,,,,,,,,,,,,,,,,,
41,単語,35,おば,叔母、伯母,（自己的）姑姑、伯母、嬸嬸、舅媽,Noun,family,,,,,,,,,,,,,,,,,,,,,,,,,,,,,,,,,,,,,,
41,単語,36,おばさん*,,（別人的）姑姑、伯母、嬸嬸、舅媽,Noun,family,,,,,,,,,,,,,,,,,,,,,,,,,,,,,,,,,,,,,,
41,単語,37,かんりにん,管理人,（公寓等）管理人,Noun,occupation,,,,,,,,,,,,,,,,,,,,,,,,,,,,,,,,,,,,,,
41,単語,38,〜さん,,（為了表示禮貌，接續在職稱、職務之後的接尾詞）,Suffix,function,,,,,,,,,,,,,,,,,,,,,,,,,,,,,,,,,,,,,,
41,単語,39,このあいだ,この間,前些天、前幾天,Adverb,function,,,,,,,,,,,,,,,,,,,,,,,,,,,,,,,,,,,,,,
41,会話,1,ひとこと,一言,（說上）一句,Noun,position,,,,,,,,,,,,,,,,,,,,,,,,,,,,,,,,,,,,,,
41,会話,2,〜ずつ,,每～（表示同一數量）,Suffix,function,,,,,,,,,,,,,,,,,,,,,,,,,,,,,,,,,,,,,,
41,会話,3,ふたり,二人,兩人（指情侶、夫妻）,Noun,object,,,,,,,,,,,,,,,,,,,,,,,,,,,,,,,,,,,,,,
41,会話,4,おたく,お宅,府上（「うち」「いえ」的尊敬語）,Noun,position,,,,,,,,,,,,,,,,,,,,,,,,,,,,,,,,,,,,,,
41,会話,5,どうぞ おしあわせに。,どうぞ お幸せに。,祝你們幸福。,Phrase,expression,,,,,,,,,,,,,,,,,,,,,,,,,,,,,,,,,,,,,,
41,読み物,1,むかしばなし,昔話,傳說、故事,Noun,object,,,,,,,,,,,,,,,,,,,,,,,,,,,,,,,,,,,,,,
41,読み物,2,ある〜,,某～、某個～,Prenominal,function,,,,,,,,,,,,,,,,,,,,,,,,,,,,,,,,,,,,,,
41,読み物,3,おとこ,男,男人,Noun,object,,,,,,,,,,,,,,,,,,,,,,,,,,,,,,,,,,,,,,
41,読み物,4,こどもたち,子どもたち,孩子們,Noun,family,,,,,,,,,,,,,,,,,,,,,,,,,,,,,,,,,,,,,,
41,読み物,5,いじめます,,欺負,Verb,v-other,II,いじめる,,いじめる,,いじめます,,いじめます,,いじめました,,いじめません,,いじめて,,いじめた,,いじめない,,いじめなかった,,いじめ,,いじめれば,,いじめられる,,いじめられる,,いじめさせる,,いじめさせられる,,いじめろ,,いじめよう,,no-kanji
41,読み物,6,かめ,,烏龜,Noun,animals-plants,,,,,,,,,,,,,,,,,,,,,,,,,,,,,,,,,,,,,,
41,読み物,7,たすけます,助けます Ⅱ,幫助、救助,Verb,v-communication,II,たすける,助ける,たすける,助ける,たすけます,助けます,たすけます,助けます,たすけました,助けました,たすけません,助けません,たすけて,助けて,たすけた,助けた,たすけない,助けない,たすけなかった,助けなかった,たすけ,助け,たすければ,助ければ,たすけられる,助けられる,たすけられる,助けられる,たすけさせる,助けさせる,たすけさせられる,助けさせられる,たすけろ,助けろ,たすけよう,助けよう,
41,読み物,8,やさしい,優しい,溫柔、親切,i-Adjective,descriptive,,,,,,,,,,,,,,,,,,,,,,,,,,,,,,,,,,,,,,
41,読み物,9,おひめさま,お姫様,公主,Noun,object,,,,,,,,,,,,,,,,,,,,,,,,,,,,,,,,,,,,,,
41,読み物,10,くらします,暮らします Ⅰ,生活,Verb,v-other,I,くらす,暮らす,くらす,暮らす,くらします,暮らします,くらします,暮らします,くらしました,暮らしました,くらしません,暮らしません,くらして,暮らして,くらした,暮らした,くらさない,暮らさない,くらさなかった,暮らさなかった,くらさ,暮らさ,くらせば,暮らせば,くらせる,暮らせる,くらされる,暮らされる,くらさせる,暮らさせる,くらさせられる,暮らさせられる,くらせ,暮らせ,くらそう,暮らそう,
41,読み物,11,りく,陸,陸地,Noun,nature-weather,,,,,,,,,,,,,,,,,,,,,,,,,,,,,,,,,,,,,,
41,読み物,12,すると,,於是,Conjunction,function,,,,,,,,,,,,,,,,,,,,,,,,,,,,,,,,,,,,,,
41,読み物,13,けむり,煙,煙,Noun,nature-weather,,,,,,,,,,,,,,,,,,,,,,,,,,,,,,,,,,,,,,
41,読み物,14,まっしろ [な],真っ白 [な],雪白、純白,na-Adjective,descriptive,,,,,,,,,,,,,,,,,,,,,,,,,,,,,,,,,,,,,,
41,読み物,15,なから,中身,內容、裝在其中的東西,Noun,position,,,,,,,,,,,,,,,,,,,,,,,,,,,,,,,,,,,,,,
41,読み物,16,※うらしまたろう,浦島太郎,浦島太郎（故事主人公的名字）,Noun,proper-noun,,,,,,,,,,,,,,,,,,,,,,,,,,,,,,,,,,,,,,
42,単語,1,つつみます,包みます Ⅰ,包、包上,Verb,v-other,I,つつむ,包む,つつむ,包む,つつみます,包みます,つつみます,包みます,つつみました,包みました,つつみません,包みません,つつんで,包んで,つつんだ,包んだ,つつまない,包まない,つつまなかった,包まなかった,つつま,包ま,つつめば,包めば,つつめる,包める,つつまれる,包まれる,つつませる,包ませる,つつませられる,包ませられる,つつめ,包め,つつもう,包もう,
42,単語,2,わかします,沸かします Ⅰ,燒開,Verb,v-other,I,わかす,沸かす,わかす,沸かす,わかします,沸かします,わかします,沸かします,わかしました,沸かしました,わかしません,沸かしません,わかして,沸かして,わかした,沸かした,わかさない,沸かさない,わかさなかった,沸かさなかった,わかさ,沸かさ,わかせば,沸かせば,わかせる,沸かせる,わかされる,沸かされる,わかさせる,沸かさせる,わかさせられる,沸かさせられる,わかせ,沸かせ,わかそう,沸かそう,
42,単語,3,まぜます,混ぜます Ⅱ,混合、攪拌,Verb,v-other,II,まぜる,混ぜる,まぜる,混ぜる,まぜます,混ぜます,まぜます,混ぜます,まぜました,混ぜました,まぜません,混ぜません,まぜて,混ぜて,まぜた,混ぜた,まぜない,混ぜない,まぜなかった,混ぜなかった,まぜ,混ぜ,まぜれば,混ぜれば,まぜられる,混ぜられる,まぜられる,混ぜられる,まぜさせる,混ぜさせる,まぜさせられる,混ぜさせられる,まぜろ,混ぜろ,まぜよう,混ぜよう,
42,単語,4,けいさんします,計算します Ⅲ,計算,Verb,v-other,III,けいさんする,計算する,けいさんする,計算する,けいさんします,計算します,けいさんします,計算します,けいさんしました,計算しました,けいさんしません,計算しません,けいさんして,計算して,けいさんした,計算した,けいさんしない,計算しない,けいさんしなかった,計算しなかった,けいさんし,計算し,けいさんすれば,計算すれば,けいさんできる,計算できる,けいさんされる,計算される,けいさんさせる,計算させる,けいさんさせられる,計算させられる,けいさんしろ,計算しろ,けいさんしよう,計算しよう,irregular-override
42,単語,5,ならびます,並びます Ⅰ,排列,Verb,v-handling,I,ならぶ,並ぶ,ならぶ,並ぶ,ならびます,並びます,ならびます,並びます,ならびました,並びました,ならびません,並びません,ならんで,並んで,ならんだ,並んだ,ならばない,並ばない,ならばなかった,並ばなかった,ならば,並ば,ならべば,並べば,ならべる,並べる,ならばれる,並ばれる,ならばせる,並ばせる,ならばせられる,並ばせられる,ならべ,並べ,ならぼう,並ぼう,
42,単語,6,じょうぶ [な],丈夫 [な],結實、堅固,na-Adjective,descriptive,,,,,,,,,,,,,,,,,,,,,,,,,,,,,,,,,,,,,,
42,単語,7,アパート,,公寓,Noun,place,,,,,,,,,,,,,,,,,,,,,,,,,,,,,,,,,,,,,,
42,単語,8,べんごし,弁護士,律師,Noun,occupation,,,,,,,,,,,,,,,,,,,,,,,,,,,,,,,,,,,,,,
42,単語,9,おんがくか,音楽家,音樂家,Noun,occupation,,,,,,,,,,,,,,,,,,,,,,,,,,,,,,,,,,,,,,
42,単語,10,こどもたち,子どもたち,孩子們,Noun,family,,,,,,,,,,,,,,,,,,,,,,,,,,,,,,,,,,,,,,
42,単語,11,しぜん,自然,自然,Noun,object,,,,,,,,,,,,,,,,,,,,,,,,,,,,,,,,,,,,,,
42,単語,12,きょういく,教育,教育,Noun,language-study,,,,,,,,,,,,,,,,,,,,,,,,,,,,,,,,,,,,,,
42,単語,13,ぶんか,文化,文化,Noun,abstract,,,,,,,,,,,,,,,,,,,,,,,,,,,,,,,,,,,,,,
42,単語,14,しゃかい,社会,社會,Noun,abstract,,,,,,,,,,,,,,,,,,,,,,,,,,,,,,,,,,,,,,
42,単語,15,せいじ,政治,政治,Noun,abstract,,,,,,,,,,,,,,,,,,,,,,,,,,,,,,,,,,,,,,
42,単語,16,ほうりつ,法律,法律,Noun,abstract,,,,,,,,,,,,,,,,,,,,,,,,,,,,,,,,,,,,,,
42,単語,17,せんそう*,戦争,戰爭,Noun,abstract,,,,,,,,,,,,,,,,,,,,,,,,,,,,,,,,,,,,,,
42,単語,18,へいわ,平和,和平,Noun,abstract,,,,,,,,,,,,,,,,,,,,,,,,,,,,,,,,,,,,,,
42,単語,19,もくてき,目的,目的,Noun,abstract,,,,,,,,,,,,,,,,,,,,,,,,,,,,,,,,,,,,,,
42,単語,20,ろんぶん,論文,論文,Noun,object,,,,,,,,,,,,,,,,,,,,,,,,,,,,,,,,,,,,,,
42,単語,21,たのしみ,楽しみ,盼望、期待,Noun,object,,,,,,,,,,,,,,,,,,,,,,,,,,,,,,,,,,,,,,
42,単語,22,ミキサー,,攪拌器,Noun,object,,,,,,,,,,,,,,,,,,,,,,,,,,,,,,,,,,,,,,
42,単語,23,やかん,,水壺,Noun,food-drink,,,,,,,,,,,,,,,,,,,,,,,,,,,,,,,,,,,,,,
42,単語,24,ふた,,蓋子,Noun,furniture,,,,,,,,,,,,,,,,,,,,,,,,,,,,,,,,,,,,,,
42,単語,25,せんぬき,栓抜き,開瓶器,Noun,object,,,,,,,,,,,,,,,,,,,,,,,,,,,,,,,,,,,,,,
42,単語,26,かんきり,缶切り,開罐器,Noun,object,,,,,,,,,,,,,,,,,,,,,,,,,,,,,,,,,,,,,,
42,単語,27,かんづめ,缶づめ,罐頭,Noun,body-health,,,,,,,,,,,,,,,,,,,,,,,,,,,,,,,,,,,,,,
42,単語,28,のしぶくろ,のし袋,禮袋（裝贈款的專用信封）,Noun,stationery,,,,,,,,,,,,,,,,,,,,,,,,,,,,,,,,,,,,,,
42,単語,29,ふろしき,,包巾,Noun,object,,,,,,,,,,,,,,,,,,,,,,,,,,,,,,,,,,,,,,
42,単語,30,そろばん,,算盤,Noun,object,,,,,,,,,,,,,,,,,,,,,,,,,,,,,,,,,,,,,,
42,単語,31,たいおんけい,体温計,體溫計、溫度計,Noun,object,,,,,,,,,,,,,,,,,,,,,,,,,,,,,,,,,,,,,,
42,単語,32,ざいりょう,材料,材料,Noun,object,,,,,,,,,,,,,,,,,,,,,,,,,,,,,,,,,,,,,,
42,単語,33,ある〜,,某～、某個～,Prenominal,function,,,,,,,,,,,,,,,,,,,,,,,,,,,,,,,,,,,,,,
42,単語,34,いっしょうけんめい,一生懸命,努力、拚命,Adverb,function,,,,,,,,,,,,,,,,,,,,,,,,,,,,,,,,,,,,,,
42,単語,35,なぜ,何故,為什麼,Adverb,function,,,,,,,,,,,,,,,,,,,,,,,,,,,,,,,,,,,,,,
42,単語,36,どのくらい,,多少,Adverb,function,,,,,,,,,,,,,,,,,,,,,,,,,,,,,,,,,,,,,,
42,単語,37,※こくれん,※国連,聯合國,Noun,proper-noun,,,,,,,,,,,,,,,,,,,,,,,,,,,,,,,,,,,,,,
42,単語,38,※エリーゼのために,,給愛麗絲,Noun,proper-noun,,,,,,,,,,,,,,,,,,,,,,,,,,,,,,,,,,,,,,
42,単語,39,※ベートーベン,,貝多芬（德國作曲家、1770～1827）,Noun,proper-noun,,,,,,,,,,,,,,,,,,,,,,,,,,,,,,,,,,,,,,
42,単語,40,※こどもニュース,,兒童新聞（虛構的新聞名）,Noun,proper-noun,,,,,,,,,,,,,,,,,,,,,,,,,,,,,,,,,,,,,,
42,会話,1,でます [ボーナスが〜],,發〔獎金〕,Verb,v-other,II,でる,,でる,,でます,,でます,,でました,,でません,,でて,,でた,,でない,,でなかった,,で,,でれば,,でられる,,でられる,,でさせる,,でさせられる,,でろ,,でよう,,no-kanji
42,会話,2,はんぶん,半分,一半,Noun,number-quantity,,,,,,,,,,,,,,,,,,,,,,,,,,,,,,,,,,,,,,
42,会話,3,ローン,,貸款,Noun,money-shopping,,,,,,,,,,,,,,,,,,,,,,,,,,,,,,,,,,,,,,
42,読み物,1,カップめん,,杯麵、泡麵,Noun,food-drink,,,,,,,,,,,,,,,,,,,,,,,,,,,,,,,,,,,,,,
42,読み物,2,せかいはつ,世界初,世界最初,Noun,nature-weather,,,,,,,,,,,,,,,,,,,,,,,,,,,,,,,,,,,,,,
42,読み物,3,〜に よって,〜に よって,由～、被～,Phrase,expression,,,,,,,,,,,,,,,,,,,,,,,,,,,,,,,,,,,,,,
42,読み物,4,どんぶり,どんぶり,大碗、碗公,Noun,object,,,,,,,,,,,,,,,,,,,,,,,,,,,,,,,,,,,,,,
42,読み物,5,めん,,麵條,Noun,food-drink,,,,,,,,,,,,,,,,,,,,,,,,,,,,,,,,,,,,,,
42,読み物,6,ひろめます,広めます Ⅱ,擴大、推廣,Verb,v-handling,II,ひろめる,広める,ひろめる,広める,ひろめます,広めます,ひろめます,広めます,ひろめました,広めました,ひろめません,広めません,ひろめて,広めて,ひろめた,広めた,ひろめない,広めない,ひろめなかった,広めなかった,ひろめ,広め,ひろめれば,広めれば,ひろめられる,広められる,ひろめられる,広められる,ひろめさせる,広めさせる,ひろめさせられる,広めさせられる,ひろめろ,広めろ,ひろめよう,広めよう,
42,読み物,7,しじょうちょうさ,市場調査,市場調查,Noun,object,,,,,,,,,,,,,,,,,,,,,,,,,,,,,,,,,,,,,,
42,読み物,8,わります,割ります Ⅰ,分、切,Verb,v-handling,I,わる,割る,わる,割る,わります,割ります,わります,割ります,わりました,割りました,わりません,割りません,わって,割って,わった,割った,わらない,割らない,わらなかった,割らなかった,わら,割ら,われば,割れば,われる,割れる,わられる,割られる,わらせる,割らせる,わらせられる,割らせられる,われ,割れ,わろう,割ろう,
42,読み物,9,そそぎます,注ぎます Ⅰ,注入、倒入,Verb,v-change,I,そそぐ,注ぐ,そそぐ,注ぐ,そそぎます,注ぎます,そそぎます,注ぎます,そそぎました,注ぎました,そそぎません,注ぎません,そそいで,注いで,そそいだ,注いだ,そそがない,注がない,そそがなかった,注がなかった,そそが,注が,そそげば,注げば,そそげる,注げる,そそがれる,注がれる,そそがせる,注がせる,そそがせられる,注がせられる,そそげ,注げ,そそごう,注ごう,
42,読み物,10,※チキンラーメン,,雞湯拉麵（泡麵的商品名）,Noun,proper-noun,,,,,,,,,,,,,,,,,,,,,,,,,,,,,,,,,,,,,,
42,読み物,11,※あんどうももふく,※安藤百福,安藤百福（日本企業家、發明家，1910～2007）,Noun,proper-noun,,,,,,,,,,,,,,,,,,,,,,,,,,,,,,,,,,,,,,
43,単語,1,ふえます [ゆしゅつが〜],増えます Ⅱ [輸出が〜],〔出口〕增加,Verb,v-other,II,ふえる,増える,ふえる,増える,ふえます,増えます,ふえます,増えます,ふえました,増えました,ふえません,増えません,ふえて,増えて,ふえた,増えた,ふえない,増えない,ふえなかった,増えなかった,ふえ,増え,ふえれば,増えれば,ふえられる,増えられる,ふえられる,増えられる,ふえさせる,増えさせる,ふえさせられる,増えさせられる,ふえろ,増えろ,ふえよう,増えよう,
43,単語,2,へります [ゆしゅつが〜],減ります Ⅰ [輸出が〜],〔出口〕減少,Verb,v-other,I,へる,減る,へる,減る,へります,減ります,へります,減ります,へりました,減りました,へりません,減りません,へって,減って,へった,減った,へらない,減らない,へらなかった,減らなかった,へら,減ら,へれば,減れば,へれる,減れる,へられる,減られる,へらせる,減らせる,へらせられる,減らせられる,へれ,減れ,へろう,減ろう,
43,単語,3,あがります [ねだんが〜],上がります Ⅰ [値段が〜],〔價格〕上漲,Verb,v-other,I,あがる,上がる,あがる,上がる,あがります,上がります,あがります,上がります,あがりました,上がりました,あがりません,上がりません,あがって,上がって,あがった,上がった,あがらない,上がらない,あがらなかった,上がらなかった,あがら,上がら,あがれば,上がれば,あがれる,上がれる,あがられる,上がられる,あがらせる,上がらせる,あがらせられる,上がらせられる,あがれ,上がれ,あがろう,上がろう,
43,単語,4,さがります * [ねだんが〜],下がります Ⅰ* [値段が〜],〔價格〕下降,Verb,v-other,I,さがる,下がる,さがる,下がる,さがります,下がります,さがります,下がります,さがりました,下がりました,さがりません,下がりません,さがって,下がって,さがった,下がった,さがらない,下がらない,さがらなかった,下がらなかった,さがら,下がら,さがれば,下がれば,さがれる,下がれる,さがられる,下がられる,さがらせる,下がらせる,さがらせられる,下がらせられる,さがれ,下がれ,さがろう,下がろう,
43,単語,5,きれます [ひもが〜],切れます Ⅱ [ひもが〜],〔繩子〕斷了,Verb,v-other,II,きれる,切れる,きれる,切れる,きれます,切れます,きれます,切れます,きれました,切れました,きれません,切れません,きれて,切れて,きれた,切れた,きれない,切れない,きれなかった,切れなかった,きれ,切れ,きれれば,切れれば,きれられる,切れられる,きれられる,切れられる,きれさせる,切れさせる,きれさせられる,切れさせられる,きれろ,切れろ,きれよう,切れよう,
43,単語,6,とれます [ボタンが〜],取れます Ⅱ [ボタンが〜],〔鈕扣〕脫落,Verb,v-daily,II,とれる,取れる,とれる,取れる,とれます,取れます,とれます,取れます,とれました,取れました,とれません,取れません,とれて,取れて,とれた,取れた,とれない,取れない,とれなかった,取れなかった,とれ,取れ,とれれば,取れれば,とれられる,取れられる,とれられる,取れられる,とれさせる,取れさせる,とれさせられる,取れさせられる,とれろ,取れろ,とれよう,取れよう,
43,単語,7,おちます [にもつが〜],落ちます Ⅱ [荷物が〜],〔行李〕掉落,Verb,v-other,II,おちる,落ちる,おちる,落ちる,おちます,落ちます,おちます,落ちます,おちました,落ちました,おちません,落ちません,おちて,落ちて,おちた,落ちた,おちない,落ちない,おちなかった,落ちなかった,おち,落ち,おちれば,落ちれば,おちられる,落ちられる,おちられる,落ちられる,おちさせる,落ちさせる,おちさせられる,落ちさせられる,おちろ,落ちろ,おちよう,落ちよう,
43,単語,8,なくなります [ガソリンが〜],,〔汽油〕用盡,Verb,v-other,I,なくなる,,なくなる,,なくなります,,なくなります,,なくなりました,,なくなりません,,なくなって,,なくなった,,なくならない,,なくならなかった,,なくなら,,なくなれば,,なくなれる,,なくなられる,,なくならせる,,なくならせられる,,なくなれ,,なくなろう,,no-kanji
43,単語,9,へん [な],変 [な],奇怪、不尋常,na-Adjective,descriptive,,,,,,,,,,,,,,,,,,,,,,,,,,,,,,,,,,,,,,
43,単語,10,しあわせ [な],幸せ [な],幸福,na-Adjective,descriptive,,,,,,,,,,,,,,,,,,,,,,,,,,,,,,,,,,,,,,
43,単語,11,らく [な],楽 [な],輕鬆,na-Adjective,descriptive,,,,,,,,,,,,,,,,,,,,,,,,,,,,,,,,,,,,,,
43,単語,12,うまい*,,好吃,i-Adjective,descriptive,,,,,,,,,,,,,,,,,,,,,,,,,,,,,,,,,,,,,,
43,単語,13,まずい,,不好吃,i-Adjective,descriptive,,,,,,,,,,,,,,,,,,,,,,,,,,,,,,,,,,,,,,
43,単語,14,つまらない,,無聊、微不足道,i-Adjective,descriptive,,,,,,,,,,,,,,,,,,,,,,,,,,,,,,,,,,,,,,
43,単語,15,やさしい,優しい,溫柔、親切,i-Adjective,descriptive,,,,,,,,,,,,,,,,,,,,,,,,,,,,,,,,,,,,,,
43,単語,16,ガソリン,,汽油,Noun,object,,,,,,,,,,,,,,,,,,,,,,,,,,,,,,,,,,,,,,
43,単語,17,ひ,火,火,Noun,object,,,,,,,,,,,,,,,,,,,,,,,,,,,,,,,,,,,,,,
43,単語,18,パンフレット,,簡介、小冊子,Noun,object,,,,,,,,,,,,,,,,,,,,,,,,,,,,,,,,,,,,,,
43,単語,19,いまにも,今にも,馬上、就要（用於描寫變化就要發生之前的狀況）,Adverb,function,,,,,,,,,,,,,,,,,,,,,,,,,,,,,,,,,,,,,,
43,単語,20,わあ,,哇,Interjection,function,,,,,,,,,,,,,,,,,,,,,,,,,,,,,,,,,,,,,,
43,読み物,1,ばら,,玫瑰、薔薇,Noun,animals-plants,,,,,,,,,,,,,,,,,,,,,,,,,,,,,,,,,,,,,,
43,読み物,2,ドライブ,,兜風,Noun,hobby-sport,,,,,,,,,,,,,,,,,,,,,,,,,,,,,,,,,,,,,,
43,読み物,3,りゆう,理由,理由,Noun,abstract,,,,,,,,,,,,,,,,,,,,,,,,,,,,,,,,,,,,,,
43,読み物,4,あやまります,謝ります Ⅰ,道歉,Verb,v-other,I,あやまる,謝る,あやまる,謝る,あやまります,謝ります,あやまります,謝ります,あやまりました,謝りました,あやまりません,謝りません,あやまって,謝って,あやまった,謝った,あやまらない,謝らない,あやまらなかった,謝らなかった,あやまら,謝ら,あやまれば,謝れば,あやまれる,謝れる,あやまられる,謝られる,あやまらせる,謝らせる,あやまらせられる,謝らせられる,あやまれ,謝れ,あやまろう,謝ろう,
43,読み物,5,しりあいます,知り合います Ⅰ,認識,Verb,v-communication,I,しりあう,知り合う,しりあう,知り合う,しりあいます,知り合います,しりあいます,知り合います,しりあいました,知り合いました,しりあいません,知り合いません,しりあって,知り合って,しりあった,知り合った,しりあわない,知り合わない,しりあわなかった,知り合わなかった,しりあわ,知り合わ,しりあえば,知り合えば,しりあえる,知り合える,しりあわれる,知り合われる,しりあわせる,知り合わせる,しりあわせられる,知り合わせられる,しりあえ,知り合え,しりあおう,知り合おう,
44,単語,1,なきます,泣きます Ⅰ,哭,Verb,v-other,I,なく,泣く,なく,泣く,なきます,泣きます,なきます,泣きます,なきました,泣きました,なきません,泣きません,ないて,泣いて,ないた,泣いた,なかない,泣かない,なかなかった,泣かなかった,なか,泣か,なけば,泣けば,なける,泣ける,なかれる,泣かれる,なかせる,泣かせる,なかせられる,泣かせられる,なけ,泣け,なこう,泣こう,
44,単語,2,わらいます,笑います Ⅰ,笑,Verb,v-other,I,わらう,笑う,わらう,笑う,わらいます,笑います,わらいます,笑います,わらいました,笑いました,わらいません,笑いません,わらって,笑って,わらった,笑った,わらわない,笑わない,わらわなかった,笑わなかった,わらわ,笑わ,わらえば,笑えば,わらえる,笑える,わらわれる,笑われる,わらわせる,笑わせる,わらわせられる,笑わせられる,わらえ,笑え,わらおう,笑おう,
44,単語,3,ねむります,眠ります Ⅰ,睡,Verb,v-daily,I,ねむる,眠る,ねむる,眠る,ねむります,眠ります,ねむります,眠ります,ねむりました,眠りました,ねむりません,眠りません,ねむって,眠って,ねむった,眠った,ねむらない,眠らない,ねむらなかった,眠らなかった,ねむら,眠ら,ねむれば,眠れば,ねむれる,眠れる,ねむられる,眠られる,ねむらせる,眠らせる,ねむらせられる,眠らせられる,ねむれ,眠れ,ねむろう,眠ろう,
44,単語,4,かわきます [シャツが〜],乾きます Ⅰ [シャツが〜],〔襯衫〕乾,Verb,v-other,I,かわく,乾く,かわく,乾く,かわきます,乾きます,かわきます,乾きます,かわきました,乾きました,かわきません,乾きません,かわいて,乾いて,かわいた,乾いた,かわかない,乾かない,かわかなかった,乾かなかった,かわか,乾か,かわけば,乾けば,かわける,乾ける,かわかれる,乾かれる,かわかせる,乾かせる,かわかせられる,乾かせられる,かわけ,乾け,かわこう,乾こう,
44,単語,5,ぬれます * [シャツが〜],ぬれます Ⅱ* [シャツが〜],〔襯衫〕濕,Verb,v-other,II,ぬれる,,ぬれる,,ぬれます,,ぬれます,,ぬれました,,ぬれません,,ぬれて,,ぬれた,,ぬれない,,ぬれなかった,,ぬれ,,ぬれれば,,ぬれられる,,ぬれられる,,ぬれさせる,,ぬれさせられる,,ぬれろ,,ぬれよう,,
44,単語,6,すべります,滑ります Ⅰ,滑,Verb,v-other,I,すべる,滑る,すべる,滑る,すべります,滑ります,すべります,滑ります,すべりました,滑りました,すべりません,滑りません,すべって,滑って,すべった,滑った,すべらない,滑らない,すべらなかった,滑らなかった,すべら,滑ら,すべれば,滑れば,すべれる,滑れる,すべられる,滑られる,すべらせる,滑らせる,すべらせられる,滑らせられる,すべれ,滑れ,すべろう,滑ろう,
44,単語,7,おきます [じこが〜],起きます Ⅱ [事故が〜],發生〔事故〕,Verb,v-other,II,おきる,起きる,おきる,起きる,おきます,起きます,おきます,起きます,おきました,起きました,おきません,起きません,おきて,起きて,おきた,起きた,おきない,起きない,おきなかった,起きなかった,おき,起き,おきれば,起きれば,おきられる,起きられる,おきられる,起きられる,おきさせる,起きさせる,おきさせられる,起きさせられる,おきろ,起きろ,おきよう,起きよう,
44,単語,8,ちょうせつします,調節します Ⅲ,調節,Verb,v-other,III,ちょうせつする,調節する,ちょうせつする,調節する,ちょうせつします,調節します,ちょうせつします,調節します,ちょうせつしました,調節しました,ちょうせつしません,調節しません,ちょうせつして,調節して,ちょうせつした,調節した,ちょうせつしない,調節しない,ちょうせつしなかった,調節しなかった,ちょうせつし,調節し,ちょうせつすれば,調節すれば,ちょうせつできる,調節できる,ちょうせつされる,調節される,ちょうせつさせる,調節させる,ちょうせつさせられる,調節させられる,ちょうせつしろ,調節しろ,ちょうせつしよう,調節しよう,irregular-override
44,単語,9,あんぜん [な],安全 [な],安全,na-Adjective,descriptive,,,,,,,,,,,,,,,,,,,,,,,,,,,,,,,,,,,,,,
44,単語,10,きけん [な]*,危険 [な],危險,na-Adjective,descriptive,,,,,,,,,,,,,,,,,,,,,,,,,,,,,,,,,,,,,,
44,単語,11,こい,濃い,（味道）濃、（顏色）深,i-Adjective,descriptive,,,,,,,,,,,,,,,,,,,,,,,,,,,,,,,,,,,,,,
44,単語,12,うすい,薄い,（味道）淡、（顏色）淺,i-Adjective,descriptive,,,,,,,,,,,,,,,,,,,,,,,,,,,,,,,,,,,,,,
44,単語,13,あつい,厚い,厚,i-Adjective,descriptive,,,,,,,,,,,,,,,,,,,,,,,,,,,,,,,,,,,,,,
44,単語,14,ふとい,太い,粗,i-Adjective,descriptive,,,,,,,,,,,,,,,,,,,,,,,,,,,,,,,,,,,,,,
44,単語,15,ほそい*,細い,細,i-Adjective,descriptive,,,,,,,,,,,,,,,,,,,,,,,,,,,,,,,,,,,,,,
44,単語,16,くうき,空気,空氣,Noun,object,,,,,,,,,,,,,,,,,,,,,,,,,,,,,,,,,,,,,,
44,単語,17,なみだ,涙,眼淚,Noun,object,,,,,,,,,,,,,,,,,,,,,,,,,,,,,,,,,,,,,,
44,単語,18,わしょく,和食,日式料理,Noun,food-drink,,,,,,,,,,,,,,,,,,,,,,,,,,,,,,,,,,,,,,
44,単語,19,ようしょく,洋食,西餐,Noun,food-drink,,,,,,,,,,,,,,,,,,,,,,,,,,,,,,,,,,,,,,
44,単語,20,おかず*,,菜餚,Noun,food-drink,,,,,,,,,,,,,,,,,,,,,,,,,,,,,,,,,,,,,,
44,単語,21,りょう,量,量,Noun,object,,,,,,,,,,,,,,,,,,,,,,,,,,,,,,,,,,,,,,
44,単語,22,〜ばい,〜倍,…倍,Suffix,function,,,,,,,,,,,,,,,,,,,,,,,,,,,,,,,,,,,,,,
44,単語,23,シングル,,單人房,Noun,object,,,,,,,,,,,,,,,,,,,,,,,,,,,,,,,,,,,,,,
44,単語,24,ツイン,,雙人房,Noun,object,,,,,,,,,,,,,,,,,,,,,,,,,,,,,,,,,,,,,,
44,単語,25,せんたくもの,洗濯物,洗滌衣物,Noun,object,,,,,,,,,,,,,,,,,,,,,,,,,,,,,,,,,,,,,,
44,単語,26,ディーブイディー,DVD,DVD,Noun,object,,,,,,,,,,,,,,,,,,,,,,,,,,,,,,,,,,,,,,
44,単語,27,※ホテルひろしま,,廣島飯店（虛構的飯店）,Noun,proper-noun,,,,,,,,,,,,,,,,,,,,,,,,,,,,,,,,,,,,,,
44,会話,1,どう なさいますか。,,您要怎麼做？,Phrase,expression,,,,,,,,,,,,,,,,,,,,,,,,,,,,,,,,,,,,,,
44,会話,2,カット,,剪髮,Noun,object,,,,,,,,,,,,,,,,,,,,,,,,,,,,,,,,,,,,,,
44,会話,3,シャンプー,,洗髮（〜を します：洗髮）,Noun,object,,,,,,,,,,,,,,,,,,,,,,,,,,,,,,,,,,,,,,
44,会話,4,どういうふうに なさいますか。,,您準備怎麼剪（剪）呢？,Phrase,expression,,,,,,,,,,,,,,,,,,,,,,,,,,,,,,,,,,,,,,
44,会話,5,ショート,,短髮,Noun,object,,,,,,,,,,,,,,,,,,,,,,,,,,,,,,,,,,,,,,
44,会話,6,〜みたいに して ください。,,請剪成像～的樣子。,Phrase,expression,,,,,,,,,,,,,,,,,,,,,,,,,,,,,,,,,,,,,,
44,会話,7,これで よろしいでしょうか。,,這樣可以嗎？（禮貌的說法）,Phrase,expression,,,,,,,,,,,,,,,,,,,,,,,,,,,,,,,,,,,,,,
44,会話,8,[どうも] おつかれさまでした。,[どうも] お疲れさまでした。,您辛苦了。,Phrase,greeting,,,,,,,,,,,,,,,,,,,,,,,,,,,,,,,,,,,,,,
44,読み物,1,いやがります,嫌がります Ⅰ,討厭、不喜歡,Verb,v-other,I,いやがる,嫌がる,いやがる,嫌がる,いやがります,嫌がります,いやがります,嫌がります,いやがりました,嫌がりました,いやがりません,嫌がりません,いやがって,嫌がって,いやがった,嫌がった,いやがらない,嫌がらない,いやがらなかった,嫌がらなかった,いやがら,嫌がら,いやがれば,嫌がれば,いやがれる,嫌がれる,いやがられる,嫌がられる,いやがらせる,嫌がらせる,いやがらせられる,嫌がらせられる,いやがれ,嫌がれ,いやがろう,嫌がろう,
44,読み物,2,また,,還有、且,Conjunction,function,,,,,,,,,,,,,,,,,,,,,,,,,,,,,,,,,,,,,,
44,読み物,3,うまく,,～得好,Adverb,function,,,,,,,,,,,,,,,,,,,,,,,,,,,,,,,,,,,,,,
44,読み物,4,じゅんじょ,順序,順序,Noun,object,,,,,,,,,,,,,,,,,,,,,,,,,,,,,,,,,,,,,,
44,読み物,5,あんしん [な],安心 [な],安心、放心,na-Adjective,descriptive,,,,,,,,,,,,,,,,,,,,,,,,,,,,,,,,,,,,,,
44,読み物,6,ひょうげん,表現,表達、表現,Noun,object,,,,,,,,,,,,,,,,,,,,,,,,,,,,,,,,,,,,,,
44,読み物,7,たとえば,例えば,例如,Conjunction,function,,,,,,,,,,,,,,,,,,,,,,,,,,,,,,,,,,,,,,
44,読み物,8,わかれます,別れます Ⅱ,分開、分離,Verb,v-other,II,わかれる,別れる,わかれる,別れる,わかれます,別れます,わかれます,別れます,わかれました,別れました,わかれません,別れません,わかれて,別れて,わかれた,別れた,わかれない,別れない,わかれなかった,別れなかった,わかれ,別れ,わかれれば,別れれば,わかれられる,別れられる,わかれられる,別れられる,わかれさせる,別れさせる,わかれさせられる,別れさせられる,わかれろ,別れろ,わかれよう,別れよう,
44,読み物,9,これら,,這些,Pronoun,function,,,,,,,,,,,,,,,,,,,,,,,,,,,,,,,,,,,,,,
44,読み物,10,えんぎが わるい,縁起が 悪い,不吉利,Phrase,expression,,,,,,,,,,,,,,,,,,,,,,,,,,,,,,,,,,,,,,
45,単語,1,しんじます,信じます Ⅱ,相信,Verb,v-other,II,しんじる,信じる,しんじる,信じる,しんじます,信じます,しんじます,信じます,しんじました,信じました,しんじません,信じません,しんじて,信じて,しんじた,信じた,しんじない,信じない,しんじなかった,信じなかった,しんじ,信じ,しんじれば,信じれば,しんじられる,信じられる,しんじられる,信じられる,しんじさせる,信じさせる,しんじさせられる,信じさせられる,しんじろ,信じろ,しんじよう,信じよう,
45,単語,2,キャンセルします,,取消,Verb,v-handling,III,キャンセルする,,キャンセルする,,キャンセルします,,キャンセルします,,キャンセルしました,,キャンセルしません,,キャンセルして,,キャンセルした,,キャンセルしない,,キャンセルしなかった,,キャンセルし,,キャンセルすれば,,キャンセルできる,,キャンセルされる,,キャンセルさせる,,キャンセルさせられる,,キャンセルしろ,,キャンセルしよう,,irregular-override; no-kanji
45,単語,3,しらせます,知らせます Ⅱ,通知,Verb,v-other,II,しらせる,知らせる,しらせる,知らせる,しらせます,知らせます,しらせます,知らせます,しらせました,知らせました,しらせません,知らせません,しらせて,知らせて,しらせた,知らせた,しらせない,知らせない,しらせなかった,知らせなかった,しらせ,知らせ,しらせれば,知らせれば,しらせられる,知らせられる,しらせられる,知らせられる,しらせさせる,知らせさせる,しらせさせられる,知らせさせられる,しらせろ,知らせろ,しらせよう,知らせよう,
45,単語,4,ほしょうしょ,保証書,保證書,Noun,language-study,,,,,,,,,,,,,,,,,,,,,,,,,,,,,,,,,,,,,,
45,単語,5,りょうしゅうしょ,領収書,收據、發票,Noun,object,,,,,,,,,,,,,,,,,,,,,,,,,,,,,,,,,,,,,,
45,単語,6,キャンプ,,露營、帳篷,Noun,hobby-sport,,,,,,,,,,,,,,,,,,,,,,,,,,,,,,,,,,,,,,
45,単語,7,ちゅうし,中止,中止,Noun,object,,,,,,,,,,,,,,,,,,,,,,,,,,,,,,,,,,,,,,
45,単語,8,てん,点,分數,Noun,object,,,,,,,,,,,,,,,,,,,,,,,,,,,,,,,,,,,,,,
45,単語,9,うめ,梅,梅花,Noun,animals-plants,,,,,,,,,,,,,,,,,,,,,,,,,,,,,,,,,,,,,,
45,単語,10,ひゃくとおばん,110番,110（警察局的電話號碼、緊急呼救用）,Noun,occupation,,,,,,,,,,,,,,,,,,,,,,,,,,,,,,,,,,,,,,
45,単語,11,ひゃくじゅうきゅうばん,119番,119（消防廳的電話號碼、緊急呼救用）,Noun,communication,,,,,,,,,,,,,,,,,,,,,,,,,,,,,,,,,,,,,,
45,単語,12,きゅうに,急に,突然地,Adverb,function,,,,,,,,,,,,,,,,,,,,,,,,,,,,,,,,,,,,,,
45,単語,13,むりに,無理に,勉強地,Adverb,function,,,,,,,,,,,,,,,,,,,,,,,,,,,,,,,,,,,,,,
45,単語,14,たのしみに しています,楽しみに しています,期待著、盼望著,Verb,v-other,III,,,,,,,,,,,,,,,,,,,,,,,,,,,,,,,,,,,,,failed: group-III unrecognised pattern
45,単語,15,いじょうです。,以上です。,到此結束。／我的話講完了。,Phrase,expression,,,,,,,,,,,,,,,,,,,,,,,,,,,,,,,,,,,,,,
45,会話,1,かかりいん,係員,工作人員,Noun,occupation,,,,,,,,,,,,,,,,,,,,,,,,,,,,,,,,,,,,,,
45,会話,2,コース,,路線,Noun,object,,,,,,,,,,,,,,,,,,,,,,,,,,,,,,,,,,,,,,
45,会話,3,スタート,,出發、開始,Noun,object,,,,,,,,,,,,,,,,,,,,,,,,,,,,,,,,,,,,,,
45,会話,4,〜い,〜位,第…名,Suffix,function,,,,,,,,,,,,,,,,,,,,,,,,,,,,,,,,,,,,,,
45,会話,5,ゆうしょうします,優勝します Ⅲ,獲得冠軍,Verb,v-other,III,ゆうしょうする,優勝する,ゆうしょうする,優勝する,ゆうしょうします,優勝します,ゆうしょうします,優勝します,ゆうしょうしました,優勝しました,ゆうしょうしません,優勝しません,ゆうしょうして,優勝して,ゆうしょうした,優勝した,ゆうしょうしない,優勝しない,ゆうしょうしなかった,優勝しなかった,ゆうしょうし,優勝し,ゆうしょうすれば,優勝すれば,ゆうしょうできる,優勝できる,ゆうしょうされる,優勝される,ゆうしょうさせる,優勝させる,ゆうしょうさせられる,優勝させられる,ゆうしょうしろ,優勝しろ,ゆうしょうしよう,優勝しよう,irregular-override
45,読み物,1,なやみ,悩み,煩惱、麻煩,Noun,abstract,,,,,,,,,,,,,,,,,,,,,,,,,,,,,,,,,,,,,,
45,読み物,2,めざまし [どけい],目覚まし [時計],鬧鐘,Noun,object,,,,,,,,,,,,,,,,,,,,,,,,,,,,,,,,,,,,,,
45,読み物,3,めが さめます,目が 覚めます Ⅱ,醒來,Verb,v-motion,II,めがさめる,目が覚める,めがさめる,目が覚める,めがさめます,目が覚めます,めがさめます,目が覚めます,めがさめました,目が覚めました,めがさめません,目が覚めません,めがさめて,目が覚めて,めがさめた,目が覚めた,めがさめない,目が覚めない,めがさめなかった,目が覚めなかった,めがさめ,目が覚め,めがさめれば,目が覚めれば,めがさめられる,目が覚められる,めがさめられる,目が覚められる,めがさめさせる,目が覚めさせる,めがさめさせられる,目が覚めさせられる,めがさめろ,目が覚めろ,めがさめよう,目が覚めよう,
45,読み物,4,だいがくせい,大学生,大學生,Noun,occupation,,,,,,,,,,,,,,,,,,,,,,,,,,,,,,,,,,,,,,
45,読み物,5,かいとう,回答,回答（〜します：回答）,Noun,abstract,,,,,,,,,,,,,,,,,,,,,,,,,,,,,,,,,,,,,,
45,読み物,6,なります,鳴ります Ⅰ,響、叫,Verb,v-communication,I,なる,鳴る,なる,鳴る,なります,鳴ります,なります,鳴ります,なりました,鳴りました,なりません,鳴りません,なって,鳴って,なった,鳴った,ならない,鳴らない,ならなかった,鳴らなかった,なら,鳴ら,なれば,鳴れば,なれる,鳴れる,なられる,鳴られる,ならせる,鳴らせる,ならせられる,鳴らせられる,なれ,鳴れ,なろう,鳴ろう,
45,読み物,7,セットします,,設定,Verb,v-other,III,セットする,,セットする,,セットします,,セットします,,セットしました,,セットしません,,セットして,,セットした,,セットしない,,セットしなかった,,セットし,,セットすれば,,セットできる,,セットされる,,セットさせる,,セットさせられる,,セットしろ,,セットしよう,,irregular-override; no-kanji
45,読み物,8,それでも,,儘管如此,Conjunction,function,,,,,,,,,,,,,,,,,,,,,,,,,,,,,,,,,,,,,,
46,単語,1,わたします,渡します Ⅰ,交給、遞交,Verb,v-transaction,I,わたす,渡す,わたす,渡す,わたします,渡します,わたします,渡します,わたしました,渡しました,わたしません,渡しません,わたして,渡して,わたした,渡した,わたさない,渡さない,わたさなかった,渡さなかった,わたさ,渡さ,わたせば,渡せば,わたせる,渡せる,わたされる,渡される,わたさせる,渡させる,わたさせられる,渡させられる,わたせ,渡せ,わたそう,渡そう,
46,単語,2,かえって きます,帰って 来ます Ⅲ,回來,Verb,v-motion,III,かえってくる,帰って来る,かえってくる,帰って来る,かえってきます,帰って来ます,かえってきます,帰って来ます,かえってきました,帰って来ました,かえってきません,帰って来ません,かえってきて,帰って来て,かえってきた,帰って来た,かえってこない,帰って来ない,かえってこなかった,帰って来なかった,かえってこ,帰って来,かえってくれば,帰って来れば,かえってこられる,帰って来られる,かえってこられる,帰って来られる,かえってこさせる,帰って来させる,かえってこさせられる,帰って来させられる,かえってこい,帰って来い,かえってこよう,帰って来よう,irregular-override
46,単語,3,でます [バスが〜],出ます Ⅱ,〔公車〕出發,Verb,v-motion,II,でる,出る,でる,出る,でます,出ます,でます,出ます,でました,出ました,でません,出ません,でて,出て,でた,出た,でない,出ない,でなかった,出なかった,で,出,でれば,出れば,でられる,出られる,でられる,出られる,でさせる,出させる,でさせられる,出させられる,でろ,出ろ,でよう,出よう,
46,単語,4,とどきます [にもつが〜],届きます Ⅰ [荷物が〜],〔行李〕送達,Verb,v-other,I,とどく,届く,とどく,届く,とどきます,届きます,とどきます,届きます,とどきました,届きました,とどきません,届きません,とどいて,届いて,とどいた,届いた,とどかない,届かない,とどかなかった,届かなかった,とどか,届か,とどけば,届けば,とどける,届ける,とどかれる,届かれる,とどかせる,届かせる,とどかせられる,届かせられる,とどけ,届け,とどこう,届こう,
46,単語,5,にゅうがくします [だいがくに〜],入学します Ⅲ [大学に〜],〔大學〕入學,Verb,v-workstudy,III,にゅうがくする,入学する,にゅうがくする,入学する,にゅうがくします,入学します,にゅうがくします,入学します,にゅうがくしました,入学しました,にゅうがくしません,入学しません,にゅうがくして,入学して,にゅうがくした,入学した,にゅうがくしない,入学しない,にゅうがくしなかった,入学しなかった,にゅうがくし,入学し,にゅうがくすれば,入学すれば,にゅうがくできる,入学できる,にゅうがくされる,入学される,にゅうがくさせる,入学させる,にゅうがくさせられる,入学させられる,にゅうがくしろ,入学しろ,にゅうがくしよう,入学しよう,irregular-override
46,単語,6,そつぎょうします [だいがくを〜],卒業します Ⅲ [大学を〜],〔大學〕畢業,Verb,v-workstudy,III,そつぎょうする,卒業する,そつぎょうする,卒業する,そつぎょうします,卒業します,そつぎょうします,卒業します,そつぎょうしました,卒業しました,そつぎょうしません,卒業しません,そつぎょうして,卒業して,そつぎょうした,卒業した,そつぎょうしない,卒業しない,そつぎょうしなかった,卒業しなかった,そつぎょうし,卒業し,そつぎょうすれば,卒業すれば,そつぎょうできる,卒業できる,そつぎょうされる,卒業される,そつぎょうさせる,卒業させる,そつぎょうさせられる,卒業させられる,そつぎょうしろ,卒業しろ,そつぎょうしよう,卒業しよう,irregular-override
46,単語,7,やきます,焼きます Ⅰ,烤、燒,Verb,v-other,I,やく,焼く,やく,焼く,やきます,焼きます,やきます,焼きます,やきました,焼きました,やきません,焼きません,やいて,焼いて,やいた,焼いた,やかない,焼かない,やかなかった,焼かなかった,やか,焼か,やけば,焼けば,やける,焼ける,やかれる,焼かれる,やかせる,焼かせる,やかせられる,焼かせられる,やけ,焼け,やこう,焼こう,
46,単語,8,やけます [パンが〜] [にくが〜],焼けます Ⅱ [肉が〜],烤〔麵包〕 烤〔肉〕,Verb,v-other,II,やける,焼ける,やける,焼ける,やけます,焼けます,やけます,焼けます,やけました,焼けました,やけません,焼けません,やけて,焼けて,やけた,焼けた,やけない,焼けない,やけなかった,焼けなかった,やけ,焼け,やければ,焼ければ,やけられる,焼けられる,やけられる,焼けられる,やけさせる,焼けさせる,やけさせられる,焼けさせられる,やけろ,焼けろ,やけよう,焼けよう,
46,単語,9,るす,留守,不在家,Noun,object,,,,,,,,,,,,,,,,,,,,,,,,,,,,,,,,,,,,,,
46,単語,10,たくはいびん,宅配便,宅配,Noun,object,,,,,,,,,,,,,,,,,,,,,,,,,,,,,,,,,,,,,,
46,単語,11,げんいん,原因,原因,Noun,abstract,,,,,,,,,,,,,,,,,,,,,,,,,,,,,,,,,,,,,,
46,単語,12,こちら,こちら,這邊（說話者方）,Pronoun,function,,,,,,,,,,,,,,,,,,,,,,,,,,,,,,,,,,,,,,
46,単語,13,〜の ところ,〜の 所,～的地方,Phrase,expression,,,,,,,,,,,,,,,,,,,,,,,,,,,,,,,,,,,,,,
46,単語,14,はんと し,半年,半年,Noun,object,,,,,,,,,,,,,,,,,,,,,,,,,,,,,,,,,,,,,,
46,単語,15,ちょうど,丁度,正好、剛好,Adverb,function,,,,,,,,,,,,,,,,,,,,,,,,,,,,,,,,,,,,,,
46,単語,16,たったいま,たった今,剛才、剛剛（和過去式一起使用，表示完了）,Adverb,function,,,,,,,,,,,,,,,,,,,,,,,,,,,,,,,,,,,,,,
46,単語,17,いま いいですか。,今 いいですか。,現在可以嗎？,Phrase,expression,,,,,,,,,,,,,,,,,,,,,,,,,,,,,,,,,,,,,,
46,会話,1,ガスサービスセンター,,瓦斯服務中心,Noun,abstract,,,,,,,,,,,,,,,,,,,,,,,,,,,,,,,,,,,,,,
46,会話,2,ガスレンジ,,瓦斯爐,Noun,object,,,,,,,,,,,,,,,,,,,,,,,,,,,,,,,,,,,,,,
46,会話,3,ぐあい,具合,情況,Noun,abstract,,,,,,,,,,,,,,,,,,,,,,,,,,,,,,,,,,,,,,
46,会話,4,もうしわけ ありません。,申し訳 ありません。,對不起。,Phrase,greeting,,,,,,,,,,,,,,,,,,,,,,,,,,,,,,,,,,,,,,
46,会話,5,どちらさまでしょうか。,どちら様でしょうか。,您是哪位？,Phrase,expression,,,,,,,,,,,,,,,,,,,,,,,,,,,,,,,,,,,,,,
46,会話,6,おまたせしました。,お待たせしました。,讓您久等了。,Phrase,greeting,,,,,,,,,,,,,,,,,,,,,,,,,,,,,,,,,,,,,,
46,会話,7,むかいます,向かいます Ⅰ,朝著～去,Verb,v-motion,I,むかう,向かう,むかう,向かう,むかいます,向かいます,むかいます,向かいます,むかいました,向かいました,むかいません,向かいません,むかって,向かって,むかった,向かった,むかわない,向かわない,むかわなかった,向かわなかった,むかわ,向かわ,むかえば,向かえば,むかえる,向かえる,むかわれる,向かわれる,むかわせる,向かわせる,むかわせられる,向かわせられる,むかえ,向かえ,むかおう,向かおう,
46,読み物,1,ついています,,運氣好,Verb,v-other,II,ついている,,ついている,,ついています,,ついています,,ついていました,,ついていません,,ついていて,,ついていた,,ついていない,,ついていなかった,,ついてい,,ついていれば,,ついていられる,,ついていられる,,ついていさせる,,ついていさせられる,,ついていろ,,ついていよう,,no-kanji
46,読み物,2,ゆか,床,地板,Noun,object,,,,,,,,,,,,,,,,,,,,,,,,,,,,,,,,,,,,,,
46,読み物,3,ころびます,転びます Ⅰ,摔倒,Verb,v-change,I,ころぶ,転ぶ,ころぶ,転ぶ,ころびます,転びます,ころびます,転びます,ころびました,転びました,ころびません,転びません,ころんで,転んで,ころんだ,転んだ,ころばない,転ばない,ころばなかった,転ばなかった,ころば,転ば,ころべば,転べば,ころべる,転べる,ころばれる,転ばれる,ころばせる,転ばせる,ころばせられる,転ばせられる,ころべ,転べ,ころぼう,転ぼう,
46,読み物,4,ベル,,鈴、電鈴,Noun,object,,,,,,,,,,,,,,,,,,,,,,,,,,,,,,,,,,,,,,
46,読み物,5,なります,鳴ります Ⅰ,響、叫,Verb,v-communication,I,なる,鳴る,なる,鳴る,なります,鳴ります,なります,鳴ります,なりました,鳴りました,なりません,鳴りません,なって,鳴って,なった,鳴った,ならない,鳴らない,ならなかった,鳴らなかった,なら,鳴ら,なれば,鳴れば,なれる,鳴れる,なられる,鳴られる,ならせる,鳴らせる,ならせられる,鳴らせられる,なれ,鳴れ,なろう,鳴ろう,
46,読み物,6,あわてて,慌てて,急忙、匆忙,Adverb,function,,,,,,,,,,,,,,,,,,,,,,,,,,,,,,,,,,,,,,
46,読み物,7,じゅんばんに,順番に,（按）順序,Adverb,function,,,,,,,,,,,,,,,,,,,,,,,,,,,,,,,,,,,,,,
46,読み物,8,できごと,出来事,發生的事情,Noun,abstract,,,,,,,,,,,,,,,,,,,,,,,,,,,,,,,,,,,,,,
47,単語,1,ふきます [かぜが〜],吹きます Ⅰ [風が〜],刮〔風〕,Verb,v-other,I,ふく,吹く,ふく,吹く,ふきます,吹きます,ふきます,吹きます,ふきました,吹きました,ふきません,吹きません,ふいて,吹いて,ふいた,吹いた,ふかない,吹かない,ふかなかった,吹かなかった,ふか,吹か,ふけば,吹けば,ふける,吹ける,ふかれる,吹かれる,ふかせる,吹かせる,ふかせられる,吹かせられる,ふけ,吹け,ふこう,吹こう,
47,単語,2,もえます [ごみが〜],燃えます Ⅱ [ごみが〜],燃燒〔垃圾〕,Verb,v-change,II,もえる,燃える,もえる,燃える,もえます,燃えます,もえます,燃えます,もえました,燃えました,もえません,燃えません,もえて,燃えて,もえた,燃えた,もえない,燃えない,もえなかった,燃えなかった,もえ,燃え,もえれば,燃えれば,もえられる,燃えられる,もえられる,燃えられる,もえさせる,燃えさせる,もえさせられる,燃えさせられる,もえろ,燃えろ,もえよう,燃えよう,
47,単語,3,なくなります,亡くなります Ⅰ,去世（「しにます」的婉轉說法）,Verb,v-motion,I,なくなる,亡くなる,なくなる,亡くなる,なくなります,亡くなります,なくなります,亡くなります,なくなりました,亡くなりました,なくなりません,亡くなりません,なくなって,亡くなって,なくなった,亡くなった,なくならない,亡くならない,なくならなかった,亡くならなかった,なくなら,亡くなら,なくなれば,亡くなれば,なくなれる,亡くなれる,なくなられる,亡くなられる,なくならせる,亡くならせる,なくならせられる,亡くならせられる,なくなれ,亡くなれ,なくなろう,亡くなろう,
47,単語,4,あつまります [ひとが〜],集まります Ⅰ [人が〜],聚集〔人〕,Verb,v-other,I,あつまる,集まる,あつまる,集まる,あつまります,集まります,あつまります,集まります,あつまりました,集まりました,あつまりません,集まりません,あつまって,集まって,あつまった,集まった,あつまらない,集まらない,あつまらなかった,集まらなかった,あつまら,集まら,あつまれば,集まれば,あつまれる,集まれる,あつまられる,集まられる,あつまらせる,集まらせる,あつまらせられる,集まらせられる,あつまれ,集まれ,あつまろう,集まろう,
47,単語,5,わかれます [ひとと〜],別れます Ⅱ [人と〜],〔與人〕分手、分開,Verb,v-other,II,わかれる,別れる,わかれる,別れる,わかれます,別れます,わかれます,別れます,わかれました,別れました,わかれません,別れません,わかれて,別れて,わかれた,別れた,わかれない,別れない,わかれなかった,別れなかった,わかれ,別れ,わかれれば,別れれば,わかれられる,別れられる,わかれられる,別れられる,わかれさせる,別れさせる,わかれさせられる,別れさせられる,わかれろ,別れろ,わかれよう,別れよう,
47,単語,6,します [おと／こえが〜] [あじが〜] [においが〜],,有〔響聲／聲音〕 有〔味道〕 有〔氣味〕,Verb,v-other,III,する,,する,,します,,します,,しました,,しません,,して,,した,,しない,,しなかった,,し,,すれば,,できる,,される,,させる,,させられる,,しろ,,しよう,,irregular-override; no-kanji
47,単語,7,きびしい,厳しい,嚴厲、嚴格,i-Adjective,descriptive,,,,,,,,,,,,,,,,,,,,,,,,,,,,,,,,,,,,,,
47,単語,8,ひどい,酷い,嚴重、厲害,i-Adjective,descriptive,,,,,,,,,,,,,,,,,,,,,,,,,,,,,,,,,,,,,,
47,単語,9,こわい,怖い,害怕、可怕,i-Adjective,descriptive,,,,,,,,,,,,,,,,,,,,,,,,,,,,,,,,,,,,,,
47,単語,10,じっけん,実験,實驗,Noun,abstract,,,,,,,,,,,,,,,,,,,,,,,,,,,,,,,,,,,,,,
47,単語,11,データ,,數據、資料,Noun,object,,,,,,,,,,,,,,,,,,,,,,,,,,,,,,,,,,,,,,
47,単語,12,じんこう,人口,人口,Noun,object,,,,,,,,,,,,,,,,,,,,,,,,,,,,,,,,,,,,,,
47,単語,13,におい,臭い,氣味,Noun,object,,,,,,,,,,,,,,,,,,,,,,,,,,,,,,,,,,,,,,
47,単語,14,かがく,科学,科學,Noun,language-study,,,,,,,,,,,,,,,,,,,,,,,,,,,,,,,,,,,,,,
47,単語,15,いがく*,医学,醫學,Noun,language-study,,,,,,,,,,,,,,,,,,,,,,,,,,,,,,,,,,,,,,
47,単語,16,ぶんがく,文学,文學,Noun,language-study,,,,,,,,,,,,,,,,,,,,,,,,,,,,,,,,,,,,,,
47,単語,17,パトカー,,警車,Noun,transport,,,,,,,,,,,,,,,,,,,,,,,,,,,,,,,,,,,,,,
47,単語,18,きゅうきゅうしゃ,救急車,救護車,Noun,transport,,,,,,,,,,,,,,,,,,,,,,,,,,,,,,,,,,,,,,
47,単語,19,さんせい,賛成,贊成,Noun,object,,,,,,,,,,,,,,,,,,,,,,,,,,,,,,,,,,,,,,
47,単語,20,はんたい,反対,反對,Noun,object,,,,,,,,,,,,,,,,,,,,,,,,,,,,,,,,,,,,,,
47,単語,21,だいとうりょう,大統領,總統,Noun,occupation,,,,,,,,,,,,,,,,,,,,,,,,,,,,,,,,,,,,,,
47,単語,22,〜に よると,,根據～（表示訊息的出處）,Phrase,expression,,,,,,,,,,,,,,,,,,,,,,,,,,,,,,,,,,,,,,
47,会話,1,こんやくします,婚約します Ⅲ,訂婚,Verb,v-other,III,こんやくする,婚約する,こんやくする,婚約する,こんやくします,婚約します,こんやくします,婚約します,こんやくしました,婚約しました,こんやくしません,婚約しません,こんやくして,婚約して,こんやくした,婚約した,こんやくしない,婚約しない,こんやくしなかった,婚約しなかった,こんやくし,婚約し,こんやくすれば,婚約すれば,こんやくできる,婚約できる,こんやくされる,婚約される,こんやくさせる,婚約させる,こんやくさせられる,婚約させられる,こんやくしろ,婚約しろ,こんやくしよう,婚約しよう,irregular-override
47,会話,2,どうも,,總覺得（用於講述自己的推測時）,Adverb,function,,,,,,,,,,,,,,,,,,,,,,,,,,,,,,,,,,,,,,
47,会話,3,こいびと,恋人,戀人,Noun,object,,,,,,,,,,,,,,,,,,,,,,,,,,,,,,,,,,,,,,
47,会話,4,あいて,相手,對方,Noun,object,,,,,,,,,,,,,,,,,,,,,,,,,,,,,,,,,,,,,,
47,会話,5,しりあいます,知り合います Ⅰ,認識,Verb,v-communication,I,しりあう,知り合う,しりあう,知り合う,しりあいます,知り合います,しりあいます,知り合います,しりあいました,知り合いました,しりあいません,知り合いません,しりあって,知り合って,しりあった,知り合った,しりあわない,知り合わない,しりあわなかった,知り合わなかった,しりあわ,知り合わ,しりあえば,知り合えば,しりあえる,知り合える,しりあわれる,知り合われる,しりあわせる,知り合わせる,しりあわせられる,知り合わせられる,しりあえ,知り合え,しりあおう,知り合おう,
47,読み物,1,けしょう,化粧,化妝（〜を します：化妝）,Noun,object,,,,,,,,,,,,,,,,,,,,,,,,,,,,,,,,,,,,,,
47,読み物,2,せわを します,世話を します Ⅲ,照顧、照料,Verb,v-other,III,せわをする,世話をする,せわをする,世話をする,せわをします,世話をします,せわをします,世話をします,せわをしました,世話をしました,せわをしません,世話をしません,せわをして,世話をして,せわをした,世話をした,せわをしない,世話をしない,せわをしなかった,世話をしなかった,せわをし,世話をし,せわをすれば,世話をすれば,せわをできる,世話をできる,せわをされる,世話をされる,せわをさせる,世話をさせる,せわをさせられる,世話をさせられる,せわをしろ,世話をしろ,せわをしよう,世話をしよう,irregular-override
47,読み物,3,じょせい,女性,女性,Noun,object,,,,,,,,,,,,,,,,,,,,,,,,,,,,,,,,,,,,,,
47,読み物,4,だんせい,男性,男性,Noun,object,,,,,,,,,,,,,,,,,,,,,,,,,,,,,,,,,,,,,,
47,読み物,5,ながいき,長生き,長壽（〜します：長壽）,Noun,object,,,,,,,,,,,,,,,,,,,,,,,,,,,,,,,,,,,,,,
47,読み物,6,りゆう,理由,理由,Noun,abstract,,,,,,,,,,,,,,,,,,,,,,,,,,,,,,,,,,,,,,
47,読み物,7,かんけい,関係,關係,Noun,abstract,,,,,,,,,,,,,,,,,,,,,,,,,,,,,,,,,,,,,,
48,単語,1,おろします,降ろします、下ろします,放下、卸下,Verb,v-handling,I,おろす,降ろします、下ろす,おろす,降ろします、下ろす,おろします,降ろします、下ろします,おろします,降ろします、下ろします,おろしました,降ろします、下ろしました,おろしません,降ろします、下ろしません,おろして,降ろします、下ろして,おろした,降ろします、下ろした,おろさない,降ろします、下ろさない,おろさなかった,降ろします、下ろさなかった,おろさ,降ろします、下ろさ,おろせば,降ろします、下ろせば,おろせる,降ろします、下ろせる,おろされる,降ろします、下ろされる,おろさせる,降ろします、下ろさせる,おろさせられる,降ろします、下ろさせられる,おろせ,降ろします、下ろせ,おろそう,降ろします、下ろそう,
48,単語,2,とどけます,届けます,遞送、送到,Verb,v-other,II,とどける,届ける,とどける,届ける,とどけます,届けます,とどけます,届けます,とどけました,届けました,とどけません,届けません,とどけて,届けて,とどけた,届けた,とどけない,届けない,とどけなかった,届けなかった,とどけ,届け,とどければ,届ければ,とどけられる,届けられる,とどけられる,届けられる,とどけさせる,届けさせる,とどけさせられる,届けさせられる,とどけろ,届けろ,とどけよう,届けよう,
48,単語,3,せわを します,世話を します,照顧、照料,Verb,v-other,III,せわをする,世話をする,せわをする,世話をする,せわをします,世話をします,せわをします,世話をします,せわをしました,世話をしました,せわをしません,世話をしません,せわをして,世話をして,せわをした,世話をした,せわをしない,世話をしない,せわをしなかった,世話をしなかった,せわをし,世話をし,せわをすれば,世話をすれば,せわをできる,世話をできる,せわをされる,世話をされる,せわをさせる,世話をさせる,せわをさせられる,世話をさせられる,せわをしろ,世話をしろ,せわをしよう,世話をしよう,irregular-override
48,単語,4,ろくおんします,録音します,錄音,Verb,v-other,III,ろくおんする,録音する,ろくおんする,録音する,ろくおんします,録音します,ろくおんします,録音します,ろくおんしました,録音しました,ろくおんしません,録音しません,ろくおんして,録音して,ろくおんした,録音した,ろくおんしない,録音しない,ろくおんしなかった,録音しなかった,ろくおんし,録音し,ろくおんすれば,録音すれば,ろくおんできる,録音できる,ろくおんされる,録音される,ろくおんさせる,録音させる,ろくおんさせられる,録音させられる,ろくおんしろ,録音しろ,ろくおんしよう,録音しよう,irregular-override
48,単語,5,いや [な],嫌 [な],討厭、不喜歡,na-Adjective,descriptive,,,,,,,,,,,,,,,,,,,,,,,,,,,,,,,,,,,,,,
48,単語,6,じゅく,塾,補習班,Noun,place,,,,,,,,,,,,,,,,,,,,,,,,,,,,,,,,,,,,,,
48,単語,7,せいと,生徒,學生（指中小學生）,Noun,occupation,,,,,,,,,,,,,,,,,,,,,,,,,,,,,,,,,,,,,,
48,単語,8,ファイル,,文件夾,Noun,object,,,,,,,,,,,,,,,,,,,,,,,,,,,,,,,,,,,,,,
48,単語,9,じゆうに,自由に,自由地、隨意地,Adverb,function,,,,,,,,,,,,,,,,,,,,,,,,,,,,,,,,,,,,,,
48,単語,10,〜かん,〜間,～期間,Suffix,function,,,,,,,,,,,,,,,,,,,,,,,,,,,,,,,,,,,,,,
48,単語,11,いい ことですね。,,那很好呀。,Phrase,expression,,,,,,,,,,,,,,,,,,,,,,,,,,,,,,,,,,,,,,
48,会話,1,おいそがしいですか。,お忙しいですか。,您忙嗎？（用於和上司、長輩打招呼時）,Phrase,expression,,,,,,,,,,,,,,,,,,,,,,,,,,,,,,,,,,,,,,
48,会話,2,えいぎょう,営業,營業、銷售,Noun,object,,,,,,,,,,,,,,,,,,,,,,,,,,,,,,,,,,,,,,
48,会話,3,それまでに,,到那時為止、在那之前,Adverb,function,,,,,,,,,,,,,,,,,,,,,,,,,,,,,,,,,,,,,,
48,会話,4,かまいません。,,沒關係。／別介意。,Phrase,expression,,,,,,,,,,,,,,,,,,,,,,,,,,,,,,,,,,,,,,
48,会話,5,たのしみます,楽しみます Ⅰ,享樂、快樂,Verb,v-other,I,たのしむ,楽しむ,たのしむ,楽しむ,たのしみます,楽しみます,たのしみます,楽しみます,たのしみました,楽しみました,たのしみません,楽しみません,たのしんで,楽しんで,たのしんだ,楽しんだ,たのしまない,楽しまない,たのしまなかった,楽しまなかった,たのしま,楽しま,たのしめば,楽しめば,たのしめる,楽しめる,たのしまれる,楽しまれる,たのしませる,楽しませる,たのしませられる,楽しませられる,たのしめ,楽しめ,たのしもう,楽しもう,
48,読み物,1,おや,親,父母,Noun,family,,,,,,,,,,,,,,,,,,,,,,,,,,,,,,,,,,,,,,
48,読み物,2,しょうがくせい,小学生,小學生,Noun,occupation,,,,,,,,,,,,,,,,,,,,,,,,,,,,,,,,,,,,,,
48,読み物,3,…パーセント,,百分之…,Suffix,function,,,,,,,,,,,,,,,,,,,,,,,,,,,,,,,,,,,,,,
48,読み物,4,その つぎ,その 次,其次,Noun,object,,,,,,,,,,,,,,,,,,,,,,,,,,,,,,,,,,,,,,
48,読み物,5,しゅうじ,習字,習字、書法,Noun,language-study,,,,,,,,,,,,,,,,,,,,,,,,,,,,,,,,,,,,,,
48,読み物,6,ふつうの,普通の,普通的,Prenominal,function,,,,,,,,,,,,,,,,,,,,,,,,,,,,,,,,,,,,,,
49,単語,1,りようします,利用します,利用,Verb,v-other,III,りようする,利用する,りようする,利用する,りようします,利用します,りようします,利用します,りようしました,利用しました,りようしません,利用しません,りようして,利用して,りようした,利用した,りようしない,利用しない,りようしなかった,利用しなかった,りようし,利用し,りようすれば,利用すれば,りようできる,利用できる,りようされる,利用される,りようさせる,利用させる,りようさせられる,利用させられる,りようしろ,利用しろ,りようしよう,利用しよう,irregular-override
49,単語,2,つとめます [かいしゃに〜],勤めます Ⅱ [会社に〜],〔在公司〕工作,Verb,v-workstudy,II,つとめる,勤める,つとめる,勤める,つとめます,勤めます,つとめます,勤めます,つとめました,勤めました,つとめません,勤めません,つとめて,勤めて,つとめた,勤めた,つとめない,勤めない,つとめなかった,勤めなかった,つとめ,勤め,つとめれば,勤めれば,つとめられる,勤められる,つとめられる,勤められる,つとめさせる,勤めさせる,つとめさせられる,勤めさせられる,つとめろ,勤めろ,つとめよう,勤めよう,
49,単語,3,かけます [いすに〜],掛けます Ⅱ,坐〔在椅子上〕,Verb,v-other,II,かける,掛ける,かける,掛ける,かけます,掛けます,かけます,掛けます,かけました,掛けました,かけません,掛けません,かけて,掛けて,かけた,掛けた,かけない,掛けない,かけなかった,掛けなかった,かけ,掛け,かければ,掛ければ,かけられる,掛けられる,かけられる,掛けられる,かけさせる,掛けさせる,かけさせられる,掛けさせられる,かけろ,掛けろ,かけよう,掛けよう,
49,単語,4,すごします,過ごします Ⅰ,過、度過,Verb,v-other,I,すごす,過ごす,すごす,過ごす,すごします,過ごします,すごします,過ごします,すごしました,過ごしました,すごしません,過ごしません,すごして,過ごして,すごした,過ごした,すごさない,過ごさない,すごさなかった,過ごさなかった,すごさ,過ごさ,すごせば,過ごせば,すごせる,過ごせる,すごされる,過ごされる,すごさせる,過ごさせる,すごさせられる,過ごさせられる,すごせ,過ごせ,すごそう,過ごそう,
49,単語,5,いらっしゃいます,,在、去、來（「います」「いきます」「きます」的尊敬語）,Verb,v-motion,I,いらっしゃる,,いらっしゃる,,いらっしゃいます,,いらっしゃいます,,いらっしゃいました,,いらっしゃいません,,いらっしゃって,,いらっしゃった,,いらっしゃらない,,いらっしゃらなかった,,いらっしゃら,,いらっしゃれば,,いらっしゃれる,,いらっしゃられる,,いらっしゃらせる,,いらっしゃらせられる,,いらっしゃい,,いらっしゃろう,,irregular-override; no-kanji
49,単語,6,めしあがります,召し上がります Ⅰ,吃、喝（「たべます」「のみます」的尊敬語）,Verb,v-daily,I,めしあがる,召し上がる,めしあがる,召し上がる,めしあがります,召し上がります,めしあがります,召し上がります,めしあがりました,召し上がりました,めしあがりません,召し上がりません,めしあがって,召し上がって,めしあがった,召し上がった,めしあがらない,召し上がらない,めしあがらなかった,召し上がらなかった,めしあがら,召し上がら,めしあがれば,召し上がれば,めしあがれる,召し上がれる,めしあがられる,召し上がられる,めしあがらせる,召し上がらせる,めしあがらせられる,召し上がらせられる,めしあがれ,召し上がれ,めしあがろう,召し上がろう,
49,単語,7,おっしゃいます,,說、叫（「いいます」的尊敬語）,Verb,v-communication,I,おっしゃる,,おっしゃる,,おっしゃいます,,おっしゃいます,,おっしゃいました,,おっしゃいません,,おっしゃって,,おっしゃった,,おっしゃらない,,おっしゃらなかった,,おっしゃら,,おっしゃれば,,おっしゃれる,,おっしゃられる,,おっしゃらせる,,おっしゃらせられる,,おっしゃい,,おっしゃろう,,irregular-override; no-kanji
49,単語,8,なさいます,,做（「します」的尊敬語）,Verb,v-other,I,なさる,,なさる,,なさいます,,なさいます,,なさいました,,なさいません,,なさって,,なさった,,なさらない,,なさらなかった,,なさら,,なされば,,なされる,,なさられる,,なさらせる,,なさらせられる,,なさい,,なさろう,,irregular-override; no-kanji
49,単語,9,ごらんに なります,ご覧に なります Ⅰ,看（「みます」的尊敬語）,Verb,v-thinking,I,ごらんになる,ご覧になる,ごらんになる,ご覧になる,ごらんになります,ご覧になります,ごらんになります,ご覧になります,ごらんになりました,ご覧になりました,ごらんになりません,ご覧になりません,ごらんになって,ご覧になって,ごらんになった,ご覧になった,ごらんにならない,ご覧にならない,ごらんにならなかった,ご覧にならなかった,ごらんになら,ご覧になら,ごらんになれば,ご覧になれば,ごらんになれる,ご覧になれる,ごらんになられる,ご覧になられる,ごらんにならせる,ご覧にならせる,ごらんにならせられる,ご覧にならせられる,ごらんになれ,ご覧になれ,ごらんになろう,ご覧になろう,
49,単語,10,ごぞんじです,ご存じです,知道（「しっています」的尊敬語）,Verb,v-thinking,,,,,,,,,,,,,,,,,,,,,,,,,,,,,,,,,,,,,,no-group
49,単語,11,あいさつ,,寒暄、問候（〜を します：寒暄、問候）,Noun,object,,,,,,,,,,,,,,,,,,,,,,,,,,,,,,,,,,,,,,
49,単語,12,りょかん,旅館,旅館,Noun,place,,,,,,,,,,,,,,,,,,,,,,,,,,,,,,,,,,,,,,
49,単語,13,バスてい,バス停,公車站,Noun,place,,,,,,,,,,,,,,,,,,,,,,,,,,,,,,,,,,,,,,
49,単語,14,おくさま,奥様,（別人的）夫人（「おくさん」的尊敬語）,Noun,family,,,,,,,,,,,,,,,,,,,,,,,,,,,,,,,,,,,,,,
49,単語,15,〜さま,〜様,～先生、～女士（「～さん」的尊敬語）,Suffix,function,,,,,,,,,,,,,,,,,,,,,,,,,,,,,,,,,,,,,,
49,単語,16,たまに,,偶爾,Adverb,function,,,,,,,,,,,,,,,,,,,,,,,,,,,,,,,,,,,,,,
49,単語,17,どなたでも,,任何一位都（「だれでも」的尊敬語）,Pronoun,function,,,,,,,,,,,,,,,,,,,,,,,,,,,,,,,,,,,,,,
49,単語,18,〜と いいます,,叫～,Verb,v-communication,I,という,,という,,といいます,,といいます,,といいました,,といいません,,といって,,といった,,といわない,,といわなかった,,といわ,,といえば,,といえる,,といわれる,,といわせる,,といわせられる,,といえ,,といおう,,inferred-group; no-kanji
49,会話,1,…ねん…くみ,…年…組,…年…班,Noun,object,,,,,,,,,,,,,,,,,,,,,,,,,,,,,,,,,,,,,,
49,会話,2,だします [ねつを〜],出します Ⅰ [熱を〜],發〔燒〕,Verb,v-other,I,だす,出す,だす,出す,だします,出します,だします,出します,だしました,出しました,だしません,出しません,だして,出して,だした,出した,ださない,出さない,ださなかった,出さなかった,ださ,出さ,だせば,出せば,だせる,出せる,だされる,出される,ださせる,出させる,ださせられる,出させられる,だせ,出せ,だそう,出そう,
49,会話,3,よろしく おつたえ ください。,よろしく お伝え ください。,請代我問好。,Phrase,expression,,,,,,,,,,,,,,,,,,,,,,,,,,,,,,,,,,,,,,
49,会話,4,しつれいいたします。,失礼いたします。,告辭了。（「しつれいします」的謙讓語）,Verb,v-other,I,しつれいいたす,失礼いたす,しつれいいたす,失礼いたす,しつれいいたします,失礼いたします,しつれいいたします,失礼いたします,しつれいいたしました,失礼いたしました,しつれいいたしません,失礼いたしません,しつれいいたして,失礼いたして,しつれいいたした,失礼いたした,しつれいいたさない,失礼いたさない,しつれいいたさなかった,失礼いたさなかった,しつれいいたさ,失礼いたさ,しつれいいたせば,失礼いたせば,しつれいいたせる,失礼いたせる,しつれいいたされる,失礼いたされる,しつれいいたさせる,失礼いたさせる,しつれいいたさせられる,失礼いたさせられる,しつれいいたせ,失礼いたせ,しつれいいたそう,失礼いたそう,inferred-group
49,会話,5,※ひまわりしょうがっこう,ひまわり小学校,向日葵小學（虛構的小學）,Noun,proper-noun,,,,,,,,,,,,,,,,,,,,,,,,,,,,,,,,,,,,,,
49,読み物,1,けいれき,経歴,經歷,Noun,abstract,,,,,,,,,,,,,,,,,,,,,,,,,,,,,,,,,,,,,,
49,読み物,2,いがくぶ,医学部,醫學系,Noun,language-study,,,,,,,,,,,,,,,,,,,,,,,,,,,,,,,,,,,,,,
49,読み物,3,めざします,目指します Ⅰ,以～為目標,Verb,v-other,I,めざす,目指す,めざす,目指す,めざします,目指します,めざします,目指します,めざしました,目指しました,めざしません,目指しません,めざして,目指して,めざした,目指した,めざさない,目指さない,めざさなかった,目指さなかった,めざさ,目指さ,めざせば,目指せば,めざせる,目指せる,めざされる,目指される,めざさせる,目指させる,めざさせられる,目指させられる,めざせ,目指せ,めざそう,目指そう,
49,読み物,4,すすみます,進みます Ⅰ,升、晉級,Verb,v-other,I,すすむ,進む,すすむ,進む,すすみます,進みます,すすみます,進みます,すすみました,進みました,すすみません,進みません,すすんで,進んで,すすんだ,進んだ,すすまない,進まない,すすまなかった,進まなかった,すすま,進ま,すすめば,進めば,すすめる,進める,すすまれる,進まれる,すすませる,進ませる,すすませられる,進ませられる,すすめ,進め,すすもう,進もう,
49,読み物,5,アイピーエスさいぼう,iPS細胞,iPS細胞,Noun,object,,,,,,,,,,,,,,,,,,,,,,,,,,,,,,,,,,,,,,
49,読み物,6,かいはつします,開発します Ⅲ,開發,Verb,v-other,III,かいはつする,開発する,かいはつする,開発する,かいはつします,開発します,かいはつします,開発します,かいはつしました,開発しました,かいはつしません,開発しません,かいはつして,開発して,かいはつした,開発した,かいはつしない,開発しない,かいはつしなかった,開発しなかった,かいはつし,開発し,かいはつすれば,開発すれば,かいはつできる,開発できる,かいはつされる,開発される,かいはつさせる,開発させる,かいはつさせられる,開発させられる,かいはつしろ,開発しろ,かいはつしよう,開発しよう,irregular-override
49,読み物,7,マウス,,老鼠,Noun,object,,,,,,,,,,,,,,,,,,,,,,,,,,,,,,,,,,,,,,
49,読み物,8,ヒト,,人,Noun,object,,,,,,,,,,,,,,,,,,,,,,,,,,,,,,,,,,,,,,
49,読み物,9,じゅしょうします,受賞します Ⅲ,獲獎,Verb,v-other,III,じゅしょうする,受賞する,じゅしょうする,受賞する,じゅしょうします,受賞します,じゅしょうします,受賞します,じゅしょうしました,受賞しました,じゅしょうしません,受賞しません,じゅしょうして,受賞して,じゅしょうした,受賞した,じゅしょうしない,受賞しない,じゅしょうしなかった,受賞しなかった,じゅしょうし,受賞し,じゅしょうすれば,受賞すれば,じゅしょうできる,受賞できる,じゅしょうされる,受賞される,じゅしょうさせる,受賞させる,じゅしょうさせられる,受賞させられる,じゅしょうしろ,受賞しろ,じゅしょうしよう,受賞しよう,irregular-override
49,読み物,10,こうえんかい,講演会,演講會,Noun,object,,,,,,,,,,,,,,,,,,,,,,,,,,,,,,,,,,,,,,
49,読み物,11,※やまなかしんや,※山中伸弥,山中伸彌（日本的醫生、1962～）,Noun,proper-noun,,,,,,,,,,,,,,,,,,,,,,,,,,,,,,,,,,,,,,
49,読み物,12,※ノーベルしょう,※ノーベル賞,諾貝爾獎,Noun,proper-noun,,,,,,,,,,,,,,,,,,,,,,,,,,,,,,,,,,,,,,
50,単語,1,まいります,参ります Ⅰ,去、來（「いきます」「きます」的謙讓語）,Verb,v-motion,I,まいる,参る,まいる,参る,まいります,参ります,まいります,参ります,まいりました,参りました,まいりません,参りません,まいって,参って,まいった,参った,まいらない,参らない,まいらなかった,参らなかった,まいら,参ら,まいれば,参れば,まいれる,参れる,まいられる,参られる,まいらせる,参らせる,まいらせられる,参らせられる,まいれ,参れ,まいろう,参ろう,
50,単語,2,おります,,在（「います」的謙讓語）,Verb,v-other,I,おる,,おる,,おります,,おります,,おりました,,おりません,,おって,,おった,,おらない,,おらなかった,,おら,,おれば,,おれる,,おられる,,おらせる,,おらせられる,,おれ,,おろう,,no-kanji
50,単語,3,いただきます,,吃、喝、得到（「たべます」「のみます」「もらいます」的謙讓語）,Verb,v-transaction,I,いただく,,いただく,,いただきます,,いただきます,,いただきました,,いただきません,,いただいて,,いただいた,,いただかない,,いただかなかった,,いただか,,いただけば,,いただける,,いただかれる,,いただかせる,,いただかせられる,,いただけ,,いただこう,,no-kanji
50,単語,4,もうします,申します Ⅰ,說、叫（「いいます」的謙讓語）,Verb,v-communication,I,もうす,申す,もうす,申す,もうします,申します,もうします,申します,もうしました,申しました,もうしません,申しません,もうして,申して,もうした,申した,もうさない,申さない,もうさなかった,申さなかった,もうさ,申さ,もうせば,申せば,もうせる,申せる,もうされる,申される,もうさせる,申させる,もうさせられる,申させられる,もうせ,申せ,もうそう,申そう,
50,単語,5,いたします,,做（「します」的謙讓語）,Verb,v-other,I,いたす,,いたす,,いたします,,いたします,,いたしました,,いたしません,,いたして,,いたした,,いたさない,,いたさなかった,,いたさ,,いたせば,,いたせる,,いたされる,,いたさせる,,いたさせられる,,いたせ,,いたそう,,no-kanji
50,単語,6,はいけんします,拝見します Ⅲ,看（「みます」的謙讓語）,Verb,v-thinking,III,はいけんする,拝見する,はいけんする,拝見する,はいけんします,拝見します,はいけんします,拝見します,はいけんしました,拝見しました,はいけんしません,拝見しません,はいけんして,拝見して,はいけんした,拝見した,はいけんしない,拝見しない,はいけんしなかった,拝見しなかった,はいけんし,拝見し,はいけんすれば,拝見すれば,はいけんできる,拝見できる,はいけんされる,拝見される,はいけんさせる,拝見させる,はいけんさせられる,拝見させられる,はいけんしろ,拝見しろ,はいけんしよう,拝見しよう,irregular-override
50,単語,7,ぞんじます,存じます Ⅱ,知道（「しります」的謙讓語）,Verb,v-thinking,II,ぞんじる,存じる,ぞんじる,存じる,ぞんじます,存じます,ぞんじます,存じます,ぞんじました,存じました,ぞんじません,存じません,ぞんじて,存じて,ぞんじた,存じた,ぞんじない,存じない,ぞんじなかった,存じなかった,ぞんじ,存じ,ぞんじれば,存じれば,ぞんじられる,存じられる,ぞんじられる,存じられる,ぞんじさせる,存じさせる,ぞんじさせられる,存じさせられる,ぞんじろ,存じろ,ぞんじよう,存じよう,
50,単語,8,うかがいます,伺います Ⅰ,尋找、聽、訪問（「ききます」「いきます」的謙讓語）,Verb,v-communication,I,うかがう,伺う,うかがう,伺う,うかがいます,伺います,うかがいます,伺います,うかがいました,伺いました,うかがいません,伺いません,うかがって,伺って,うかがった,伺った,うかがわない,伺わない,うかがわなかった,伺わなかった,うかがわ,伺わ,うかがえば,伺えば,うかがえる,伺える,うかがわれる,伺われる,うかがわせる,伺わせる,うかがわせられる,伺わせられる,うかがえ,伺え,うかがおう,伺おう,
50,単語,9,おめに かかります,お目に かかります Ⅰ,見面（「あいます」的謙讓語）,Verb,v-communication,I,おめにかかる,お目にかかる,おめにかかる,お目にかかる,おめにかかります,お目にかかります,おめにかかります,お目にかかります,おめにかかりました,お目にかかりました,おめにかかりません,お目にかかりません,おめにかかって,お目にかかって,おめにかかった,お目にかかった,おめにかからない,お目にかからない,おめにかからなかった,お目にかからなかった,おめにかから,お目にかから,おめにかかれば,お目にかかれば,おめにかかれる,お目にかかれる,おめにかかられる,お目にかかられる,おめにかからせる,お目にかからせる,おめにかからせられる,お目にかからせられる,おめにかかれ,お目にかかれ,おめにかかろう,お目にかかろう,
50,単語,10,いれます [コーヒーを〜],,泡〔咖啡〕,Verb,v-daily,II,いれる,,いれる,,いれます,,いれます,,いれました,,いれません,,いれて,,いれた,,いれない,,いれなかった,,いれ,,いれれば,,いれられる,,いれられる,,いれさせる,,いれさせられる,,いれろ,,いれよう,,no-kanji
50,単語,11,よういします,用意します Ⅲ,準備,Verb,v-other,III,よういする,用意する,よういする,用意する,よういします,用意します,よういします,用意します,よういしました,用意しました,よういしません,用意しません,よういして,用意して,よういした,用意した,よういしない,用意しない,よういしなかった,用意しなかった,よういし,用意し,よういすれば,用意すれば,よういできる,用意できる,よういされる,用意される,よういさせる,用意させる,よういさせられる,用意させられる,よういしろ,用意しろ,よういしよう,用意しよう,irregular-override
50,単語,12,わたくし,私,我（「わたし」的謙讓語）,Pronoun,function,,,,,,,,,,,,,,,,,,,,,,,,,,,,,,,,,,,,,,
50,単語,13,ガイド,,導遊,Noun,occupation,,,,,,,,,,,,,,,,,,,,,,,,,,,,,,,,,,,,,,
50,単語,14,メールアドレス,,電子郵件地址,Noun,communication,,,,,,,,,,,,,,,,,,,,,,,,,,,,,,,,,,,,,,
50,単語,15,スケジュール,,日程、行程,Noun,object,,,,,,,,,,,,,,,,,,,,,,,,,,,,,,,,,,,,,,
50,単語,16,さらいしゅう*,さ来週,下下週,Noun,position,,,,,,,,,,,,,,,,,,,,,,,,,,,,,,,,,,,,,,
50,単語,17,さらいげつ,さ来月,下下個月,Noun,position,,,,,,,,,,,,,,,,,,,,,,,,,,,,,,,,,,,,,,
50,単語,18,さらいねん*,さ来年,後年,Noun,position,,,,,,,,,,,,,,,,,,,,,,,,,,,,,,,,,,,,,,
50,単語,19,はじめに,初めに,首先,Adverb,function,,,,,,,,,,,,,,,,,,,,,,,,,,,,,,,,,,,,,,
50,単語,20,※えどとうきょうはくぶつかん,江戸東京博物館,江戶東京博物館,Noun,proper-noun,,,,,,,,,,,,,,,,,,,,,,,,,,,,,,,,,,,,,,
50,会話,1,きんちょうします,緊張します Ⅲ,緊張,Verb,v-other,III,きんちょうする,緊張する,きんちょうする,緊張する,きんちょうします,緊張します,きんちょうします,緊張します,きんちょうしました,緊張しました,きんちょうしません,緊張しません,きんちょうして,緊張して,きんちょうした,緊張した,きんちょうしない,緊張しない,きんちょうしなかった,緊張しなかった,きんちょうし,緊張し,きんちょうすれば,緊張すれば,きんちょうできる,緊張できる,きんちょうされる,緊張される,きんちょうさせる,緊張させる,きんちょうさせられる,緊張させられる,きんちょうしろ,緊張しろ,きんちょうしよう,緊張しよう,irregular-override
50,会話,2,しょうきん,賞金,獎金,Noun,money-shopping,,,,,,,,,,,,,,,,,,,,,,,,,,,,,,,,,,,,,,
50,会話,3,きりん,,長頸鹿,Noun,animals-plants,,,,,,,,,,,,,,,,,,,,,,,,,,,,,,,,,,,,,,
50,会話,4,ころ,,時候,Noun,time,,,,,,,,,,,,,,,,,,,,,,,,,,,,,,,,,,,,,,
50,会話,5,かないます [ゆめが〜],[夢が〜],實現〔夢想〕,Verb,v-thinking,I,かなう,,かなう,,かないます,,かないます,,かないました,,かないません,,かなって,,かなった,,かなわない,,かなわなかった,,かなわ,,かなえば,,かなえる,,かなわれる,,かなわせる,,かなわせられる,,かなえ,,かなおう,,no-kanji
50,会話,6,おうえんします,応援します Ⅲ,聲援、支持,Verb,v-other,III,おうえんする,応援する,おうえんする,応援する,おうえんします,応援します,おうえんします,応援します,おうえんしました,応援しました,おうえんしません,応援しません,おうえんして,応援して,おうえんした,応援した,おうえんしない,応援しない,おうえんしなかった,応援しなかった,おうえんし,応援し,おうえんすれば,応援すれば,おうえんできる,応援できる,おうえんされる,応援される,おうえんさせる,応援させる,おうえんさせられる,応援させられる,おうえんしろ,応援しろ,おうえんしよう,応援しよう,irregular-override
50,会話,7,こころから,心から,衷心,Adverb,function,,,,,,,,,,,,,,,,,,,,,,,,,,,,,,,,,,,,,,
50,会話,8,かんしゃします,感謝します Ⅲ,感謝,Verb,v-other,III,かんしゃする,感謝する,かんしゃする,感謝する,かんしゃします,感謝します,かんしゃします,感謝します,かんしゃしました,感謝しました,かんしゃしません,感謝しません,かんしゃして,感謝して,かんしゃした,感謝した,かんしゃしない,感謝しない,かんしゃしなかった,感謝しなかった,かんしゃし,感謝し,かんしゃすれば,感謝すれば,かんしゃできる,感謝できる,かんしゃされる,感謝される,かんしゃさせる,感謝させる,かんしゃさせられる,感謝させられる,かんしゃしろ,感謝しろ,かんしゃしよう,感謝しよう,irregular-override
50,読み物,1,おれい,お礼,致謝、感謝（表達謝意的問候）,Noun,object,,,,,,,,,,,,,,,,,,,,,,,,,,,,,,,,,,,,,,
50,読み物,2,おげんきで いらっしゃいますか。,お元気で いらっしゃいますか。,您好嗎？（「おげんきですか」的尊敬語）,Phrase,greeting,,,,,,,,,,,,,,,,,,,,,,,,,,,,,,,,,,,,,,
50,読み物,3,めいわくを かけます,迷惑を かけます Ⅱ,添麻煩,Verb,v-other,II,めいわくをかける,迷惑をかける,めいわくをかける,迷惑をかける,めいわくをかけます,迷惑をかけます,めいわくをかけます,迷惑をかけます,めいわくをかけました,迷惑をかけました,めいわくをかけません,迷惑をかけません,めいわくをかけて,迷惑をかけて,めいわくをかけた,迷惑をかけた,めいわくをかけない,迷惑をかけない,めいわくをかけなかった,迷惑をかけなかった,めいわくをかけ,迷惑をかけ,めいわくをかければ,迷惑をかければ,めいわくをかけられる,迷惑をかけられる,めいわくをかけられる,迷惑をかけられる,めいわくをかけさせる,迷惑をかけさせる,めいわくをかけさせられる,迷惑をかけさせられる,めいわくをかけろ,迷惑をかけろ,めいわくをかけよう,迷惑をかけよう,
50,読み物,4,いかします,生かします Ⅰ,活用、發揮,Verb,v-other,I,いかす,生かす,いかす,生かす,いかします,生かします,いかします,生かします,いかしました,生かしました,いかしません,生かしません,いかして,生かして,いかした,生かした,いかさない,生かさない,いかさなかった,生かさなかった,いかさ,生かさ,いかせば,生かせば,いかせる,生かせる,いかされる,生かされる,いかさせる,生かさせる,いかさせられる,生かさせられる,いかせ,生かせ,いかそう,生かそう,
50,読み物,5,※ミュンヘン,,慕尼黑（德國）,Noun,proper-noun,,,,,,,,,,,,,,,,,,,,,,,,,,,,,,,,,,,,,,
